발생년,발생년월일시,발생분,주야,요일,사망자수,사상자수,중상자수,경상자수,부상신고자수,발생지시도,발생지시군구,사고유형_대분류,사고유형_중분류,사고유형,법규위반_대분류,법규위반,도로형태_대분류,도로형태,가해자_당사자종별_대분류,가해자_당사자종별,피해자_당사자종별_대분류,피해자_당사자종별,발생위치X_UTMK,발생위치Y_UTMK,경도,위도
2018,2018111101,25,야,일,1,1,0,0,0,대구,달서구,차대사람,기타,기타,운전자법규위반,과속,단일로,기타단일로,승용차,승용차,보행자,보행자,1096653.0,1761932.0,128.5703472,35.84915962
2018,2018011215,9,주,금,1,1,0,0,0,대구,달서구,차대사람,기타,기타,운전자법규위반,안전운전 의무 불이행,단일로,기타단일로,화물차,화물차,보행자,보행자,1091881.0,1762553.0,128.5175807,35.85521686
2018,2018052307,30,주,수,1,1,0,0,0,대구,북구,차량단독,기타,기타,운전자법규위반,안전운전 의무 불이행,단일로,기타단일로,화물차,화물차,없음,없음,1092562.0,1767073.0,128.5256468,35.89589912
2018,2018121819,50,야,화,1,1,0,0,0,인천,중구,차대사람,횡단중,횡단중,운전자법규위반,신호위반,교차로,교차로횡단보도내,승용차,승용차,보행자,보행자,923560.0,1941349.0,126.6355721,37.46819868
2018,2018102011,30,주,토,1,1,0,0,0,인천,동구,차대차,측면충돌,측면충돌,운전자법규위반,안전운전 의무 불이행,단일로,기타단일로,이륜차,이륜차,승용차,승용차,924918.0,1942520.0,126.6508082,37.47886391
2018,2018070615,50,주,금,1,1,0,0,0,인천,중구,차량단독,기타,기타,운전자법규위반,안전운전 의무 불이행,단일로,기타단일로,자전거,자전거,없음,없음,910402.0,1943300.0,126.4865561,37.48459954
2018,2018120705,34,야,금,1,1,0,0,0,인천,남구,차대사람,횡단중,횡단중,운전자법규위반,안전운전 의무 불이행,단일로,기타단일로,화물차,화물차,보행자,보행자,924389.0,1941065.0,126.6449751,37.46570728
2018,2018082705,5,야,월,1,4,1,2,0,인천,남구,차대차,기타,기타,운전자법규위반,과속,교차로,교차로부근,승합차,승합차,승용차,승용차,928062.0,1940194.0,126.6865913,37.45815034
2018,2018080109,20,주,수,1,1,0,0,0,인천,남구,차대사람,보도통행중,보도통행중,운전자법규위반,보행자 보호의무 위반,교차로,교차로횡단보도내,승용차,승용차,보행자,보행자,926825.0,1940596.0,126.6725658,37.46167638
2018,2018102422,20,야,수,1,1,0,0,0,인천,부평구,차대사람,기타,기타,운전자법규위반,보행자 보호의무 위반,교차로,교차로횡단보도내,승용차,승용차,보행자,보행자,931425.0,1943167.0,126.7243369,37.48520124
2018,2018111623,0,야,금,1,1,0,0,0,인천,남동구,차대사람,기타,기타,운전자법규위반,안전운전 의무 불이행,단일로,기타단일로,승용차,승용차,보행자,보행자,931768.0,1939840.0,126.7285245,37.45524075
2018,2018111417,38,주,수,1,1,0,0,0,인천,서구,차대사람,횡단중,횡단중,운전자법규위반,안전운전 의무 불이행,교차로,교차로내,승합차,승합차,보행자,보행자,926710.0,1942402.0,126.6710858,37.47794433
2018,2018111507,40,주,목,1,2,1,0,0,인천,서구,차대차,정면충돌,정면충돌,운전자법규위반,안전운전 의무 불이행,교차로,교차로내,승합차,승합차,화물차,화물차,925349.0,1956295.0,126.6542812,37.6030477
2018,2018043006,57,주,월,1,2,1,0,0,인천,계양구,차대차,정면충돌,정면충돌,운전자법규위반,중앙선 침범,단일로,기타단일로,승용차,승용차,화물차,화물차,934048.0,1952684.0,126.7531489,37.57116765
2018,2018101116,55,주,목,1,1,0,0,0,인천,계양구,차대사람,횡단중,횡단중,운전자법규위반,보행자 보호의무 위반,교차로,교차로횡단보도내,승합차,승합차,보행자,보행자,934500.0,1951469.0,126.7583756,37.56024936
2018,2018012822,10,야,일,1,1,0,0,0,인천,강화군,차량단독,기타,기타,운전자법규위반,안전운전 의무 불이행,단일로,기타단일로,화물차,화물차,없음,없음,907842.0,1974482.0,126.4536723,37.76535901
2018,2018021618,15,야,금,1,1,0,0,0,인천,연수구,차량단독,공작물충돌,공작물충돌,운전자법규위반,안전운전 의무 불이행,단일로,기타단일로,승용차,승용차,없음,없음,926185.0,1930347.0,126.6663541,37.36925291
2018,2018042219,54,야,일,1,1,0,0,0,인천,부평구,차대사람,횡단중,횡단중,운전자법규위반,안전운전 의무 불이행,단일로,기타단일로,승합차,승합차,보행자,보행자,932141.0,1943359.0,126.7324173,37.4869846
2018,2018100302,10,야,수,1,9,1,7,0,인천,부평구,차대차,추돌,추돌,운전자법규위반,안전운전 의무 불이행,단일로,기타단일로,승용차,승용차,승용차,승용차,929642.0,1947443.0,126.7037616,37.5236058
2018,2018010622,38,야,토,1,1,0,0,0,경기,화성시,차대차,추돌,추돌,운전자법규위반,안전운전 의무 불이행,단일로,기타단일로,화물차,화물차,화물차,화물차,935276.0,1909658.0,126.7708182,37.18345637
2018,2018122123,17,야,금,1,1,0,0,0,광주,동구,차대차,측면충돌,측면충돌,운전자법규위반,안전거리 미확보,단일로,기타단일로,이륜차,이륜차,승합차,승합차,946682.0,1684501.0,126.9146059,35.15434167
2018,2018060122,50,야,금,1,1,0,0,0,광주,서구,차대사람,횡단중,횡단중,운전자법규위반,안전운전 의무 불이행,단일로,기타단일로,승용차,승용차,보행자,보행자,936911.6,1678871.1,126.8077699,35.10301342
2018,2018081304,50,야,월,1,1,0,0,0,광주,남구,차대사람,횡단중,횡단중,운전자법규위반,신호위반,교차로,교차로횡단보도내,승용차,승용차,보행자,보행자,939359.6,1675146.9,126.8349013,35.0695838
2018,2018022614,53,주,월,1,1,0,0,0,광주,남구,차대사람,횡단중,횡단중,운전자법규위반,안전운전 의무 불이행,교차로,교차로부근,승용차,승용차,보행자,보행자,946337.6,1681734.1,126.9110045,35.12937489
2018,2018101505,40,야,월,1,1,0,0,0,광주,북구,차대사람,횡단중,횡단중,운전자법규위반,안전운전 의무 불이행,단일로,기타단일로,화물차,화물차,보행자,보행자,948126.0,1687451.0,126.9302738,35.18101663
2018,2018101313,20,주,토,1,1,0,0,0,광주,광산구,차대차,측면충돌,측면충돌,운전자법규위반,안전운전 의무 불이행,교차로,교차로내,이륜차,이륜차,화물차,화물차,937683.0,1689880.5,126.8154024,35.20232847
2018,2018061614,40,주,토,1,1,0,0,0,광주,광산구,차량단독,기타,기타,운전자법규위반,안전운전 의무 불이행,교차로,교차로내,승용차,승용차,없음,없음,937319.0,1683424.0,126.8118946,35.14409057
2018,2018042903,33,야,일,1,1,0,0,0,광주,광산구,차대사람,차도통행중,차도통행중,운전자법규위반,안전운전 의무 불이행,기타,기타,승용차,승용차,보행자,보행자,941163.9,1691551.1,126.853521,35.21760168
2018,2018050308,56,주,목,1,1,0,0,0,대전,중구,차량단독,공작물충돌,공작물충돌,운전자법규위반,안전운전 의무 불이행,단일로,지하차도(도로)내,이륜차,이륜차,없음,없음,991834.0,1816710.0,127.4089939,36.3477594
2018,2018020412,15,주,일,1,1,0,0,0,대전,서구,차대사람,횡단중,횡단중,운전자법규위반,안전운전 의무 불이행,단일로,기타단일로,승용차,승용차,보행자,보행자,989920.0,1814344.0,127.387694,36.32641077
2018,2018032501,20,야,일,1,1,0,0,0,대전,대덕구,차대사람,기타,기타,운전자법규위반,안전운전 의무 불이행,단일로,기타단일로,승용차,승용차,보행자,보행자,993041.0,1817918.0,127.4224345,36.3586595
2018,2018110218,45,야,금,1,1,0,0,0,대전,대덕구,차대사람,보도통행중,보도통행중,운전자법규위반,보행자 보호의무 위반,단일로,기타단일로,화물차,화물차,보행자,보행자,991831.0,1818607.0,127.4089406,36.36486158
2018,2018100506,35,주,금,1,1,0,0,0,대전,대덕구,차대사람,횡단중,횡단중,운전자법규위반,안전운전 의무 불이행,단일로,기타단일로,화물차,화물차,보행자,보행자,994875.0,1817276.0,127.4428806,36.35288313
2018,2018121818,55,야,화,1,2,1,0,0,대전,유성구,차대차,기타,기타,운전자법규위반,중앙선 침범,단일로,기타단일로,승용차,승용차,화물차,화물차,980514.0,1818150.0,127.2828026,36.36057884
2018,2018100707,24,주,일,1,1,0,0,0,대전,유성구,차량단독,기타,기타,운전자법규위반,안전운전 의무 불이행,단일로,기타단일로,승용차,승용차,없음,없음,981241.0,1808366.0,127.2911414,36.27238655
2018,2018102218,58,야,월,1,3,0,2,0,대전,유성구,차대차,측면충돌,측면충돌,운전자법규위반,신호위반,교차로,교차로내,승용차,승용차,승합차,승합차,989986.0,1822899.0,127.3883192,36.40353801
2018,2018030923,10,야,금,1,1,0,0,0,울산,북구,차량단독,공작물충돌,공작물충돌,운전자법규위반,안전운전 의무 불이행,교차로,교차로내,화물차,화물차,없음,없음,1168400.0,1733885.0,129.3587052,35.58671011
2018,2018051522,15,야,화,1,3,1,1,0,울산,북구,차대차,측면충돌,측면충돌,운전자법규위반,신호위반,교차로,교차로내,승용차,승용차,승용차,승용차,1168392.0,1729717.0,129.3577494,35.54915014
2018,2018011306,40,주,토,1,1,0,0,0,울산,남구,차대사람,횡단중,횡단중,운전자법규위반,안전운전 의무 불이행,단일로,기타단일로,승용차,승용차,보행자,보행자,1167996.0,1728838.0,129.3532004,35.5412959
2018,2018030606,19,주,화,1,1,0,0,0,경기,의정부시,차대사람,기타,기타,운전자법규위반,안전운전 의무 불이행,단일로,기타단일로,승용차,승용차,보행자,보행자,958797.0,1973214.0,127.0322397,37.75764724
2018,2018072804,25,야,토,1,1,0,0,0,경기,고양시,차대차,추돌,추돌,운전자법규위반,안전운전 의무 불이행,단일로,터널안,화물차,화물차,이륜차,이륜차,941746.0,1961794.0,126.839591,37.65379441
2018,2018100304,32,야,수,1,1,0,0,0,경기,고양시,차대차,측면충돌,측면충돌,운전자법규위반,안전운전 의무 불이행,교차로,교차로내,이륜차,이륜차,승용차,승용차,935859.0,1962561.0,126.772789,37.66031466
2018,2018120611,45,주,목,1,1,0,0,0,경기,남양주시,차대사람,횡단중,횡단중,운전자법규위반,보행자 보호의무 위반,단일로,기타단일로,화물차,화물차,보행자,보행자,970704.0,1957135.0,127.1680589,37.61318248
2018,2018021310,8,주,화,1,1,0,0,0,경기,남양주시,차대사람,기타,기타,운전자법규위반,안전운전 의무 불이행,단일로,기타단일로,화물차,화물차,보행자,보행자,972879.0,1969572.0,127.19224,37.72534735
2018,2018031514,12,주,목,1,4,2,1,0,경기,남양주시,차대차,추돌,추돌,운전자법규위반,안전운전 의무 불이행,단일로,기타단일로,승용차,승용차,화물차,화물차,974033.0,1954257.0,127.2058801,37.587342
2018,2018121416,55,주,금,1,1,0,0,0,경기,남양주시,차대사람,횡단중,횡단중,운전자법규위반,중앙선 침범,교차로,교차로횡단보도내,화물차,화물차,보행자,보행자,969272.0,1956786.0,127.1518484,37.60999007
2018,2018122117,32,주,금,1,2,0,0,1,경기,남양주시,차대차,측면충돌,측면충돌,운전자법규위반,신호위반,교차로,교차로내,이륜차,이륜차,화물차,화물차,967514.0,1962728.0,127.1316661,37.66348649
2018,2018052606,21,주,토,1,3,2,0,0,경기,남양주시,차량단독,도로이탈,도로이탈 추락,운전자법규위반,안전운전 의무 불이행,교차로,교차로부근,화물차,화물차,없음,없음,970272.0,1965909.0,127.1628067,37.6922511
2018,2018120305,50,야,월,1,1,0,0,0,경기,남양주시,차대사람,기타,기타,운전자법규위반,안전운전 의무 불이행,교차로,교차로내,화물차,화물차,보행자,보행자,971532.0,1961985.0,127.1772514,37.65692308
2018,2018090912,35,주,일,1,1,0,0,0,경기,남양주시,차대차,측면충돌,측면충돌,운전자법규위반,교차로 통행방법 위반,교차로,교차로내,승용차,승용차,이륜차,이륜차,988068.0,1962584.0,127.3647134,37.66268606
2018,2018120508,50,주,수,1,1,0,0,0,경기,남양주시,차량단독,공작물충돌,공작물충돌,운전자법규위반,안전운전 의무 불이행,단일로,기타단일로,건설기계,건설기계,없음,없음,980225.0,1957711.0,127.275921,37.61862834
2018,2018101402,0,야,일,1,1,0,0,0,경기,파주시,차량단독,공작물충돌,공작물충돌,운전자법규위반,안전운전 의무 불이행,단일로,기타단일로,이륜차,이륜차,없음,없음,933519.0,1988077.0,126.7439225,37.89011008
2018,2018031208,10,주,월,1,1,0,0,0,경기,양주시,차량단독,공작물충돌,공작물충돌,운전자법규위반,안전운전 의무 불이행,단일로,기타단일로,화물차,화물차,없음,없음,956264.0,1982084.0,127.0029493,37.83747377
2018,2018012923,40,야,월,1,3,1,1,0,경기,양주시,차대차,측면충돌,측면충돌,운전자법규위반,교차로 통행방법 위반,교차로,교차로내,승합차,승합차,승용차,승용차,964110.0,1981640.0,127.0921372,37.8338146
2018,2018100705,45,야,일,1,2,1,0,0,경기,양주시,차량단독,공작물충돌,공작물충돌,운전자법규위반,안전운전 의무 불이행,단일로,기타단일로,승용차,승용차,없음,없음,959911.0,1974943.0,127.0447906,37.77328018
2018,2018021406,45,주,수,1,4,0,3,0,경기,양주시,차대차,측면충돌,측면충돌,운전자법규위반,교차로 통행방법 위반,교차로,교차로내,승용차,승용차,승용차,승용차,963822.0,1978583.0,127.0890172,37.80625065
2018,2018083122,36,야,금,1,1,0,0,0,경기,양주시,차대사람,횡단중,횡단중,운전자법규위반,과속,단일로,기타단일로,승용차,승용차,보행자,보행자,960780.0,1982982.0,127.0542225,37.84577275
2018,2018031918,38,야,월,1,1,0,0,0,경기,구리시,차대차,측면충돌,측면충돌,운전자법규위반,신호위반,교차로,교차로내,이륜차,이륜차,화물차,화물차,967395.0,1955776.0,127.1306272,37.60082197
2018,2018071302,30,야,금,1,1,0,0,0,경기,포천시,차대사람,기타,기타,운전자법규위반,안전운전 의무 불이행,교차로,교차로내,승용차,승용차,보행자,보행자,972213.0,1986144.0,127.184047,37.87469198
2018,2018042609,51,주,목,1,1,0,0,0,경기,포천시,차량단독,전도,전도,운전자법규위반,안전운전 의무 불이행,단일로,기타단일로,건설기계,건설기계,없음,없음,968632.0,1984852.0,127.1433859,37.86293097
2018,2018061012,0,주,일,1,2,0,1,0,경기,포천시,차대차,측면충돌,측면충돌,운전자법규위반,안전운전 의무 불이행,단일로,기타단일로,이륜차,이륜차,이륜차,이륜차,984751.4,1997428.1,127.3263755,37.97669154
2018,2018110912,45,주,금,1,1,0,0,0,경기,포천시,차대차,측면충돌,측면충돌,운전자법규위반,신호위반,교차로,교차로내,승용차,승용차,사륜오토바이(ATV),사륜오토바이(ATV),970097.0,1981815.0,127.1601665,37.83560784
2018,2018070507,26,주,목,1,1,0,0,0,경기,가평군,차대차,기타,기타,운전자법규위반,중앙선 침범,단일로,기타단일로,이륜차,이륜차,화물차,화물차,1000557.0,1983161.0,127.5063311,37.84822964
2018,2018082615,0,주,일,1,7,5,1,0,경기,가평군,차대차,정면충돌,정면충돌,운전자법규위반,중앙선 침범,단일로,기타단일로,승용차,승용차,승용차,승용차,999775.0,1989757.0,127.4974405,37.90768011
2018,2018121808,28,주,화,1,2,1,0,0,경기,고양시,차대차,추돌,추돌,운전자법규위반,안전운전 의무 불이행,단일로,기타단일로,승합차,승합차,화물차,화물차,932279.0,1965086.0,126.7319688,37.68281425
2018,2018102622,56,야,금,1,1,0,0,0,경기,고양시,차량단독,공작물충돌,공작물충돌,운전자법규위반,안전운전 의무 불이행,단일로,기타단일로,승용차,승용차,없음,없음,930869.0,1965566.0,126.7159337,37.68703505
2018,2018021911,20,주,월,1,1,0,0,0,경기,고양시,차량단독,공작물충돌,공작물충돌,운전자법규위반,안전운전 의무 불이행,기타,기타,승용차,승용차,없음,없음,930149.0,1966849.0,126.7076453,37.69854353
2018,2018050304,23,야,목,1,1,0,0,0,서울,중구,차대차,측면충돌,측면충돌,운전자법규위반,안전운전 의무 불이행,교차로,교차로부근,이륜차,이륜차,이륜차,이륜차,956880.0,1951828.0,127.0117417,37.56480489
2018,2018020405,50,야,일,1,1,0,0,0,서울,중구,차대차,추돌,추돌,운전자법규위반,안전운전 의무 불이행,단일로,기타단일로,승용차,승용차,기타,기타,957086.0,1951854.0,127.0140727,37.56504886
2018,2018111304,43,야,화,1,1,0,0,0,서울,중구,차대차,추돌,추돌,운전자법규위반,신호위반,교차로,교차로내,자전거,자전거,화물차,화물차,953467.0,1950667.0,126.9731706,37.55417442
2018,2018112707,28,주,화,1,1,0,0,0,서울,종로구,차대사람,횡단중,횡단중,운전자법규위반,안전운전 의무 불이행,단일로,기타단일로,승합차,승합차,보행자,보행자,953238.0,1952341.0,126.9704712,37.5692509
2018,2018091006,25,주,월,1,3,0,2,0,서울,종로구,차대차,측면충돌,측면충돌,운전자법규위반,안전운전 의무 불이행,단일로,터널안,이륜차,이륜차,승용차,승용차,951441.0,1956827.0,126.9498255,37.6095907
2018,2018050300,41,야,목,1,1,0,0,0,서울,종로구,차대사람,차도통행중,차도통행중,운전자법규위반,신호위반,단일로,기타단일로,승용차,승용차,보행자,보행자,957092.0,1952676.0,127.0140925,37.57245802
2018,2018060909,27,주,토,2,3,1,0,0,서울,용산구,차대차,기타,기타,운전자법규위반,안전운전 의무 불이행,교차로,교차로내,승용차,승용차,이륜차,이륜차,953804.0,1947043.0,126.9772139,37.52152743
2018,2018052810,15,주,월,1,1,0,0,0,서울,용산구,차대사람,횡단중,횡단중,운전자법규위반,신호위반,교차로,교차로횡단보도내,승용차,승용차,보행자,보행자,952998.0,1947943.0,126.9680354,37.52959862
2018,2018020405,26,야,일,1,1,0,0,0,서울,성북구,차대사람,횡단중,횡단중,운전자법규위반,안전운전 의무 불이행,단일로,기타단일로,승용차,승용차,보행자,보행자,956568.0,1954537.0,127.0080483,37.58920703
2018,2018100507,50,주,금,1,1,0,0,0,서울,강북구,차대사람,횡단중,횡단중,운전자법규위반,보행자 보호의무 위반,교차로,교차로내,건설기계,건설기계,보행자,보행자,957914.0,1959460.0,127.0230106,37.63364149
2018,2018031206,5,주,월,1,1,0,0,0,서울,강북구,차대사람,횡단중,횡단중,운전자법규위반,신호위반,단일로,기타단일로,승용차,승용차,보행자,보행자,958596.0,1959618.0,127.030731,37.63509656
2018,2018090302,16,야,월,1,1,0,0,0,서울,동대문구,차대사람,기타,기타,운전자법규위반,안전운전 의무 불이행,교차로,교차로부근,화물차,화물차,보행자,보행자,959707.0,1954136.0,127.0436246,37.58573555
2018,2018120807,50,주,토,1,2,1,0,0,서울,광진구,차대차,정면충돌,정면충돌,운전자법규위반,중앙선 침범,단일로,교량위,승용차,승용차,승용차,승용차,961134.0,1948530.0,127.0600841,37.53526833
2018,2018120117,25,주,토,1,1,0,0,0,서울,광진구,차대차,측면충돌,측면충돌,운전자법규위반,안전운전 의무 불이행,단일로,기타단일로,자전거,자전거,건설기계,건설기계,963435.5,1949696.2,127.0860756,37.54587389
2018,2018100718,42,야,일,1,3,2,0,0,서울,영등포구,차대차,측면충돌,측면충돌,운전자법규위반,중앙선 침범,단일로,기타단일로,승용차,승용차,승합차,승합차,948676.0,1947658.0,126.9191415,37.52679941
2018,2018111719,25,야,토,1,1,0,0,0,서울,영등포구,차대사람,기타,기타,운전자법규위반,보행자 보호의무 위반,교차로,교차로내,화물차,화물차,보행자,보행자,947665.0,1946330.0,126.9077947,37.51477312
2018,2018020402,45,야,일,1,1,0,0,0,서울,영등포구,차대차,측면충돌,측면충돌,운전자법규위반,안전운전 의무 불이행,교차로,교차로내,자전거,자전거,승용차,승용차,948884.0,1947371.0,126.9215154,37.52422418
2018,2018070915,50,주,월,1,1,0,0,0,서울,금천구,차대사람,횡단중,횡단중,운전자법규위반,보행자 보호의무 위반,교차로,교차로횡단보도내,화물차,화물차,보행자,보행자,946953.0,1939692.0,126.9002168,37.45490286
2018,2018031817,52,주,일,1,1,0,0,0,서울,성동구,차량단독,기타,기타,운전자법규위반,안전운전 의무 불이행,단일로,기타단일로,이륜차,이륜차,없음,없음,958684.0,1951628.0,127.0321794,37.56308495
2018,2018010921,32,야,화,1,1,0,0,0,서울,성동구,차대사람,횡단중,횡단중,운전자법규위반,보행자 보호의무 위반,교차로,교차로횡단보도내,화물차,화물차,보행자,보행자,959779.0,1949950.0,127.0446698,37.54800911
2018,2018051219,55,야,토,1,1,0,0,0,서울,중랑구,차대사람,기타,기타,운전자법규위반,안전운전 의무 불이행,교차로,교차로내,승합차,승합차,보행자,보행자,963432.0,1955321.0,127.0857552,37.59657188
2018,2018022501,7,야,일,1,1,0,0,0,서울,중랑구,차대사람,차도통행중,차도통행중,운전자법규위반,안전운전 의무 불이행,단일로,기타단일로,승용차,승용차,보행자,보행자,964483.0,1954701.0,127.0976908,37.59102482
2018,2018083001,35,야,목,1,1,0,0,0,서울,강남구,차대사람,차도통행중,차도통행중,운전자법규위반,과속,교차로,교차로부근,승용차,승용차,보행자,보행자,960781.0,1945457.0,127.0562528,37.50755531
2018,2018102905,20,야,월,1,1,0,0,0,서울,강남구,차대사람,보도통행중,보도통행중,운전자법규위반,안전운전 의무 불이행,단일로,기타단일로,승용차,승용차,보행자,보행자,959710.0,1946601.0,127.0440725,37.51782046
2018,2018050908,0,주,수,1,1,0,0,0,서울,강동구,차대차,기타,기타,운전자법규위반,안전운전 의무 불이행,교차로,교차로내,건설기계,건설기계,자전거,자전거,968603.0,1950860.0,127.1445227,37.55655427
2018,2018042220,35,야,일,1,1,0,0,0,서울,강동구,차대사람,횡단중,횡단중,운전자법규위반,보행자 보호의무 위반,단일로,기타단일로,승용차,승용차,보행자,보행자,967531.0,1948079.0,127.1325088,37.5314508
2018,2018051803,30,야,금,1,1,0,0,0,서울,송파구,차대차,추돌,추돌,운전자법규위반,안전운전 의무 불이행,단일로,기타단일로,승용차,승용차,화물차,화물차,967852.0,1944267.0,127.1363087,37.49710273
2018,2018062511,50,주,월,1,2,0,1,0,서울,송파구,차대사람,길가장자리구역통행중,길가장자리구역통행중,운전자법규위반,기타(운전자법규위반),교차로,교차로부근,승용차,승용차,보행자,보행자,969168.0,1944282.0,127.1511958,37.49728283
2018,2018021720,30,야,토,1,1,0,0,0,서울,구로구,차대사람,횡단중,횡단중,운전자법규위반,안전운전 의무 불이행,단일로,기타단일로,승합차,승합차,보행자,보행자,942229.0,1944896.0,126.8463989,37.50152396
2018,2018091715,45,주,월,1,1,0,0,0,서울,구로구,차대사람,횡단중,횡단중,운전자법규위반,안전운전 의무 불이행,교차로,교차로횡단보도내,승합차,승합차,보행자,보행자,947088.0,1942996.0,126.9015058,37.48469028
2018,2018071620,56,야,월,1,1,0,0,0,서울,구로구,차량단독,공작물충돌,공작물충돌,운전자법규위반,안전운전 의무 불이행,단일로,기타단일로,이륜차,이륜차,없음,없음,943541.0,1943991.0,126.8613111,37.49344829
2018,2018042821,50,야,토,1,1,0,0,0,서울,구로구,차대사람,횡단중,횡단중,운전자법규위반,안전운전 의무 불이행,단일로,기타단일로,승용차,승용차,보행자,보행자,944428.0,1944194.0,126.8713293,37.49533178
2018,2018012605,25,야,금,1,1,0,0,0,서울,구로구,차대사람,횡단중,횡단중,운전자법규위반,안전운전 의무 불이행,단일로,기타단일로,승용차,승용차,보행자,보행자,946450.0,1944086.0,126.8942103,37.49447787
2018,2018052401,45,야,목,1,1,0,0,0,서울,서초구,차대사람,횡단중,횡단중,운전자법규위반,안전운전 의무 불이행,단일로,기타단일로,승용차,승용차,보행자,보행자,957743.0,1945029.0,127.0219047,37.50356347
2018,2018010406,55,주,목,1,1,0,0,0,서울,서초구,차대사람,횡단중,횡단중,운전자법규위반,과속,교차로,교차로부근,승용차,승용차,보행자,보행자,956197.0,1942704.0,127.0045523,37.48253537
2018,2018061402,57,야,목,1,1,0,0,0,서울,양천구,차대차,기타,기타,운전자법규위반,안전운전 의무 불이행,단일로,지하차도(도로)내,이륜차,이륜차,승용차,승용차,941835.0,1946024.0,126.8418524,37.51166595
2018,2018031121,30,야,일,1,1,0,0,0,서울,노원구,차대사람,기타,기타,운전자법규위반,안전운전 의무 불이행,기타,기타,승용차,승용차,보행자,보행자,960631.0,1964719.0,127.0535196,37.68116212
2018,2018100514,10,주,금,1,1,0,0,0,서울,도봉구,차대사람,횡단중,횡단중,운전자법규위반,안전운전 의무 불이행,교차로,교차로부근,승합차,승합차,보행자,보행자,958282.0,1961163.0,127.0270839,37.64900766
2018,2018050917,33,주,수,1,1,0,0,0,서울,도봉구,차대차,기타,기타,운전자법규위반,안전운전 의무 불이행,교차로,교차로부근,자전거,자전거,승용차,승용차,958974.0,1964339.0,127.0347496,37.67766451
2018,2018121109,5,주,화,1,1,0,0,0,서울,은평구,차대사람,기타,기타,운전자법규위반,안전운전 의무 불이행,단일로,기타단일로,승합차,승합차,보행자,보행자,947591.0,1957153.0,126.9061836,37.61231753
2018,2018071314,54,주,금,1,1,0,0,0,서울,은평구,차대차,기타,기타,운전자법규위반,부당한 회전,교차로,교차로횡단보도내,자전거,자전거,승용차,승용차,948966.3,1956621.9,126.9218026,37.60760809
2018,2018100616,18,주,토,1,1,0,0,0,부산,중구,차대사람,횡단중,횡단중,운전자법규위반,안전운전 의무 불이행,단일로,기타단일로,이륜차,이륜차,보행자,보행자,1139001.0,1679604.0,129.0251046,35.10200454
2018,2018051901,42,야,토,1,2,0,1,0,부산,동구,차대사람,횡단중,횡단중,운전자법규위반,보행자 보호의무 위반,단일로,기타단일로,승용차,승용차,보행자,보행자,1142256.0,1683819.0,129.0615315,35.13954369
2018,2018092709,25,주,목,1,1,0,0,0,부산,서구,차대차,정면충돌,정면충돌,운전자법규위반,중앙선 침범,교차로,교차로부근,이륜차,이륜차,승합차,승합차,1138976.0,1679019.0,129.0247322,35.09673475
2018,2018011706,0,주,수,1,1,0,0,0,부산,서구,차대사람,횡단중,횡단중,운전자법규위반,안전운전 의무 불이행,단일로,기타단일로,승용차,승용차,보행자,보행자,1138339.0,1681072.0,129.0180889,35.11532839
2018,2018032815,7,주,수,1,1,0,0,0,부산,남구,차대사람,횡단중,횡단중,운전자법규위반,안전운전 의무 불이행,단일로,기타단일로,특수차,특수차,보행자,보행자,1146893.8,1681693.1,129.1120448,35.11971492
2018,2018012106,35,주,일,1,1,0,0,0,부산,수영구,차대사람,횡단중,횡단중,운전자법규위반,안전운전 의무 불이행,교차로,교차로내,승용차,승용차,보행자,보행자,1147323.0,1685501.0,129.1174322,35.15397522
2018,2018100818,45,야,월,1,1,0,0,0,부산,해운대구,차대사람,횡단중,횡단중,운전자법규위반,안전운전 의무 불이행,단일로,기타단일로,승용차,승용차,보행자,보행자,1151383.0,1686840.0,129.1622353,35.165441
2018,2018060402,28,야,월,1,1,0,0,0,부산,부산진구,차대사람,기타,기타,운전자법규위반,안전운전 의무 불이행,단일로,기타단일로,화물차,화물차,보행자,보행자,1139502.0,1685347.0,129.0315689,35.15370281
2018,2018031415,40,주,수,1,1,0,0,0,부산,강서구,차대차,측면충돌,측면충돌,운전자법규위반,안전운전 의무 불이행,교차로,교차로내,승용차,승용차,자전거,자전거,1129670.1,1678926.3,128.9226499,35.09713995
2018,2018090103,12,야,토,1,1,0,0,0,부산,사상구,차대사람,차도통행중,차도통행중,운전자법규위반,과속,단일로,기타단일로,승용차,승용차,보행자,보행자,1135301.0,1688429.2,128.9859663,35.18206041
2018,2018072422,20,야,화,1,1,0,0,0,부산,기장군,차대사람,기타,기타,운전자법규위반,과속,단일로,기타단일로,승용차,승용차,보행자,보행자,1155730.0,1692665.0,129.2110488,35.21727821