발생년,발생년월일시,발생분,주야,요일,사망자수,사상자수,중상자수,경상자수,부상신고자수,발생지시도,발생지시군구,사고유형_대분류,사고유형_중분류,사고유형,법규위반_대분류,법규위반,도로형태_대분류,도로형태,가해자_당사자종별_대분류,가해자_당사자종별,피해자_당사자종별_대분류,피해자_당사자종별,발생위치X_UTMK,발생위치Y_UTMK,경도,위도
2018,2018053022,0,야,수,1,1,0,0,0,경남,양산시,차대차,추돌,추돌,운전자법규위반,안전운전 의무 불이행,단일로,기타단일로,화물차,화물차,화물차,화물차,1143455.0,1718990.0,129.0808429,35.45638962
2018,2018090511,23,주,수,1,1,0,0,0,울산,울주군,차대차,추돌,추돌,운전자법규위반,안전운전 의무 불이행,단일로,기타단일로,화물차,화물차,화물차,화물차,1154804.0,1731954.0,129.2083328,35.57152746
2018,2018101713,30,주,수,1,6,0,5,0,부산,기장군,차대차,추돌,추돌,운전자법규위반,안전운전 의무 불이행,단일로,기타단일로,화물차,화물차,화물차,화물차,1157066.0,1700000.0,129.2271238,35.28317997
2018,2018110800,20,야,목,1,1,0,0,0,경기,수원시,차대사람,횡단중,횡단중,운전자법규위반,과속,교차로,교차로내,승용차,승용차,보행자,보행자,956452.0,1921624.0,127.0086779,37.29254274
2018,2018111319,25,야,화,1,1,0,0,0,경기,성남시,차대차,측면충돌,측면충돌,운전자법규위반,신호위반,교차로,교차로내,이륜차,이륜차,승용차,승용차,968374.0,1940719.0,127.1423664,37.46514079
2018,2018022710,40,주,화,1,1,0,0,0,경기,평택시,차대사람,횡단중,횡단중,운전자법규위반,안전운전 의무 불이행,교차로,교차로횡단보도내,화물차,화물차,보행자,보행자,957458.0,1891110.0,127.0217631,37.01753985
2018,2018021616,15,주,금,1,2,1,0,0,경기,평택시,차대차,기타,기타,운전자법규위반,과속,단일로,기타단일로,승용차,승용차,승용차,승용차,956770.0,1903463.0,127.0133181,37.12885828
2018,2018081620,50,야,목,1,1,0,0,0,경기,평택시,차대사람,횡단중,횡단중,운전자법규위반,안전운전 의무 불이행,교차로,교차로횡단보도내,화물차,화물차,보행자,보행자,966299.0,1888147.0,127.1212797,36.99118958
2018,2018062706,0,주,수,1,1,0,0,0,경기,평택시,차대차,정면충돌,정면충돌,운전자법규위반,중앙선 침범,단일로,기타단일로,화물차,화물차,승용차,승용차,947214.0,1879616.0,126.9074136,36.91341304
2018,2018083002,0,야,목,1,1,0,0,0,경기,평택시,차대사람,기타,기타,운전자법규위반,안전운전 의무 불이행,단일로,기타단일로,승용차,승용차,보행자,보행자,952545.0,1894805.0,126.9663025,37.05061112
2018,2018121920,12,야,수,1,1,0,0,0,경기,평택시,차대차,측면충돌,측면충돌,운전자법규위반,신호위반,교차로,교차로내,승용차,승용차,이륜차,이륜차,966688.0,1888224.0,127.1256476,36.99189754
2018,2018120510,20,주,수,1,1,0,0,0,경기,평택시,차대차,기타,기타,운전자법규위반,부당한 회전,단일로,기타단일로,화물차,화물차,화물차,화물차,943335.0,1890100.0,126.8630829,37.00768992
2018,2018110506,12,주,월,1,1,0,0,0,경기,안양시,차대사람,횡단중,횡단중,운전자법규위반,안전운전 의무 불이행,교차로,교차로횡단보도내,승용차,승용차,보행자,보행자,951918.0,1933692.0,126.9567428,37.40109421
2018,2018122616,10,주,수,1,1,0,0,0,경기,안양시,차대차,측면충돌,측면충돌,운전자법규위반,부당한 회전,교차로,교차로부근,자전거,자전거,승합차,승합차,952235.0,1933135.0,126.9603603,37.39609014
2018,2018112618,10,야,월,1,1,0,0,0,경기,이천시,차대사람,횡단중,횡단중,운전자법규위반,안전운전 의무 불이행,교차로,교차로내,화물차,화물차,보행자,보행자,990892.0,1913244.0,127.3973416,37.21798035
2018,2018090116,50,주,토,1,1,0,0,0,경기,이천시,차대사람,기타,기타,운전자법규위반,안전운전 의무 불이행,단일로,기타단일로,승용차,승용차,보행자,보행자,989272.0,1911622.0,127.3791056,37.20334226
2018,2018020603,30,야,화,1,1,0,0,0,경기,이천시,차량단독,공작물충돌,공작물충돌,운전자법규위반,안전운전 의무 불이행,단일로,기타단일로,승합차,승합차,없음,없음,996687.0,1923224.0,127.4626139,37.30797894
2018,2018012408,0,주,수,1,2,0,1,0,경기,이천시,차대차,추돌,추돌,운전자법규위반,안전운전 의무 불이행,교차로,교차로부근,화물차,화물차,화물차,화물차,1010295.0,1901840.0,127.6158803,37.11517055
2018,2018032218,2,야,목,1,1,0,0,0,경기,광주시,차대차,추돌,추돌,운전자법규위반,안전운전 의무 불이행,단일로,교량위,건설기계,건설기계,자전거,자전거,978792.0,1934981.0,127.2603392,37.41371811
2018,2018101618,48,야,화,1,1,0,0,0,경기,광주시,차대사람,횡단중,횡단중,운전자법규위반,안전운전 의무 불이행,단일로,기타단일로,승용차,승용차,보행자,보행자,981113.0,1941327.0,127.286405,37.47096926
2018,2018041023,30,야,화,1,3,2,0,0,경기,여주시,차대차,측면충돌,측면충돌,운전자법규위반,안전운전 의무 불이행,단일로,기타단일로,승용차,승용차,승용차,승용차,1007033.0,1922287.0,127.5793561,37.29951215
2018,2018083100,2,야,금,1,1,0,0,0,경기,여주시,차대사람,횡단중,횡단중,운전자법규위반,과속,교차로,교차로부근,승용차,승용차,보행자,보행자,1012216.0,1918833.0,127.637781,37.26832424
2018,2018071920,31,야,목,1,1,0,0,0,경기,용인시,차대사람,횡단중,횡단중,운전자법규위반,안전운전 의무 불이행,교차로,교차로내,승용차,승용차,보행자,보행자,975412.0,1923257.0,127.2225333,37.30795704
2018,2018103015,2,주,화,1,1,0,0,0,경기,용인시,차대차,추돌,추돌,운전자법규위반,안전운전 의무 불이행,교차로,교차로내,건설기계,건설기계,승용차,승용차,974167.0,1915231.0,127.2087629,37.23557771
2018,2018020722,55,야,수,1,2,0,1,0,경기,김포시,차대차,추돌,추돌,운전자법규위반,안전운전 의무 불이행,단일로,기타단일로,승용차,승용차,화물차,화물차,925047.0,1963382.0,126.650133,37.66689449
2018,2018060107,50,주,금,1,1,0,0,0,경기,김포시,차대사람,기타,기타,운전자법규위반,보행자 보호의무 위반,교차로,교차로횡단보도내,승용차,승용차,보행자,보행자,926323.0,1960296.0,126.6649112,37.63918535
2018,2018080710,30,주,화,1,1,0,0,0,경기,김포시,차대차,기타,기타,운전자법규위반,안전운전 의무 불이행,단일로,기타단일로,화물차,화물차,이륜차,이륜차,918948.0,1957517.0,126.5816372,37.61351888
2018,2018122719,54,야,목,1,1,0,0,0,경기,김포시,차대사람,차도통행중,차도통행중,운전자법규위반,안전거리 미확보,교차로,교차로부근,특수차,특수차,보행자,보행자,925891.0,1962930.0,126.6597478,37.66288942
2018,2018091708,55,주,월,1,1,0,0,0,경기,김포시,차대사람,기타,기타,운전자법규위반,안전운전 의무 불이행,교차로,교차로내,이륜차,이륜차,보행자,보행자,929945.0,1959099.0,126.7060757,37.62868071
2018,2018090518,30,야,수,1,1,0,0,0,경기,김포시,차대차,기타,기타,운전자법규위반,안전운전 의무 불이행,교차로,교차로내,이륜차,이륜차,화물차,화물차,916886.0,1966990.0,126.5571976,37.69870738
2018,2018122918,50,야,토,1,2,0,1,0,경기,양평군,차대차,기타,기타,운전자법규위반,안전거리 미확보,단일로,기타단일로,화물차,화물차,건설기계,건설기계,1000274.0,1944676.0,127.5031,37.50134911
2018,2018121905,39,야,수,1,1,0,0,0,경기,양평군,차대차,기타,기타,운전자법규위반,안전운전 의무 불이행,단일로,기타단일로,승용차,승용차,화물차,화물차,988982.0,1946812.0,127.3753139,37.52053649
2018,2018090923,10,야,일,1,1,0,0,0,경기,부천시,차대사람,기타,기타,운전자법규위반,안전운전 의무 불이행,교차로,교차로부근,승용차,승용차,보행자,보행자,936475.0,1942475.0,126.7815137,37.47932545
2018,2018070707,10,주,토,1,1,0,0,0,경기,오산시,차대사람,보도통행중,보도통행중,운전자법규위반,안전운전 의무 불이행,교차로,교차로부근,승용차,승용차,보행자,보행자,960558.0,1906932.0,127.0557792,37.16029503
2018,2018092723,39,야,목,1,1,0,0,0,경기,화성시,차량단독,공작물충돌,공작물충돌,운전자법규위반,안전운전 의무 불이행,단일로,기타단일로,이륜차,이륜차,없음,없음,957827.0,1911880.0,127.0247426,37.20477624
2018,2018030722,20,야,수,1,1,0,0,0,경기,화성시,차대사람,횡단중,횡단중,운전자법규위반,안전운전 의무 불이행,단일로,기타단일로,승합차,승합차,보행자,보행자,961991.0,1914337.0,127.0715412,37.22710223
2018,2018082222,38,야,수,1,1,0,0,0,경기,부천시,차대차,추돌,추돌,운전자법규위반,안전운전 의무 불이행,단일로,기타단일로,화물차,화물차,화물차,화물차,936383.0,1945972.0,126.7801708,37.51083745
2018,2018102000,11,야,토,1,2,1,0,0,경기,부천시,차대사람,횡단중,횡단중,운전자법규위반,신호위반,교차로,교차로횡단보도내,승용차,승용차,보행자,보행자,935213.0,1943944.0,126.7671118,37.49247782
2018,2018121107,50,주,화,1,1,0,0,0,경기,부천시,차대사람,횡단중,횡단중,운전자법규위반,과속,단일로,기타단일로,승용차,승용차,보행자,보행자,934370.0,1944450.0,126.7575312,37.49697881
2018,2018122922,0,야,토,1,1,0,0,0,경기,부천시,차대차,후진중충돌,후진중충돌,운전자법규위반,안전운전 의무 불이행,교차로,교차로내,승용차,승용차,승용차,승용차,937206.0,1944499.0,126.7896082,37.49761773
2018,2018021001,6,야,토,1,1,0,0,0,경기,광명시,차대사람,횡단중,횡단중,운전자법규위반,안전운전 의무 불이행,단일로,기타단일로,화물차,화물차,보행자,보행자,944710.0,1940222.0,126.8748176,37.45954843
2018,2018031513,50,주,목,1,1,0,0,0,경기,광명시,차대차,측면충돌,측면충돌,운전자법규위반,신호위반,교차로,교차로내,이륜차,이륜차,승용차,승용차,946311.0,1939365.0,126.8929822,37.45191848
2018,2018103018,28,야,화,1,1,0,0,0,경기,안산시,차대사람,횡단중,횡단중,운전자법규위반,보행자 보호의무 위반,교차로,교차로내,승용차,승용차,보행자,보행자,935003.0,1926730.0,126.7662516,37.33731234
2018,2018070407,40,주,수,1,1,0,0,0,경기,안산시,차대사람,차도통행중,차도통행중,운전자법규위반,과속,교차로,교차로내,승용차,승용차,보행자,보행자,940260.0,1928830.0,126.8254244,37.35659338
2018,2018051108,58,주,금,1,2,1,0,0,경기,안산시,차대차,측면충돌,측면충돌,운전자법규위반,신호위반,교차로,교차로내,이륜차,이륜차,승합차,승합차,939912.0,1924293.0,126.8218628,37.31567764
2018,2018020319,18,야,토,1,1,0,0,0,경기,안산시,차대차,추돌,추돌,운전자법규위반,안전운전 의무 불이행,교차로,교차로부근,승용차,승용차,화물차,화물차,940628.0,1925817.0,126.8298209,37.32945997
2018,2018013114,15,주,수,1,2,0,0,1,경기,안산시,차대차,추돌,추돌,운전자법규위반,안전운전 의무 불이행,단일로,기타단일로,화물차,화물차,화물차,화물차,932346.0,1924228.0,126.7364874,37.31457167
2018,2018010608,40,주,토,1,2,1,0,0,경기,안산시,차량단독,공작물충돌,공작물충돌,운전자법규위반,안전운전 의무 불이행,단일로,기타단일로,승용차,승용차,없음,없음,937731.0,1924289.0,126.7972506,37.31549798
2018,2018091814,41,주,화,1,1,0,0,0,경기,수원시,차대차,측면충돌,측면충돌,운전자법규위반,안전운전 의무 불이행,교차로,교차로횡단보도내,자전거,자전거,승용차,승용차,957216.0,1917002.0,127.0175632,37.25091691
2018,2018100905,44,야,화,1,1,0,0,0,경기,수원시,차대사람,횡단중,횡단중,운전자법규위반,안전운전 의무 불이행,교차로,교차로횡단보도내,승용차,승용차,보행자,보행자,960355.0,1916424.0,127.0529887,37.24584586
2018,2018091120,45,야,화,1,1,0,0,0,경기,수원시,차대사람,횡단중,횡단중,운전자법규위반,과속,교차로,교차로내,승용차,승용차,보행자,보행자,961414.0,1917903.0,127.0648523,37.25922172
2018,2018020420,20,야,일,1,1,0,0,0,경기,수원시,차대사람,기타,기타,운전자법규위반,과속,단일로,기타단일로,승용차,승용차,보행자,보행자,956935.0,1917142.0,127.0143867,37.25216587
2018,2018012104,36,야,일,1,1,0,0,0,경기,성남시,차대사람,기타,기타,운전자법규위반,과속,단일로,기타단일로,승용차,승용차,보행자,보행자,967959.0,1937464.0,127.1378151,37.43578735
2018,2018030401,43,야,일,1,2,0,1,0,경기,성남시,차대사람,기타,기타,운전자법규위반,안전운전 의무 불이행,단일로,기타단일로,승용차,승용차,보행자,보행자,968963.0,1936684.0,127.1491967,37.42879097
2018,2018091600,45,야,일,1,3,1,0,1,경기,성남시,차대사람,기타,기타,운전자법규위반,안전운전 의무 불이행,단일로,기타단일로,승용차,승용차,보행자,보행자,965619.0,1932546.0,127.1115937,37.39137451
2018,2018060612,27,주,수,1,1,0,0,0,경기,시흥시,차대차,추돌,추돌,운전자법규위반,안전운전 의무 불이행,단일로,기타단일로,승용차,승용차,승합차,승합차,933504.0,1927198.0,126.7492887,37.34142434
2018,2018052923,36,야,화,1,1,0,0,0,경기,시흥시,차대사람,기타,기타,운전자법규위반,안전운전 의무 불이행,단일로,기타단일로,승용차,승용차,보행자,보행자,932599.0,1930739.0,126.7387502,37.37327441
2018,2018111709,5,주,토,1,1,0,0,0,경기,시흥시,차대차,측면충돌,측면충돌,운전자법규위반,안전운전 의무 불이행,단일로,기타단일로,자전거,자전거,건설기계,건설기계,932113.0,1930101.0,126.7333201,37.36748862
2018,2018012021,42,야,토,1,1,0,0,0,경기,안산시,차량단독,공작물충돌,공작물충돌,운전자법규위반,안전운전 의무 불이행,단일로,기타단일로,승합차,승합차,없음,없음,942980.0,1920211.0,126.8567988,37.27907827
2018,2018021212,20,주,월,1,9,2,5,1,서울,서초구,차대차,추돌,추돌,운전자법규위반,안전운전 의무 불이행,단일로,기타단일로,승합차,승합차,승합차,승합차,960998.0,1938197.0,127.0590926,37.44212696
2018,2018012609,45,주,금,1,1,0,0,0,경기,의왕시,차량단독,기타,기타,운전자법규위반,안전운전 의무 불이행,단일로,기타단일로,화물차,화물차,없음,없음,956483.0,1932405.0,127.0083946,37.38971957
2018,2018042015,0,주,금,2,3,1,0,0,경기,평택시,차대차,추돌,추돌,운전자법규위반,안전운전 의무 불이행,단일로,기타단일로,승용차,승용차,승용차,승용차,943883.0,1889777.0,126.8692661,37.00481133
2018,2018042807,37,주,토,1,5,4,0,0,경기,용인시,차대차,기타,기타,운전자법규위반,안전운전 의무 불이행,단일로,기타단일로,승용차,승용차,승합차,승합차,980836.0,1915758.0,127.283934,37.24048912
2018,2018020719,55,야,수,1,3,0,0,2,서울,강동구,차대차,추돌,추돌,운전자법규위반,안전운전 의무 불이행,단일로,기타단일로,화물차,화물차,불명,불명,970677.7,1952482.3,127.1679473,37.57124512
2018,2018113005,40,야,금,1,5,0,0,4,경기,평택시,차대차,추돌,추돌,운전자법규위반,안전거리 미확보,단일로,기타단일로,화물차,화물차,화물차,화물차,954079.0,1892752.0,126.9836792,37.03218173
2018,2018102010,20,주,토,1,1,0,0,0,경기,화성시,차대차,측면충돌,측면충돌,운전자법규위반,신호위반,교차로,교차로내,원동기장치자전거,원동기장치자전거,화물차,화물차,949459.0,1907186.0,126.9307631,37.16205006
2018,2018092817,45,주,금,1,1,0,0,0,경기,화성시,차량단독,공작물충돌,공작물충돌,운전자법규위반,안전운전 의무 불이행,단일로,기타단일로,이륜차,이륜차,없음,없음,947230.0,1904362.0,126.9058585,37.13647208
2018,2018011015,53,주,수,1,3,0,2,0,경기,화성시,차대차,정면충돌,정면충돌,운전자법규위반,중앙선 침범,단일로,기타단일로,승용차,승용차,승합차,승합차,952991.0,1903253.0,126.970789,37.12678309
2018,2018032513,0,주,일,1,1,0,0,0,경기,화성시,차량단독,전복,전복,운전자법규위반,안전운전 의무 불이행,단일로,기타단일로,농기계,농기계,없음,없음,930632.0,1916943.0,126.7178254,37.24878444
2018,2018061210,17,주,화,1,1,0,0,0,경기,화성시,차대사람,차도통행중,차도통행중,운전자법규위반,안전운전 의무 불이행,교차로,교차로부근,특수차,특수차,보행자,보행자,943303.0,1901255.0,126.8618817,37.10823672
2018,2018032612,55,주,월,1,3,2,0,0,경기,화성시,차대차,기타,기타,운전자법규위반,안전운전 의무 불이행,기타,기타,화물차,화물차,승용차,승용차,939959.0,1902417.0,126.8241546,37.11850204
2018,2018050211,35,주,수,1,2,1,0,0,경기,화성시,차대차,정면충돌,정면충돌,운전자법규위반,중앙선 침범,교차로,교차로내,화물차,화물차,화물차,화물차,939187.0,1917251.0,126.8142574,37.25215846
2018,2018111018,10,야,토,1,1,0,0,0,경기,안양시,차대사람,횡단중,횡단중,운전자법규위반,안전운전 의무 불이행,단일로,기타단일로,승용차,승용차,보행자,보행자,948301.0,1934207.0,126.9158417,37.40554126
2018,2018030910,28,주,금,1,1,0,0,0,경기,안양시,차대사람,차도통행중,차도통행중,운전자법규위반,안전운전 의무 불이행,교차로,교차로부근,화물차,화물차,보행자,보행자,950178.0,1931376.0,126.9372402,37.38012722
2018,2018052914,5,주,화,1,1,0,0,0,경기,용인시,차대사람,횡단중,횡단중,운전자법규위반,신호위반,교차로,교차로내,승합차,승합차,보행자,보행자,963140.0,1923562.0,127.0840358,37.31030051
2018,2018022615,12,주,월,1,1,0,0,0,강원,춘천시,차대차,측면충돌,측면충돌,운전자법규위반,신호위반,교차로,교차로내,자전거,자전거,승용차,승용차,1020557.3,1984536.7,127.7337024,37.86039725
2018,2018072915,17,주,일,1,1,0,0,0,강원,춘천시,차량단독,전도,전도,운전자법규위반,안전운전 의무 불이행,단일로,기타단일로,이륜차,이륜차,없음,없음,1024541.9,1973152.5,127.7786145,37.75769185
2018,2018092520,15,야,화,1,2,0,1,0,강원,춘천시,차대사람,횡단중,횡단중,운전자법규위반,안전운전 의무 불이행,단일로,기타단일로,승용차,승용차,보행자,보행자,1024047.9,1978357.7,127.773179,37.80462014
2018,2018102704,50,야,토,1,2,0,0,1,강원,원주시,차대차,추돌,추돌,운전자법규위반,안전운전 의무 불이행,단일로,기타단일로,승용차,승용차,화물차,화물차,1034065.0,1910159.0,127.88381,37.1895946
2018,2018041405,10,야,토,1,1,0,0,0,강원,원주시,차량단독,기타,기타,운전자법규위반,안전운전 의무 불이행,교차로,교차로부근,이륜차,이륜차,없음,없음,1040642.0,1927629.0,127.9588656,37.34680128
2018,2018031802,10,야,일,2,2,0,0,0,강원,원주시,차대사람,횡단중,횡단중,운전자법규위반,보행자 보호의무 위반,단일로,기타단일로,승용차,승용차,보행자,보행자,1030233.0,1923970.0,127.8411966,37.31421738
2018,2018042801,17,야,토,1,1,0,0,0,강원,원주시,차량단독,공작물충돌,공작물충돌,운전자법규위반,안전운전 의무 불이행,교차로,교차로내,승용차,승용차,없음,없음,1040895.0,1935358.0,127.9621493,37.41645592
2018,2018062808,0,주,목,1,1,0,0,0,강원,양양군,차대사람,횡단중,횡단중,운전자법규위반,안전운전 의무 불이행,단일로,기타단일로,승용차,승용차,보행자,보행자,1096184.0,2004824.0,128.5960782,38.03836835
2018,2018011813,20,주,목,1,1,0,0,0,강원,삼척시,차량단독,공작물충돌,공작물충돌,운전자법규위반,안전운전 의무 불이행,단일로,기타단일로,사륜오토바이(ATV),사륜오토바이(ATV),없음,없음,1160465.0,1912072.0,129.3079768,37.19366184
2018,2018122709,20,주,목,1,1,0,0,0,강원,삼척시,차대사람,기타,기타,운전자법규위반,안전운전 의무 불이행,단일로,기타단일로,승용차,승용차,보행자,보행자,1147390.0,1939432.0,129.1661526,37.44233551
2018,2018110110,10,주,목,1,1,0,0,0,강원,삼척시,차대차,측면충돌,측면충돌,운전자법규위반,안전운전 의무 불이행,교차로,교차로부근,승용차,승용차,자전거,자전거,1147527.0,1940965.0,129.1680074,37.45612588
2018,2018061115,0,주,월,1,1,0,0,0,강원,영월군,차대차,기타,기타,운전자법규위반,안전운전 의무 불이행,단일로,기타단일로,특수차,특수차,이륜차,이륜차,1070665.0,1917750.0,128.2968745,37.25596057
2018,2018062115,20,주,목,1,1,0,0,0,강원,홍천군,차대차,정면충돌,정면충돌,운전자법규위반,중앙선 침범,단일로,기타단일로,승용차,승용차,화물차,화물차,1040340.0,1972060.1,127.9578992,37.74728562
2018,2018111314,19,주,화,1,1,0,0,0,강원,평창군,차대사람,기타,기타,운전자법규위반,안전운전 의무 불이행,단일로,기타단일로,승합차,승합차,보행자,보행자,1081380.8,1940956.1,128.4202515,37.46423573
2018,2018122017,55,주,목,4,5,1,0,0,강원,화천군,차량단독,도로이탈,도로이탈 기타,운전자법규위반,과속,단일로,기타단일로,승용차,승용차,없음,없음,1021341.0,2017694.0,127.7435986,38.15921946
2018,2018011221,56,야,금,1,1,0,0,0,강원,정선군,차대사람,횡단중,횡단중,운전자법규위반,안전운전 의무 불이행,단일로,기타단일로,승용차,승용차,보행자,보행자,1107645.0,1925466.0,128.7149372,37.32195634
2018,2018042818,45,야,토,1,1,0,0,0,강원,횡성군,차량단독,도로이탈,도로이탈 추락,운전자법규위반,안전운전 의무 불이행,단일로,기타단일로,농기계,농기계,없음,없음,1065874.0,1945958.0,128.2453641,37.51055288
2018,2018041814,59,주,수,1,1,0,0,0,강원,횡성군,차량단독,공작물충돌,공작물충돌,운전자법규위반,안전운전 의무 불이행,단일로,기타단일로,농기계,농기계,없음,없음,1060636.0,1943700.0,128.185914,37.4905606
2018,2018031410,20,주,수,2,3,1,0,0,강원,인제군,차대차,측면충돌,측면충돌,운전자법규위반,신호위반,교차로,교차로내,화물차,화물차,승용차,승용차,1072411.0,2021900.0,128.3269334,38.19446706
2018,2018051817,7,주,금,1,1,0,0,0,강원,철원군,차대차,측면충돌,측면충돌,운전자법규위반,직진 및 우회전차의 통행방해,교차로,교차로내,승용차,승용차,자전거,자전거,983156.8,2016375.6,127.3077728,38.1474325
2018,2018060206,50,주,토,1,1,0,0,0,강원,철원군,차대사람,횡단중,횡단중,운전자법규위반,안전운전 의무 불이행,단일로,기타단일로,화물차,화물차,보행자,보행자,975966.4,2022945.3,127.2254892,38.20647912
2018,2018102614,0,주,금,1,1,0,0,0,충북,단양군,차대차,추돌,추돌,운전자법규위반,안전운전 의무 불이행,기타,기타,승용차,승용차,화물차,화물차,1069998.0,1891227.0,128.2868738,37.01694942
2018,2018010701,48,야,일,1,1,0,0,0,강원,횡성군,차량단독,전도,전도,운전자법규위반,안전운전 의무 불이행,단일로,기타단일로,승용차,승용차,없음,없음,1054980.9,1941375.3,128.1217735,37.46996178
2018,2018101615,45,주,화,1,2,0,1,0,강원,평창군,차대차,기타,기타,운전자법규위반,안전운전 의무 불이행,단일로,기타단일로,승용차,승용차,화물차,화물차,1107514.1,1964711.4,128.7191974,37.6756366
2018,2018041004,25,야,화,1,1,0,0,0,충북,청주시,차량단독,기타,기타,운전자법규위반,안전운전 의무 불이행,단일로,기타단일로,이륜차,이륜차,없음,없음,997503.0,1848613.0,127.4720691,36.63540276
2018,2018061522,58,야,금,1,3,2,0,0,충북,청주시,차량단독,기타,기타,운전자법규위반,신호위반,교차로,교차로부근,화물차,화물차,없음,없음,998959.0,1850893.0,127.4883525,36.65595959
2018,2018121206,5,주,수,1,1,0,0,0,충북,청주시,차대사람,기타,기타,운전자법규위반,안전운전 의무 불이행,단일로,기타단일로,승용차,승용차,보행자,보행자,998552.0,1852527.0,127.4837956,36.67068947
2018,2018050220,50,야,수,1,2,0,1,0,충북,충주시,차대차,기타,기타,운전자법규위반,신호위반,교차로,교차로내,이륜차,이륜차,승용차,승용차,1029020.0,1886123.0,127.8260398,36.97310078
2018,2018090710,0,주,금,1,1,0,0,0,충북,충주시,차대사람,기타,기타,운전자법규위반,안전운전 의무 불이행,단일로,기타단일로,승용차,승용차,보행자,보행자,1034160.0,1902540.0,127.8845324,37.12091355
2018,2018052115,35,주,월,1,2,0,0,1,충북,충주시,차량단독,기타,기타,운전자법규위반,안전운전 의무 불이행,단일로,기타단일로,승용차,승용차,없음,없음,1043535.0,1871850.0,127.9882907,36.84388073
2018,2018111023,10,야,토,1,2,1,0,0,충북,제천시,차대차,측면충돌,측면충돌,운전자법규위반,신호위반,교차로,교차로내,승용차,승용차,승용차,승용차,1062725.0,1904542.0,128.2062335,37.13747977
2018,2018121718,0,야,월,1,1,0,0,0,충북,괴산군,차대차,정면충돌,정면충돌,운전자법규위반,중앙선 침범,단일로,기타단일로,이륜차,이륜차,승합차,승합차,1023964.0,1869938.0,127.7687242,36.82734379
2018,2018121503,0,야,토,1,2,0,1,0,충북,음성군,차대차,기타,기타,운전자법규위반,중앙선 침범,단일로,기타단일로,승용차,승용차,승용차,승용차,1003749.8,1891601.9,127.5421566,37.02293013
2018,2018081712,40,주,금,1,2,0,1,0,충북,음성군,차대차,정면충돌,정면충돌,운전자법규위반,중앙선 침범,단일로,기타단일로,화물차,화물차,화물차,화물차,998939.0,1886063.0,127.4880797,36.97300698
2018,2018052716,7,주,일,1,1,0,0,0,충북,음성군,차량단독,공작물충돌,공작물충돌,운전자법규위반,안전운전 의무 불이행,단일로,기타단일로,이륜차,이륜차,없음,없음,1013519.0,1902324.0,127.6521782,37.11949241
2018,2018040623,56,야,금,1,1,0,0,0,충북,옥천군,차량단독,공작물충돌,공작물충돌,운전자법규위반,안전운전 의무 불이행,단일로,기타단일로,승용차,승용차,없음,없음,1022579.0,1815959.0,127.7516092,36.34075861
2018,2018040317,15,주,화,1,1,0,0,0,충북,진천군,차대차,기타,기타,운전자법규위반,직진 및 우회전차의 통행방해,교차로,교차로내,농기계,농기계,원동기장치자전거,원동기장치자전거,1003639.0,1864868.0,127.5407825,36.7819358
2018,2018121010,6,주,월,1,1,0,0,0,충북,진천군,차량단독,공작물충돌,공작물충돌,운전자법규위반,안전운전 의무 불이행,단일로,기타단일로,화물차,화물차,없음,없음,994249.0,1875458.0,127.4354681,36.87739082
2018,2018061022,0,야,일,1,1,0,0,0,충북,청주시,차대사람,횡단중,횡단중,운전자법규위반,안전운전 의무 불이행,단일로,기타단일로,승용차,승용차,보행자,보행자,993859.0,1848214.0,127.4313112,36.63178925
2018,2018040320,10,야,화,1,1,0,0,0,충북,청주시,차량단독,공작물충돌,공작물충돌,운전자법규위반,안전운전 의무 불이행,교차로,교차로내,이륜차,이륜차,없음,없음,983401.0,1843061.0,127.3144473,36.58521021
2018,2018081507,40,주,수,1,1,0,0,0,충북,청주시,차대차,기타,기타,운전자법규위반,안전운전 의무 불이행,단일로,기타단일로,승용차,승용차,농기계,농기계,987828.0,1856026.0,127.3637289,36.70215574
2018,2018080802,57,야,수,1,1,0,0,0,충북,청주시,차량단독,공작물충돌,공작물충돌,운전자법규위반,안전운전 의무 불이행,단일로,기타단일로,이륜차,이륜차,없음,없음,995928.0,1846313.0,127.4544636,36.61466283
2018,2018120923,1,야,일,1,1,0,0,0,충북,청주시,차대사람,횡단중,횡단중,운전자법규위반,안전운전 의무 불이행,교차로,교차로부근,승용차,승용차,보행자,보행자,989970.0,1846918.0,127.3878287,36.62007282
2018,2018051502,5,야,화,1,1,0,0,0,충북,청주시,차대사람,횡단중,횡단중,운전자법규위반,안전운전 의무 불이행,단일로,지하차도(도로)내,화물차,화물차,보행자,보행자,1000069.0,1839117.0,127.500771,36.54979913