발생년,발생년월일시,발생분,주야,요일,사망자수,사상자수,중상자수,경상자수,부상신고자수,발생지시도,발생지시군구,사고유형_대분류,사고유형_중분류,사고유형,법규위반_대분류,법규위반,도로형태_대분류,도로형태,가해자_당사자종별_대분류,가해자_당사자종별,피해자_당사자종별_대분류,피해자_당사자종별,발생위치X_UTMK,발생위치Y_UTMK,경도,위도
2018,2018040422,10,야,수,1,1,0,0,0,충북,청주시,차대사람,횡단중,횡단중,운전자법규위반,과속,단일로,지하차도(도로)내,승용차,승용차,보행자,보행자,997747.0,1846014.0,127.474806,36.61197338
2018,2018101514,40,주,월,1,2,0,0,1,충북,청주시,차대차,측면충돌,측면충돌,운전자법규위반,안전운전 의무 불이행,단일로,지하차도(도로)내,이륜차,이륜차,화물차,화물차,1003185.0,1840593.0,127.5355935,36.56310011
2018,2018091403,49,야,금,1,2,0,1,0,충북,보은군,차대차,추돌,추돌,운전자법규위반,안전운전 의무 불이행,단일로,기타단일로,승용차,승용차,화물차,화물차,1017547.0,1829564.0,127.6958429,36.46351645
2018,2018082310,54,주,목,1,1,0,0,0,충북,괴산군,차대차,추돌,추돌,운전자법규위반,안전거리 미확보,단일로,기타단일로,화물차,화물차,화물차,화물차,1038016.0,1874294.0,127.9265134,36.86615005
2018,2018021116,25,주,일,1,1,0,0,0,충남,서산시,차대사람,횡단중,횡단중,운전자법규위반,안전운전 의무 불이행,단일로,기타단일로,화물차,화물차,보행자,보행자,905194.0,1882516.0,126.4353827,36.9362615
2018,2018031023,40,야,토,1,1,0,0,0,충남,서산시,차대사람,기타,기타,운전자법규위반,안전운전 의무 불이행,단일로,기타단일로,화물차,화물차,보행자,보행자,905162.0,1866903.0,126.4369749,36.79553714
2018,2018090415,50,주,화,1,1,0,0,0,충남,서산시,차대차,측면충돌,측면충돌,운전자법규위반,신호위반,교차로,교차로내,화물차,화물차,이륜차,이륜차,899070.0,1888289.0,126.365854,36.98765565
2018,2018100418,50,야,목,1,1,0,0,0,충남,서산시,차대차,측면충돌,측면충돌,운전자법규위반,안전운전 의무 불이행,교차로,교차로내,화물차,화물차,승용차,승용차,905734.0,1879197.0,126.4418591,36.90640153
2018,2018081900,52,야,일,1,1,0,0,0,충남,서산시,차대차,추돌,추돌,운전자법규위반,안전운전 의무 불이행,단일로,기타단일로,승용차,승용차,특수차,특수차,907527.0,1863153.0,126.4639349,36.76197127
2018,2018033005,24,야,금,1,2,0,1,0,충남,천안시,차대차,측면충돌,측면충돌,운전자법규위반,신호위반,교차로,교차로내,화물차,화물차,화물차,화물차,971982.0,1879202.0,127.185474,36.91074262
2018,2018090304,25,야,월,1,1,0,0,0,충남,천안시,차대사람,횡단중,횡단중,운전자법규위반,과속,교차로,교차로내,승용차,승용차,보행자,보행자,971698.0,1872436.0,127.1825385,36.84974222
2018,2018121811,40,주,화,1,1,0,0,0,충남,천안시,차대사람,기타,기타,운전자법규위반,안전운전 의무 불이행,교차로,교차로부근,화물차,화물차,보행자,보행자,968490.0,1875443.0,127.1464303,36.87674718
2018,2018092109,0,주,금,1,1,0,0,0,충남,천안시,차대사람,횡단중,횡단중,운전자법규위반,과속,단일로,기타단일로,승용차,승용차,보행자,보행자,971737.0,1872445.0,127.1829756,36.84982452
2018,2018113014,4,주,금,1,1,0,0,0,충남,천안시,차대차,기타,기타,운전자법규위반,직진 및 우회전차의 통행방해,교차로,교차로내,화물차,화물차,이륜차,이륜차,974777.0,1879381.0,127.216844,36.91243513
2018,2018071408,0,주,토,1,1,0,0,0,충남,논산시,차대사람,횡단중,횡단중,운전자법규위반,안전운전 의무 불이행,단일로,기타단일로,승용차,승용차,보행자,보행자,970185.0,1810932.0,127.1679498,36.29524167
2018,2018082014,28,주,월,1,1,0,0,0,충남,홍성군,차량단독,공작물충돌,공작물충돌,운전자법규위반,안전운전 의무 불이행,단일로,기타단일로,화물차,화물차,없음,없음,918173.0,1846892.0,126.5849361,36.61637756
2018,2018050914,20,주,수,1,4,1,2,0,충남,홍성군,차량단독,공작물충돌,공작물충돌,운전자법규위반,안전운전 의무 불이행,단일로,기타단일로,승용차,승용차,없음,없음,931878.0,1838089.0,126.7389636,36.53810327
2018,2018062510,10,주,월,1,1,0,0,0,충남,홍성군,차대차,추돌,추돌,운전자법규위반,안전운전 의무 불이행,단일로,기타단일로,승용차,승용차,이륜차,이륜차,924482.0,1845620.0,126.6556069,36.6054326
2018,2018121919,20,야,수,1,1,0,0,0,충남,아산시,차대사람,횡단중,횡단중,운전자법규위반,안전운전 의무 불이행,단일로,기타단일로,승용차,승용차,보행자,보행자,958493.0,1876947.0,127.0341759,36.88991804
2018,2018111011,20,주,토,1,2,0,1,0,충남,아산시,차대차,추돌,추돌,운전자법규위반,안전운전 의무 불이행,단일로,기타단일로,이륜차,이륜차,승용차,승용차,952420.0,1871414.0,126.9663694,36.83975551
2018,2018051609,20,주,수,1,1,0,0,0,충남,아산시,차대차,기타,기타,운전자법규위반,신호위반,교차로,교차로부근,승용차,승용차,자전거,자전거,954100.0,1865395.0,126.9855738,36.78558121
2018,2018092109,40,주,금,1,3,1,1,0,충남,아산시,차대차,추돌,추돌,운전자법규위반,안전운전 의무 불이행,단일로,기타단일로,승용차,승용차,화물차,화물차,952532.0,1877415.0,126.96725,36.89385561
2018,2018071114,20,주,수,1,1,0,0,0,충남,아산시,차대차,측면충돌,측면충돌,운전자법규위반,앞지르기 방법위반,단일로,기타단일로,화물차,화물차,이륜차,이륜차,950316.0,1869571.0,126.9428936,36.82303397
2018,2018033009,38,주,금,3,4,1,0,0,충남,아산시,차대차,추돌,추돌,운전자법규위반,안전운전 의무 불이행,단일로,기타단일로,화물차,화물차,특수차,특수차,955119.0,1880443.0,126.9961043,36.9212773
2018,2018033115,35,주,토,1,1,0,0,0,충남,보령시,차대차,추돌,추돌,운전자법규위반,안전운전 의무 불이행,단일로,고가도로위,화물차,화물차,화물차,화물차,920344.0,1819206.0,126.6120649,36.36699681
2018,2018120619,44,야,목,2,2,0,0,0,충남,공주시,차량단독,공작물충돌,공작물충돌,운전자법규위반,안전운전 의무 불이행,단일로,기타단일로,승용차,승용차,없음,없음,965859.0,1833471.0,127.1187809,36.49829054
2018,2018092618,48,야,수,1,2,1,0,0,충남,공주시,차대차,정면충돌,정면충돌,운전자법규위반,중앙선 침범,단일로,기타단일로,화물차,화물차,승용차,승용차,957183.0,1838642.0,127.0216204,36.54455742
2018,2018061310,13,주,수,1,1,0,0,0,충남,공주시,차대차,추돌,추돌,운전자법규위반,안전운전 의무 불이행,기타,기타,승용차,승용차,이륜차,이륜차,965875.0,1842742.0,127.1185492,36.58186851
2018,2018121112,0,주,화,1,1,0,0,0,충남,공주시,차대차,측면충돌,측면충돌,운전자법규위반,안전운전 의무 불이행,단일로,기타단일로,화물차,화물차,건설기계,건설기계,958765.0,1814823.0,127.0405624,36.32989891
2018,2018050500,20,야,토,1,1,0,0,0,세종,세종,차량단독,공작물충돌,공작물충돌,운전자법규위반,안전운전 의무 불이행,단일로,기타단일로,이륜차,이륜차,없음,없음,978285.0,1833286.0,127.2575336,36.4969854
2018,2018042309,28,주,월,1,1,0,0,0,세종,세종,차량단독,공작물충돌,공작물충돌,운전자법규위반,안전운전 의무 불이행,단일로,기타단일로,승용차,승용차,없음,없음,976578.0,1829364.0,127.2385925,36.46158782
2018,2018062717,55,주,수,2,2,0,0,0,세종,세종,차대차,기타,기타,운전자법규위반,신호위반,교차로,교차로부근,이륜차,이륜차,화물차,화물차,972463.0,1837644.0,127.1923714,36.5361231
2018,2018091206,20,주,수,1,1,0,0,0,세종,세종,차대차,측면충돌,측면충돌,운전자법규위반,부당한 회전,교차로,교차로내,자전거,자전거,승용차,승용차,982134.0,1844645.0,127.3002474,36.59946708
2018,2018090807,50,주,토,1,2,1,0,0,세종,세종,차대차,정면충돌,정면충돌,운전자법규위반,중앙선 침범,단일로,기타단일로,승용차,승용차,승용차,승용차,978657.0,1844620.0,127.2613734,36.59917021
2018,2018112806,45,주,수,1,1,0,0,0,충남,예산군,차대사람,횡단중,횡단중,운전자법규위반,안전운전 의무 불이행,교차로,교차로부근,승용차,승용차,보행자,보행자,933078.0,1854882.0,126.7509057,36.68956429
2018,2018032205,48,야,목,1,4,3,0,0,충남,예산군,차량단독,공작물충돌,공작물충돌,운전자법규위반,안전운전 의무 불이행,단일로,기타단일로,승합차,승합차,없음,없음,937154.0,1855578.0,126.7964702,36.69611647
2018,2018022005,16,야,화,1,1,0,0,0,충남,예산군,차대사람,차도통행중,차도통행중,운전자법규위반,안전운전 의무 불이행,단일로,기타단일로,화물차,화물차,보행자,보행자,942617.0,1860026.0,126.8572882,36.73655769
2018,2018051417,10,주,월,1,1,0,0,0,충남,당진시,차대사람,횡단중,횡단중,운전자법규위반,안전운전 의무 불이행,단일로,기타단일로,승용차,승용차,보행자,보행자,931356.0,1881918.0,126.7291925,36.9331413
2018,2018082215,20,주,수,1,1,0,0,0,충남,당진시,차대사람,횡단중,횡단중,운전자법규위반,안전운전 의무 불이행,교차로,교차로부근,승용차,승용차,보행자,보행자,930702.0,1872185.0,126.7227393,36.84536244
2018,2018070400,40,야,수,1,1,0,0,0,충남,당진시,차대사람,차도통행중,차도통행중,운전자법규위반,안전운전 의무 불이행,단일로,기타단일로,승용차,승용차,보행자,보행자,931548.0,1877388.0,126.731758,36.89232299
2018,2018120510,15,주,수,1,1,0,0,0,충남,당진시,차대사람,횡단중,횡단중,운전자법규위반,안전운전 의무 불이행,단일로,기타단일로,승용차,승용차,보행자,보행자,927091.0,1882713.0,126.6812283,36.93998668
2018,2018072214,57,주,일,1,6,5,0,0,충남,당진시,차대차,정면충돌,정면충돌,운전자법규위반,중앙선 침범,단일로,기타단일로,승용차,승용차,승용차,승용차,924053.0,1877617.0,126.6476261,36.89381352
2018,2018101217,52,주,금,1,4,3,0,0,충남,당진시,차대차,측면충돌,측면충돌,운전자법규위반,신호위반,교차로,교차로내,승용차,승용차,승용차,승용차,917756.0,1890886.0,126.5755167,37.01288338
2018,2018111306,50,주,화,1,1,0,0,0,충남,금산군,차량단독,기타,기타,운전자법규위반,안전거리 미확보,단일로,기타단일로,이륜차,이륜차,없음,없음,1001736.0,1800883.0,127.5193117,36.20510375
2018,2018122617,55,주,수,1,1,0,0,0,충남,청양군,차대차,측면충돌,측면충돌,운전자법규위반,교차로 통행방법 위반,교차로,교차로부근,승용차,승용차,사륜오토바이(ATV),사륜오토바이(ATV),935914.0,1823574.0,126.7852516,36.40753664
2018,2018050807,5,주,화,1,1,0,0,0,충남,천안시,차대사람,횡단중,횡단중,운전자법규위반,보행자 보호의무 위반,교차로,교차로횡단보도내,화물차,화물차,보행자,보행자,968434.0,1864984.0,127.1462363,36.78246248
2018,2018070209,7,주,월,1,1,0,0,0,충남,천안시,차대사람,횡단중,횡단중,운전자법규위반,안전운전 의무 불이행,교차로,교차로내,승합차,승합차,보행자,보행자,969554.0,1869038.0,127.1586259,36.81904422
2018,2018042819,35,야,토,2,4,1,1,0,충남,천안시,차대차,측면충돌,측면충돌,운전자법규위반,신호위반,교차로,교차로내,승합차,승합차,승용차,승용차,970105.0,1865677.0,127.1649359,36.78876381
2018,2018081906,10,주,일,1,1,0,0,0,충남,천안시,차량단독,기타,기타,운전자법규위반,안전운전 의무 불이행,단일로,기타단일로,승용차,승용차,없음,없음,970008.0,1870012.0,127.1636779,36.82783889
2018,2018080803,15,야,수,1,1,0,0,0,충남,천안시,차대차,추돌,추돌,운전자법규위반,안전운전 의무 불이행,단일로,기타단일로,화물차,화물차,특수차,특수차,970643.0,1861703.0,127.1711188,36.75295651
2018,2018060117,55,주,금,1,1,0,0,0,충남,태안군,차대차,정면충돌,정면충돌,운전자법규위반,중앙선 침범,교차로,교차로부근,이륜차,이륜차,승용차,승용차,895872.0,1868880.0,126.3325929,36.81237939
2018,2018082814,20,주,화,1,9,2,6,0,충남,천안시,차대차,추돌,추돌,운전자법규위반,안전운전 의무 불이행,단일로,기타단일로,화물차,화물차,승용차,승용차,972351.0,1882332.0,127.1895019,36.93896863
2018,2018050417,0,주,금,1,1,0,0,0,충남,청양군,차량단독,공작물충돌,공작물충돌,운전자법규위반,안전운전 의무 불이행,단일로,기타단일로,승용차,승용차,없음,없음,945978.0,1816119.0,126.8980069,36.34094973
2018,2018082100,40,야,화,1,4,2,1,0,충북,청주시,차대차,추돌,추돌,운전자법규위반,안전운전 의무 불이행,단일로,기타단일로,승용차,승용차,화물차,화물차,993680.0,1834178.0,127.4294243,36.50525244
2018,2018061223,25,야,화,1,1,0,0,0,전북,전주시,차대차,측면충돌,측면충돌,운전자법규위반,부당한 회전,단일로,기타단일로,특수차,특수차,승용차,승용차,971090.0,1755877.0,127.1800435,35.79890815
2018,2018011300,50,야,토,1,1,0,0,0,전북,전주시,차대사람,횡단중,횡단중,운전자법규위반,과속,교차로,교차로내,승용차,승용차,보행자,보행자,966566.2,1756785.2,127.12994,35.80695288
2018,2018081416,40,주,화,1,4,3,0,0,전북,전주시,차대차,추돌,추돌,운전자법규위반,안전운전 의무 불이행,단일로,기타단일로,화물차,화물차,화물차,화물차,960822.2,1765491.6,127.0659369,35.88523655
2018,2018070801,55,야,일,1,1,0,0,0,전북,전주시,차대차,기타,기타,운전자법규위반,과속,교차로,교차로횡단보도내,승용차,승용차,자전거,자전거,970580.1,1759585.4,127.1742638,35.83232822
2018,2018070322,0,야,화,1,1,0,0,0,전북,군산시,차대사람,기타,기타,운전자법규위반,안전운전 의무 불이행,단일로,기타단일로,화물차,화물차,보행자,보행자,937971.3,1772292.9,126.8122474,35.94537148
2018,2018070519,57,야,목,1,1,0,0,0,전북,군산시,차량단독,공작물충돌,공작물충돌,운전자법규위반,안전운전 의무 불이행,단일로,터널안,이륜차,이륜차,없음,없음,928056.3,1776913.2,126.7019031,35.98634383
2018,2018052203,50,야,화,1,1,0,0,0,전북,군산시,차량단독,주/정차차량 충돌,주/정차차량 충돌,운전자법규위반,안전운전 의무 불이행,단일로,기타단일로,화물차,화물차,화물차,화물차,925570.0,1774172.0,126.6745816,35.96144515
2018,2018050616,0,주,일,1,9,2,6,0,전북,군산시,차대차,기타,기타,운전자법규위반,안전운전 의무 불이행,교차로,교차로내,화물차,화물차,승합차,승합차,943899.0,1780257.0,126.8774042,36.01752991
2018,2018040923,50,야,월,1,1,0,0,0,전북,군산시,차대사람,기타,기타,운전자법규위반,안전운전 의무 불이행,단일로,기타단일로,승용차,승용차,보행자,보행자,935163.2,1773738.8,126.7809962,35.95822428
2018,2018122605,30,야,수,1,1,0,0,0,전북,익산시,차대사람,횡단중,횡단중,운전자법규위반,안전운전 의무 불이행,교차로,교차로횡단보도내,승용차,승용차,보행자,보행자,950714.0,1774411.0,126.9533959,35.96519379
2018,2018011818,28,야,목,1,1,0,0,0,전북,익산시,차대사람,횡단중,횡단중,운전자법규위반,보행자 보호의무 위반,교차로,교차로횡단보도내,승용차,승용차,보행자,보행자,951169.8,1772956.3,126.9585403,35.95210171
2018,2018062220,30,야,금,1,1,0,0,0,전북,익산시,차대차,정면충돌,정면충돌,운전자법규위반,앞지르기 금지위반,교차로,교차로내,승용차,승용차,자전거,자전거,946186.4,1774034.7,126.9032106,35.96156205
2018,2018060416,10,주,월,1,1,0,0,0,전북,익산시,차대사람,횡단중,횡단중,운전자법규위반,보행자 보호의무 위반,교차로,교차로부근,승용차,승용차,보행자,보행자,952024.0,1772753.0,126.9680241,35.95031119
2018,2018091605,34,야,일,1,1,0,0,0,전북,정읍시,차대차,추돌,추돌,운전자법규위반,안전운전 의무 불이행,단일로,기타단일로,승용차,승용차,자전거,자전거,941876.5,1729947.9,126.8586153,35.56384009
2018,2018101806,38,주,목,1,1,0,0,0,전북,정읍시,차량단독,도로이탈,도로이탈 추락,운전자법규위반,안전운전 의무 불이행,단일로,기타단일로,승용차,승용차,없음,없음,933076.7,1736053.6,126.7610118,35.61833223
2018,2018121518,5,야,토,1,1,0,0,0,전북,남원시,차대사람,횡단중,횡단중,운전자법규위반,보행자 보호의무 위반,단일로,기타단일로,승용차,승용차,보행자,보행자,990521.3,1713788.1,127.3955897,35.41979288
2018,2018042505,40,야,수,1,1,0,0,0,전북,고창군,차대차,측면충돌,측면충돌,운전자법규위반,신호위반,교차로,교차로내,승용차,승용차,화물차,화물차,924863.0,1715798.0,126.6721992,35.43512322
2018,2018062818,50,야,목,1,1,0,0,0,전북,고창군,차대사람,횡단중,횡단중,운전자법규위반,안전운전 의무 불이행,교차로,교차로내,화물차,화물차,보행자,보행자,927126.0,1715877.0,126.6971219,35.43600382
2018,2018082919,50,야,수,1,1,0,0,0,전북,부안군,차대사람,횡단중,횡단중,운전자법규위반,과속,단일로,기타단일로,승용차,승용차,보행자,보행자,926407.3,1744411.1,126.6866088,35.69320551
2018,2018081420,8,야,화,1,1,0,0,0,전북,임실군,차대사람,횡단중,횡단중,운전자법규위반,과속,단일로,기타단일로,승용차,승용차,보행자,보행자,983153.1,1731316.3,127.3140635,35.57774108
2018,2018052507,30,주,금,1,3,2,0,0,전북,진안군,차량단독,기타,기타,운전자법규위반,안전운전 의무 불이행,교차로,교차로내,승용차,승용차,없음,없음,988459.0,1753147.0,127.3723106,35.77465169
2018,2018032516,10,주,일,1,1,0,0,0,전북,장수군,차량단독,공작물충돌,공작물충돌,운전자법규위반,안전운전 의무 불이행,단일로,기타단일로,화물차,화물차,없음,없음,1005771.6,1750420.0,127.5638373,35.75011508
2018,2018081209,18,주,일,1,1,0,0,0,전북,무주군,차량단독,전도,전도,운전자법규위반,안전운전 의무 불이행,단일로,기타단일로,승용차,승용차,없음,없음,1011315.0,1778590.0,127.6255506,36.00405067
2018,2018112312,15,주,금,1,1,0,0,0,전북,무주군,차대차,측면충돌,측면충돌,운전자법규위반,안전운전 의무 불이행,단일로,기타단일로,농기계,농기계,화물차,화물차,1024977.0,1779492.0,127.7771707,36.0119285
2018,2018052912,3,주,화,1,2,0,1,0,전북,완주군,차량단독,공작물충돌,공작물충돌,운전자법규위반,안전운전 의무 불이행,단일로,기타단일로,사륜오토바이(ATV),사륜오토바이(ATV),없음,없음,973931.0,1779735.0,127.2107035,36.01409072
2018,2018062923,47,야,금,1,1,0,0,0,전북,남원시,차대차,추돌,추돌,운전자법규위반,안전운전 의무 불이행,단일로,기타단일로,화물차,화물차,화물차,화물차,986010.0,1713486.0,127.3459019,35.41701572
2018,2018040705,0,야,토,2,2,0,0,0,충남,보령시,차대차,추돌,추돌,운전자법규위반,안전운전 의무 불이행,단일로,기타단일로,화물차,화물차,화물차,화물차,915482.0,1819390.0,126.557854,36.36824035
2018,2018100912,30,주,화,1,1,0,0,0,전남,신안군,차대사람,기타,기타,운전자법규위반,안전운전 의무 불이행,기타,기타,화물차,화물차,보행자,보행자,876574.0,1668412.0,126.1474025,35.00313959
2018,2018110122,21,야,목,1,1,0,0,0,전남,목포시,차대차,기타,기타,운전자법규위반,과속,단일로,기타단일로,승용차,승용차,승용차,승용차,901166.9,1645395.8,126.4195838,34.79832992
2018,2018100814,0,주,월,1,1,0,0,0,전남,신안군,차대사람,기타,기타,운전자법규위반,안전운전 의무 불이행,단일로,기타단일로,화물차,화물차,보행자,보행자,872699.0,1648871.0,126.107926,34.826499
2018,2018122620,35,야,수,1,2,1,0,0,전남,목포시,차대사람,횡단중,횡단중,운전자법규위반,안전운전 의무 불이행,단일로,기타단일로,승합차,승합차,보행자,보행자,899301.0,1646061.0,126.3991099,34.80414464
2018,2018041304,55,야,금,1,13,5,7,0,전남,목포시,차대차,측면충돌,측면충돌,운전자법규위반,신호위반,교차로,교차로내,승합차,승합차,승용차,승용차,901028.6,1646851.1,126.4179007,34.81143765
2018,2018050919,59,야,수,1,1,0,0,0,전남,여수시,차대사람,횡단중,횡단중,운전자법규위반,보행자 보호의무 위반,교차로,교차로부근,화물차,화물차,보행자,보행자,1022698.8,1639021.1,127.7479835,34.74538773
2018,2018121117,50,주,화,1,1,0,0,0,전남,여수시,차대사람,횡단중,횡단중,운전자법규위반,안전운전 의무 불이행,교차로,교차로부근,승용차,승용차,보행자,보행자,1014597.2,1645868.7,127.6595931,34.80728565
2018,2018011210,0,주,금,1,1,0,0,0,전남,여수시,차대사람,차도통행중,차도통행중,운전자법규위반,안전운전 의무 불이행,단일로,기타단일로,승용차,승용차,보행자,보행자,1017674.8,1639323.9,127.6931032,34.74821769
2018,2018010704,50,야,일,1,1,0,0,0,전남,순천시,차대사람,기타,기타,운전자법규위반,안전운전 의무 불이행,단일로,기타단일로,승용차,승용차,보행자,보행자,1004524.0,1667522.0,127.5495788,35.0026406
2018,2018060608,50,주,수,1,1,0,0,0,전남,순천시,차대차,측면충돌,측면충돌,운전자법규위반,신호위반,교차로,교차로내,화물차,화물차,승용차,승용차,1003992.0,1658882.0,127.5437072,34.9247317
2018,2018080911,40,주,목,1,1,0,0,0,전남,순천시,차대차,측면충돌,측면충돌,운전자법규위반,신호위반,교차로,교차로내,이륜차,이륜차,승용차,승용차,1004188.0,1660800.0,127.5458627,34.94202655
2018,2018071417,0,주,토,1,1,0,0,0,전남,나주시,차량단독,도로이탈,도로이탈 추락,운전자법규위반,안전운전 의무 불이행,교차로,교차로내,이륜차,이륜차,없음,없음,928697.6,1663931.9,126.7189326,34.96776534
2018,2018012919,5,야,월,1,1,0,0,0,전남,나주시,차대사람,길가장자리구역통행중,길가장자리구역통행중,운전자법규위반,안전운전 의무 불이행,단일로,기타단일로,화물차,화물차,보행자,보행자,943742.2,1667434.9,126.8834892,35.00029979
2018,2018032910,15,주,목,1,2,1,0,0,전남,장흥군,차대차,측면충돌,측면충돌,운전자법규위반,안전운전 의무 불이행,교차로,교차로내,승용차,승용차,원동기장치자전거,원동기장치자전거,945637.0,1631240.2,126.9065993,34.67402874
2018,2018012000,19,야,토,1,6,1,4,0,전남,장흥군,차대차,측면충돌,측면충돌,운전자법규위반,과속,단일로,기타단일로,승용차,승용차,승용차,승용차,950929.0,1637758.0,126.963983,34.73307041
2018,2018080220,15,야,목,1,1,0,0,0,전남,고흥군,차량단독,공작물충돌,공작물충돌,운전자법규위반,안전운전 의무 불이행,단일로,기타단일로,승합차,승합차,없음,없음,966589.0,1604093.0,127.1363627,34.43011612
2018,2018060916,52,주,토,1,1,0,0,0,전남,고흥군,차량단독,공작물충돌,공작물충돌,운전자법규위반,안전운전 의무 불이행,단일로,기타단일로,농기계,농기계,없음,없음,990657.0,1616907.0,127.3981718,34.5461735
2018,2018082817,40,주,화,1,1,0,0,0,전남,고흥군,차대차,측면충돌,측면충돌,운전자법규위반,안전운전 의무 불이행,교차로,교차로내,사륜오토바이(ATV),사륜오토바이(ATV),화물차,화물차,985087.0,1620139.0,127.3374086,34.57525415
2018,2018120513,41,주,수,1,1,0,0,0,전남,고흥군,차량단독,기타,기타,운전자법규위반,안전운전 의무 불이행,단일로,기타단일로,농기계,농기계,없음,없음,977177.0,1625845.0,127.2510156,34.62656522
2018,2018032113,11,주,수,1,1,0,0,0,전남,해남군,차량단독,기타,기타,운전자법규위반,안전운전 의무 불이행,단일로,기타단일로,승용차,승용차,없음,없음,924636.0,1620344.0,126.6783494,34.57444561
2018,2018100610,0,주,토,1,1,0,0,0,전남,해남군,차량단독,기타,기타,운전자법규위반,안전운전 의무 불이행,단일로,기타단일로,사륜오토바이(ATV),사륜오토바이(ATV),없음,없음,901882.8,1620679.1,126.4302794,34.57554532
2018,2018020921,24,야,금,1,1,0,0,0,전남,보성군,차량단독,기타,기타,운전자법규위반,안전운전 의무 불이행,단일로,기타단일로,원동기장치자전거,원동기장치자전거,없음,없음,967692.4,1640429.7,127.1469882,34.75783099
2018,2018032521,25,야,일,1,1,0,0,0,전남,영광군,차대사람,횡단중,횡단중,운전자법규위반,안전운전 의무 불이행,교차로,교차로내,화물차,화물차,보행자,보행자,908915.0,1692511.0,126.4991101,35.2238454
2018,2018031915,30,주,월,1,2,1,0,0,전남,영광군,차대차,정면충돌,정면충돌,운전자법규위반,중앙선 침범,단일로,기타단일로,화물차,화물차,승용차,승용차,906069.0,1699123.0,126.4670852,35.28319393
2018,2018121500,57,야,토,1,1,0,0,0,전남,화순군,차대사람,차도통행중,차도통행중,운전자법규위반,안전운전 의무 불이행,단일로,기타단일로,승용차,승용차,보행자,보행자,947116.0,1673210.0,126.9200922,35.05255565
2018,2018042403,55,야,화,1,1,0,0,0,전남,강진군,차대사람,횡단중,횡단중,운전자법규위반,안전운전 의무 불이행,단일로,기타단일로,화물차,화물차,보행자,보행자,933462.7,1634771.5,126.7734408,34.70515182
2018,2018010904,47,야,화,2,2,0,0,0,전남,강진군,차량단독,공작물충돌,공작물충돌,운전자법규위반,안전운전 의무 불이행,단일로,기타단일로,승용차,승용차,없음,없음,928698.2,1638656.3,126.7210902,34.73985983
2018,2018052923,57,야,화,1,1,0,0,0,전남,담양군,차량단독,전도,전도,운전자법규위반,안전운전 의무 불이행,단일로,기타단일로,원동기장치자전거,원동기장치자전거,없음,없음,956191.0,1708056.0,127.0177477,35.36719026
2018,2018082607,25,주,일,1,3,0,2,0,전남,담양군,차대차,측면충돌,측면충돌,운전자법규위반,교차로 통행방법 위반,교차로,교차로내,화물차,화물차,승용차,승용차,956164.0,1704392.0,127.017647,35.33415225
2018,2018110316,20,주,토,1,1,0,0,0,전남,무안군,차량단독,공작물충돌,공작물충돌,운전자법규위반,안전운전 의무 불이행,단일로,기타단일로,이륜차,이륜차,없음,없음,893279.5,1681942.9,126.3286962,35.12702862
2018,2018082600,14,야,일,1,1,0,0,0,전남,무안군,차량단독,공작물충돌,공작물충돌,운전자법규위반,안전운전 의무 불이행,교차로,교차로내,승용차,승용차,없음,없음,905470.0,1647135.5,126.4664214,34.81442399
2018,2018102019,10,야,토,1,1,0,0,0,전남,무안군,차대사람,횡단중,횡단중,운전자법규위반,안전운전 의무 불이행,교차로,교차로부근,승용차,승용차,보행자,보행자,903998.7,1648392.8,126.4501929,34.82562234
2018,2018052104,8,야,월,1,1,0,0,0,전남,무안군,차대사람,기타,기타,운전자법규위반,안전운전 의무 불이행,단일로,기타단일로,승용차,승용차,보행자,보행자,904454.8,1663641.7,126.4534374,34.96315077
2018,2018072214,0,주,일,1,1,0,0,0,전남,진도군,차대사람,횡단중,횡단중,운전자법규위반,안전운전 의무 불이행,단일로,기타단일로,화물차,화물차,보행자,보행자,893307.8,1608123.1,126.3383796,34.46148166
2018,2018082321,15,야,목,1,1,0,0,0,전남,진도군,차량단독,공작물충돌,공작물충돌,운전자법규위반,안전운전 의무 불이행,단일로,기타단일로,승용차,승용차,없음,없음,877735.0,1599412.3,126.1701114,34.38121777
2018,2018080210,0,주,목,1,2,1,0,0,전남,광양시,차대차,측면충돌,측면충돌,운전자법규위반,교차로 통행방법 위반,교차로,교차로내,특수차,특수차,화물차,화물차,1024270.0,1661187.0,127.7657905,34.94523422
2018,2018030806,34,주,목,1,1,0,0,0,전남,광양시,차량단독,공작물충돌,공작물충돌,운전자법규위반,안전운전 의무 불이행,교차로,교차로내,승용차,승용차,없음,없음,1008835.0,1660330.0,127.5967469,34.93775844