발생년,발생년월일시,발생분,주야,요일,사망자수,사상자수,중상자수,경상자수,부상신고자수,발생지시도,발생지시군구,사고유형_대분류,사고유형_중분류,사고유형,법규위반_대분류,법규위반,도로형태_대분류,도로형태,가해자_당사자종별_대분류,가해자_당사자종별,피해자_당사자종별_대분류,피해자_당사자종별,발생위치X_UTMK,발생위치Y_UTMK,경도,위도
2018,2018110809,57,주,목,1,1,0,0,0,전남,구례군,차대차,정면충돌,정면충돌,운전자법규위반,중앙선 침범,단일로,기타단일로,승용차,승용차,승합차,승합차,1006007.0,1689043.0,127.5659872,35.19669391
2018,2018060515,40,주,화,1,1,0,0,0,전남,광양시,차량단독,공작물충돌,공작물충돌,운전자법규위반,안전운전 의무 불이행,단일로,기타단일로,특수차,특수차,없음,없음,1014710.0,1663823.0,127.6611421,34.96918822
2018,2018010219,50,야,화,1,1,0,0,0,경북,경주시,차대차,정면충돌,정면충돌,운전자법규위반,안전운전 의무 불이행,단일로,기타단일로,승용차,승용차,승용차,승용차,1165760.0,1744488.0,129.3317594,35.68270883
2018,2018052609,10,주,토,1,2,0,1,0,경북,경주시,차대차,추돌,추돌,운전자법규위반,안전운전 의무 불이행,단일로,기타단일로,승용차,승용차,승용차,승용차,1155077.0,1762450.0,129.2172308,35.8463249
2018,2018082715,45,주,월,1,1,0,0,0,경북,경주시,차대사람,길가장자리구역통행중,길가장자리구역통행중,운전자법규위반,안전운전 의무 불이행,교차로,교차로내,승용차,승용차,보행자,보행자,1148205.0,1751463.0,129.1391272,35.74836734
2018,2018121913,20,주,수,1,1,0,0,0,경북,경주시,차대사람,횡단중,횡단중,운전자법규위반,안전운전 의무 불이행,단일로,기타단일로,승용차,승용차,보행자,보행자,1164478.0,1750499.0,129.3188295,35.73709361
2018,2018110611,20,주,화,1,1,0,0,0,경북,경주시,차량단독,도로이탈,도로이탈 기타,운전자법규위반,안전운전 의무 불이행,단일로,기타단일로,화물차,화물차,없음,없음,1151005.0,1749684.0,129.1697483,35.73190824
2018,2018090704,45,야,금,1,2,1,0,0,경북,포항시,차량단독,공작물충돌,공작물충돌,운전자법규위반,안전운전 의무 불이행,단일로,기타단일로,승용차,승용차,없음,없음,1170404.0,1788299.0,129.3924248,36.07670769
2018,2018101013,0,주,수,1,1,0,0,0,경북,포항시,차대사람,횡단중,횡단중,운전자법규위반,안전운전 의무 불이행,단일로,기타단일로,원동기장치자전거,원동기장치자전거,보행자,보행자,1167576.0,1784077.0,129.3601375,36.03915458
2018,2018070101,30,야,일,1,4,0,3,0,경북,포항시,차대사람,차도통행중,차도통행중,운전자법규위반,안전운전 의무 불이행,단일로,기타단일로,승용차,승용차,보행자,보행자,1167407.0,1783532.0,129.3581471,36.0342726
2018,2018050318,47,야,목,2,2,0,0,0,경북,안동시,차량단독,도로이탈,도로이탈 추락,운전자법규위반,안전운전 의무 불이행,단일로,기타단일로,화물차,화물차,없음,없음,1112212.0,1843146.0,128.7542461,36.57952189
2018,2018021317,45,주,화,1,3,2,0,0,경북,안동시,차대차,정면충돌,정면충돌,운전자법규위반,안전운전 의무 불이행,교차로,교차로내,승용차,승용차,화물차,화물차,1107651.0,1839358.0,128.7027467,36.54590573
2018,2018042018,50,야,금,1,1,0,0,0,경북,안동시,차대차,측면충돌,측면충돌,운전자법규위반,직진 및 우회전차의 통행방해,교차로,교차로내,승용차,승용차,이륜차,이륜차,1100731.0,1826952.0,128.6238291,36.43483943
2018,2018072120,23,야,토,1,1,0,0,0,경북,안동시,차대차,추돌,추돌,운전자법규위반,안전운전 의무 불이행,교차로,교차로부근,원동기장치자전거,원동기장치자전거,원동기장치자전거,원동기장치자전거,1108914.0,1841337.0,128.7171346,36.56359944
2018,2018020323,35,야,토,1,1,0,0,0,경북,안동시,차대사람,횡단중,횡단중,운전자법규위반,안전운전 의무 불이행,단일로,기타단일로,승용차,승용차,보행자,보행자,1111592.0,1841144.0,128.7470274,36.5615507
2018,2018102913,0,주,월,1,1,0,0,0,경북,상주시,차대사람,길가장자리구역통행중,길가장자리구역통행중,운전자법규위반,안전운전 의무 불이행,교차로,교차로내,승용차,승용차,보행자,보행자,1041563.0,1815947.0,127.963152,36.34001783
2018,2018041013,15,주,화,1,1,0,0,0,경북,상주시,차대차,측면충돌,측면충돌,운전자법규위반,안전운전 의무 불이행,교차로,교차로내,승용차,승용차,이륜차,이륜차,1063243.0,1825705.0,128.2055209,36.42680271
2018,2018071421,0,야,토,1,1,0,0,0,경북,상주시,차량단독,공작물충돌,공작물충돌,운전자법규위반,안전운전 의무 불이행,주차장,주차장,자전거,자전거,없음,없음,1059295.0,1825817.0,128.1614894,36.42806448
2018,2018060117,35,주,금,1,1,0,0,0,경북,영주시,차대차,정면충돌,정면충돌,운전자법규위반,중앙선 침범,교차로,교차로내,건설기계,건설기계,승용차,승용차,1101217.0,1868594.0,128.634739,36.81011757
2018,2018072113,30,주,토,1,1,0,0,0,경북,칠곡군,차대사람,횡단중,횡단중,운전자법규위반,안전운전 의무 불이행,교차로,교차로내,건설기계,건설기계,보행자,보행자,1080798.0,1777205.0,128.3963403,35.98828079
2018,2018022216,0,주,목,1,1,0,0,0,경북,칠곡군,차대사람,횡단중,횡단중,운전자법규위반,보행자 보호의무 위반,교차로,교차로횡단보도내,승용차,승용차,보행자,보행자,1081803.0,1778523.0,128.4076242,36.00007851
2018,2018040723,10,야,토,1,1,0,0,0,경북,영천시,차대사람,횡단중,횡단중,운전자법규위반,안전운전 의무 불이행,단일로,기타단일로,승합차,승합차,보행자,보행자,1126861.0,1789644.0,128.9092277,36.0954902
2018,2018111815,50,주,일,1,1,0,0,0,경북,영천시,차량단독,공작물충돌,공작물충돌,운전자법규위반,안전운전 의무 불이행,단일로,기타단일로,화물차,화물차,없음,없음,1112904.0,1787693.0,128.7539434,36.07962753
2018,2018121907,50,주,수,1,1,0,0,0,경북,문경시,차대차,정면충돌,정면충돌,운전자법규위반,중앙선 침범,단일로,기타단일로,승용차,승용차,승합차,승합차,1059382.0,1847259.0,128.16411,36.62134898
2018,2018080522,48,야,일,1,2,1,0,0,경북,경산시,차대사람,횡단중,횡단중,운전자법규위반,보행자 보호의무 위반,단일로,기타단일로,승용차,승용차,보행자,보행자,1112795.0,1760330.0,128.7488439,35.83299406
2018,2018101306,0,주,토,1,1,0,0,0,경북,경산시,차대사람,횡단중,횡단중,운전자법규위반,과속,교차로,교차로횡단보도내,승용차,승용차,보행자,보행자,1110513.0,1758479.0,128.7233272,35.81656874
2018,2018112813,30,주,수,1,1,0,0,0,경북,경산시,차대사람,차도통행중,차도통행중,운전자법규위반,안전운전 의무 불이행,단일로,기타단일로,승용차,승용차,보행자,보행자,1118829.0,1761921.0,128.8158726,35.84662232
2018,2018092904,40,야,토,1,1,0,0,0,경북,경산시,차대사람,기타,기타,운전자법규위반,신호위반,교차로,교차로횡단보도내,화물차,화물차,보행자,보행자,1114096.0,1761599.0,128.7634266,35.84428228
2018,2018062910,0,주,금,1,1,0,0,0,경북,경산시,차량단독,기타,기타,운전자법규위반,안전운전 의무 불이행,단일로,기타단일로,사륜오토바이(ATV),사륜오토바이(ATV),없음,없음,1121040.0,1758036.0,128.8397617,35.8113334
2018,2018020923,42,야,금,1,1,0,0,0,경북,경산시,차대사람,길가장자리구역통행중,길가장자리구역통행중,운전자법규위반,안전운전 의무 불이행,단일로,기타단일로,승용차,승용차,보행자,보행자,1115560.0,1766751.0,128.7803813,35.89055031
2018,2018103017,59,주,화,2,2,0,0,0,경북,영덕군,차대차,추돌,추돌,운전자법규위반,안전운전 의무 불이행,단일로,교량위,승용차,승용차,농기계,농기계,1168504.0,1839898.0,129.3824817,36.54197828
2018,2018091310,22,주,목,1,1,0,0,0,경북,영덕군,차대차,측면충돌,측면충돌,운전자법규위반,직진 및 우회전차의 통행방해,교차로,교차로내,화물차,화물차,이륜차,이륜차,1167759.0,1825289.0,129.3709948,36.41047646
2018,2018100310,20,주,수,1,1,0,0,0,경북,예천군,차량단독,공작물충돌,공작물충돌,운전자법규위반,안전운전 의무 불이행,단일로,기타단일로,이륜차,이륜차,없음,없음,1070121.0,1836140.0,128.2831896,36.52038981
2018,2018072904,45,야,일,1,1,0,0,0,경북,청도군,차대차,추돌,추돌,운전자법규위반,안전운전 의무 불이행,기타,기타,승용차,승용차,농기계,농기계,1125590.0,1745538.0,128.8881532,35.69810895
2018,2018082107,30,주,화,1,1,0,0,0,경북,고령군,차대차,측면충돌,측면충돌,운전자법규위반,안전운전 의무 불이행,단일로,기타단일로,이륜차,이륜차,화물차,화물차,1067528.0,1744021.0,128.246333,35.69012276
2018,2018102800,27,야,일,1,1,0,0,0,경북,고령군,차대사람,차도통행중,차도통행중,운전자법규위반,안전운전 의무 불이행,단일로,기타단일로,승용차,승용차,보행자,보행자,1087317.0,1758296.0,128.4665754,35.81725784
2018,2018010113,55,주,월,1,1,0,0,0,경북,고령군,차량단독,공작물충돌,공작물충돌,운전자법규위반,안전운전 의무 불이행,단일로,기타단일로,승용차,승용차,없음,없음,1066077.0,1743251.0,128.2302342,35.68327904
2018,2018102511,40,주,목,1,1,0,0,0,경북,군위군,차대차,측면충돌,측면충돌,운전자법규위반,안전운전 의무 불이행,단일로,기타단일로,승용차,승용차,자전거,자전거,1103180.0,1799733.0,128.6475455,36.18923647
2018,2018090712,9,주,금,1,3,2,0,0,경북,청송군,차대차,측면충돌,측면충돌,운전자법규위반,교차로 통행방법 위반,교차로,교차로내,화물차,화물차,화물차,화물차,1130690.0,1810752.0,128.9552661,36.28522358
2018,2018101515,45,주,월,1,1,0,0,0,경북,청송군,차대차,정면충돌,정면충돌,운전자법규위반,중앙선 침범,단일로,기타단일로,화물차,화물차,건설기계,건설기계,1132201.0,1810883.0,128.9721087,36.2861983
2018,2018042811,10,주,토,1,1,0,0,0,경북,울릉군,차량단독,전도,전도,운전자법규위반,안전운전 의무 불이행,단일로,기타단일로,사륜오토바이(ATV),사륜오토바이(ATV),없음,없음,1293632.0,1947493.0,130.8206316,37.48004244
2018,2018103008,22,주,화,1,1,0,0,0,경북,구미시,차대차,기타,기타,운전자법규위반,부당한 회전,단일로,기타단일로,이륜차,이륜차,화물차,화물차,1075473.0,1795987.0,128.3390694,36.1580248
2018,2018081021,0,야,금,1,1,0,0,0,경북,구미시,차대사람,횡단중,횡단중,운전자법규위반,신호위반,교차로,교차로내,원동기장치자전거,원동기장치자전거,보행자,보행자,1075093.0,1791331.0,128.3344007,36.11608152
2018,2018022712,36,주,화,1,1,0,0,0,경북,포항시,차대차,측면충돌,측면충돌,운전자법규위반,신호위반,교차로,교차로내,승용차,승용차,자전거,자전거,1167312.0,1776496.0,129.3556065,35.97088616
2018,2018101200,15,야,금,1,1,0,0,0,경북,포항시,차대차,측면충돌,측면충돌,운전자법규위반,안전운전 의무 불이행,교차로,교차로부근,승용차,승용차,승용차,승용차,1165757.0,1782407.0,129.3396055,36.02441732
2018,2018102922,30,야,월,1,2,0,1,0,경북,포항시,차대차,기타,기타,운전자법규위반,신호위반,교차로,교차로내,승용차,승용차,이륜차,이륜차,1168903.0,1781952.0,129.3744067,36.01977669
2018,2018100722,50,야,일,1,1,0,0,0,경북,포항시,차대사람,횡단중,횡단중,운전자법규위반,안전운전 의무 불이행,단일로,기타단일로,승용차,승용차,보행자,보행자,1167703.0,1780790.0,129.3608497,36.0095131
2018,2018101223,40,야,금,1,3,0,0,2,경북,문경시,차대차,추돌,추돌,운전자법규위반,안전운전 의무 불이행,단일로,기타단일로,승용차,승용차,화물차,화물차,1058360.0,1846911.0,128.1526545,36.61827512
2018,2018022311,20,주,금,1,3,0,2,0,경북,경산시,차대차,추돌,추돌,운전자법규위반,안전운전 의무 불이행,단일로,교량위,화물차,화물차,화물차,화물차,1115358.0,1765477.0,128.7779591,35.87909048
2018,2018042715,40,주,금,1,10,2,7,0,경북,상주시,차대차,추돌,추돌,운전자법규위반,안전운전 의무 불이행,단일로,기타단일로,승합차,승합차,승용차,승용차,1037780.0,1827594.0,127.9215643,36.44517271
2018,2018120403,18,야,화,1,1,0,0,0,경북,칠곡군,차대차,기타,기타,운전자법규위반,안전운전 의무 불이행,단일로,기타단일로,특수차,특수차,화물차,화물차,1086192.9,1773269.7,128.4557542,35.95234308
2018,2018101905,25,야,금,2,5,2,1,0,경북,상주시,차대차,추돌,추돌,운전자법규위반,안전운전 의무 불이행,단일로,기타단일로,화물차,화물차,화물차,화물차,1063929.0,1825664.0,128.2131698,36.42638765
2018,2018072413,20,주,화,1,4,1,2,0,경북,구미시,차대차,추돌,추돌,운전자법규위반,안전운전 의무 불이행,단일로,기타단일로,화물차,화물차,화물차,화물차,1068491.0,1802022.0,128.2619805,36.21294824
2018,2018092119,51,야,금,1,1,0,0,0,경남,진주시,차대사람,횡단중,횡단중,운전자법규위반,보행자 보호의무 위반,교차로,교차로횡단보도내,화물차,화물차,보행자,보행자,1051322.0,1688668.0,128.0637397,35.19201835
2018,2018052203,55,야,화,1,1,0,0,0,경남,진주시,차대사람,기타,기타,운전자법규위반,안전운전 의무 불이행,단일로,기타단일로,승용차,승용차,보행자,보행자,1053138.0,1688765.0,128.0836927,35.19279847
2018,2018120817,24,주,토,1,1,0,0,0,경남,진주시,차대사람,횡단중,횡단중,운전자법규위반,보행자 보호의무 위반,단일로,기타단일로,승용차,승용차,보행자,보행자,1052569.0,1689113.0,128.077465,35.19596625
2018,2018100215,15,주,화,1,1,0,0,0,경남,창원시(통합),차대차,측면충돌,측면충돌,운전자법규위반,안전거리 미확보,교차로,교차로부근,이륜차,이륜차,승용차,승용차,1108558.0,1684683.0,128.6918274,35.15153482
2018,2018051909,0,주,토,1,1,0,0,0,경남,창원시(통합),차대사람,횡단중,횡단중,운전자법규위반,안전운전 의무 불이행,단일로,기타단일로,승용차,승용차,보행자,보행자,1109110.0,1685464.0,128.6979897,35.15851596
2018,2018013111,0,주,수,1,1,0,0,0,경남,창원시(통합),차량단독,기타,기타,운전자법규위반,안전운전 의무 불이행,기타,기타,화물차,화물차,없음,없음,1116855.0,1681830.0,128.7824947,35.12488495
2018,2018080120,20,야,수,1,1,0,0,0,경남,통영시,차대사람,횡단중,횡단중,운전자법규위반,안전운전 의무 불이행,단일로,기타단일로,승용차,승용차,보행자,보행자,1083804.0,1660955.0,128.4177,34.93996665
2018,2018010215,15,주,화,1,1,0,0,0,경남,통영시,차량단독,공작물충돌,공작물충돌,운전자법규위반,안전운전 의무 불이행,단일로,기타단일로,승용차,승용차,없음,없음,1083174.0,1658334.0,128.4105408,34.91638656
2018,2018031019,53,야,토,1,1,0,0,0,경남,통영시,차대사람,횡단중,횡단중,운전자법규위반,보행자 보호의무 위반,단일로,기타단일로,승용차,승용차,보행자,보행자,1084312.0,1650604.0,128.4222186,34.84659546
2018,2018112209,35,주,목,1,1,0,0,0,경남,사천시,차대차,기타,기타,운전자법규위반,앞지르기 금지위반,단일로,기타단일로,승합차,승합차,원동기장치자전거,원동기장치자전거,1041942.0,1673218.0,127.9599259,35.053142
2018,2018102906,22,주,월,1,1,0,0,0,경남,사천시,차대사람,횡단중,횡단중,운전자법규위반,안전운전 의무 불이행,단일로,기타단일로,승용차,승용차,보행자,보행자,1053612.0,1676226.0,128.0880855,35.07971209
2018,2018070215,20,주,월,1,1,0,0,0,경남,사천시,차량단독,공작물충돌,공작물충돌,운전자법규위반,안전운전 의무 불이행,교차로,교차로부근,화물차,화물차,없음,없음,1051638.0,1672250.0,128.0661855,35.04396394
2018,2018042412,25,주,화,1,2,0,1,0,경남,김해시,차대차,측면충돌,측면충돌,운전자법규위반,중앙선 침범,단일로,기타단일로,화물차,화물차,화물차,화물차,1131528.0,1705380.0,128.947255,35.33535916
2018,2018060519,10,야,화,1,4,0,3,0,경남,김해시,차대차,기타,기타,운전자법규위반,중앙선 침범,단일로,기타단일로,승용차,승용차,승용차,승용차,1126463.0,1698607.0,128.8904925,35.27495947
2018,2018041920,15,야,목,1,1,0,0,0,경남,거창군,차대사람,횡단중,횡단중,운전자법규위반,안전운전 의무 불이행,교차로,교차로부근,승용차,승용차,보행자,보행자,1040981.0,1739464.0,127.9527091,35.65049758
2018,2018072421,7,야,화,1,1,0,0,0,경남,거창군,차대사람,횡단중,횡단중,운전자법규위반,안전운전 의무 불이행,교차로,교차로내,승용차,승용차,보행자,보행자,1037423.0,1755535.0,127.9141547,35.79553705
2018,2018030618,45,야,화,1,1,0,0,0,경남,합천군,차대사람,횡단중,횡단중,운전자법규위반,안전운전 의무 불이행,교차로,교차로부근,승용차,승용차,보행자,보행자,1059943.0,1730367.0,128.1614925,35.56751021
2018,2018080114,30,주,수,1,1,0,0,0,경남,합천군,차대차,기타,기타,운전자법규위반,안전운전 의무 불이행,단일로,기타단일로,불명,불명,이륜차,이륜차,1073380.0,1731241.0,128.3098419,35.57448516
2018,2018122117,45,주,금,1,1,0,0,0,경남,창녕군,차대사람,횡단중,횡단중,운전자법규위반,안전운전 의무 불이행,교차로,교차로내,승용차,승용차,보행자,보행자,1082253.0,1723998.0,128.4070208,35.50848829
2018,2018061717,52,주,일,1,1,0,0,0,경남,함양군,차대차,측면충돌,측면충돌,운전자법규위반,안전운전 의무 불이행,교차로,교차로내,사륜오토바이(ATV),사륜오토바이(ATV),승용차,승용차,1027610.0,1719285.0,127.804316,35.46901871
2018,2018091920,35,야,수,1,1,0,0,0,경남,양산시,차대사람,기타,기타,운전자법규위반,안전운전 의무 불이행,교차로,교차로내,승용차,승용차,보행자,보행자,1141295.0,1712189.0,129.0558685,35.39539835
2018,2018062310,22,주,토,1,1,0,0,0,경남,양산시,차대사람,횡단중,횡단중,운전자법규위반,안전운전 의무 불이행,교차로,교차로부근,화물차,화물차,보행자,보행자,1151470.0,1714592.0,129.1683158,35.41556184
2018,2018062212,15,주,금,3,4,0,1,0,경남,양산시,차대사람,기타,기타,운전자법규위반,중앙선 침범,단일로,기타단일로,승용차,승용차,보행자,보행자,1130351.0,1714010.0,128.935685,35.41330472
2018,2018061116,55,주,월,1,1,0,0,0,경남,양산시,차대사람,차도통행중,차도통행중,운전자법규위반,안전운전 의무 불이행,단일로,기타단일로,승합차,승합차,보행자,보행자,1139249.0,1705832.0,129.0322628,35.33838656
2018,2018022109,25,주,수,1,1,0,0,0,경남,하동군,차대사람,길가장자리구역통행중,길가장자리구역통행중,운전자법규위반,안전운전 의무 불이행,주차장,주차장,화물차,화물차,보행자,보행자,1022917.0,1674658.0,127.7513446,35.0667384
2018,2018030317,0,주,토,1,1,0,0,0,경남,거제시,차대사람,횡단중,횡단중,운전자법규위반,과속,단일로,기타단일로,승용차,승용차,보행자,보행자,1109935.0,1657733.0,128.7033753,34.90842025
2018,2018102621,15,야,금,1,1,0,0,0,경남,거제시,차대사람,차도통행중,차도통행중,운전자법규위반,안전운전 의무 불이행,단일로,기타단일로,승용차,승용차,보행자,보행자,1101908.0,1655497.0,128.6152525,34.88909895
2018,2018092716,45,주,목,1,4,0,3,0,경남,남해군,차대차,정면충돌,정면충돌,운전자법규위반,중앙선 침범,단일로,기타단일로,화물차,화물차,승용차,승용차,1046570.0,1648357.0,128.0092859,34.82876309
2018,2018101318,15,야,토,1,1,0,0,0,경남,남해군,차량단독,도로이탈,도로이탈 추락,운전자법규위반,안전운전 의무 불이행,단일로,기타단일로,이륜차,이륜차,없음,없음,1036496.0,1649448.0,127.8991676,34.83901244
2018,2018031321,15,야,화,1,2,0,1,0,경남,산청군,차대차,추돌,추돌,운전자법규위반,안전운전 의무 불이행,단일로,기타단일로,화물차,화물차,화물차,화물차,1032232.0,1713545.0,127.8550313,35.41712419
2018,2018060120,33,야,금,1,1,0,0,0,경남,산청군,차대차,추돌,추돌,운전자법규위반,안전운전 의무 불이행,교차로,교차로내,화물차,화물차,농기계,농기계,1042047.0,1700748.0,127.9624811,35.30137244
2018,2018052612,34,주,토,1,6,5,0,0,경남,산청군,차대사람,기타,기타,운전자법규위반,안전운전 의무 불이행,단일로,기타단일로,화물차,화물차,보행자,보행자,1030890.0,1720633.0,127.8405187,35.48107648
2018,2018101512,45,주,월,1,1,0,0,0,경남,산청군,차대사람,길가장자리구역통행중,길가장자리구역통행중,운전자법규위반,안전운전 의무 불이행,단일로,기타단일로,화물차,화물차,보행자,보행자,1032433.0,1718922.0,127.8574595,35.46559996
2018,2018072420,25,야,화,2,2,0,0,0,경남,함안군,차대차,추돌,추돌,운전자법규위반,안전운전 의무 불이행,단일로,기타단일로,승용차,승용차,농기계,농기계,1075766.0,1697682.0,128.3330509,35.27174244
2018,2018102415,40,주,수,1,1,0,0,0,경남,의령군,차량단독,전도,전도,운전자법규위반,안전운전 의무 불이행,단일로,지하차도(도로)내,농기계,농기계,없음,없음,1070448.0,1705105.0,128.2752224,35.33905786
2018,2018081419,50,야,화,1,1,0,0,0,경남,의령군,차대차,추돌,추돌,운전자법규위반,안전운전 의무 불이행,단일로,지하차도(도로)내,승용차,승용차,농기계,농기계,1063157.0,1704964.0,128.1949856,35.33827443
2018,2018010120,45,야,월,1,4,2,1,0,경남,창원시(통합),차대차,기타,기타,운전자법규위반,안전운전 의무 불이행,교차로,교차로횡단보도내,승용차,승용차,승용차,승용차,1106988.0,1691683.0,128.6755025,35.21481
2018,2018121707,20,주,월,1,2,0,1,0,경남,창원시(통합),차대차,정면충돌,정면충돌,운전자법규위반,안전운전 의무 불이행,단일로,교량위,화물차,화물차,화물차,화물차,1109336.0,1689849.0,128.701052,35.19802301
2018,2018091123,5,야,화,1,1,0,0,0,경남,김해시,차대사람,횡단중,횡단중,운전자법규위반,안전운전 의무 불이행,단일로,기타단일로,승용차,승용차,보행자,보행자,1119147.0,1690507.0,128.8088966,35.20283796
2018,2018021506,20,주,목,1,1,0,0,0,경남,김해시,차대사람,횡단중,횡단중,운전자법규위반,안전운전 의무 불이행,교차로,교차로부근,승용차,승용차,보행자,보행자,1113688.0,1701331.0,128.7504372,35.30104875
2018,2018082310,5,주,목,1,2,1,0,0,경남,통영시,차량단독,공작물충돌,공작물충돌,운전자법규위반,안전운전 의무 불이행,단일로,기타단일로,화물차,화물차,없음,없음,1083445.0,1654124.0,128.413087,34.87840506
2018,2018041820,55,야,수,1,2,0,1,0,제주,제주시,차대사람,횡단중,횡단중,운전자법규위반,과속,단일로,기타단일로,이륜차,이륜차,보행자,보행자,912649.0,1502300.0,126.5595019,33.50901953
2018,2018010706,20,주,일,1,1,0,0,0,제주,제주시,차대차,기타,기타,운전자법규위반,신호위반,교차로,교차로내,화물차,화물차,이륜차,이륜차,943576.0,1500764.0,126.8925653,33.49724653
2018,2018022420,21,야,토,1,1,0,0,0,제주,서귀포시,차대사람,횡단중,횡단중,운전자법규위반,안전운전 의무 불이행,교차로,교차로부근,승용차,승용차,보행자,보행자,913775.0,1473789.0,126.5743526,33.25198048
2018,2018031520,50,야,목,1,4,3,0,0,제주,서귀포시,차대차,정면충돌,정면충돌,운전자법규위반,중앙선 침범,단일로,교량위,승용차,승용차,승용차,승용차,893983.0,1477100.0,126.3615261,33.28007697
2018,2018042114,50,주,토,1,2,0,0,1,제주,서귀포시,차대차,기타,기타,운전자법규위반,중앙선 침범,교차로,교차로부근,이륜차,이륜차,승용차,승용차,934745.0,1487716.0,126.7984484,33.37906328
2018,2018080523,50,야,일,1,2,1,0,0,제주,서귀포시,차대사람,횡단중,횡단중,운전자법규위반,보행자 보호의무 위반,단일로,기타단일로,승용차,승용차,보행자,보행자,899743.0,1473906.0,126.423724,33.25182329
2018,2018122221,55,야,토,1,1,0,0,0,제주,서귀포시,차대사람,기타,기타,운전자법규위반,안전운전 의무 불이행,단일로,기타단일로,승용차,승용차,보행자,보행자,944894.0,1492984.0,126.9072314,33.42714572
2018,2018112318,29,야,금,1,1,0,0,0,제주,제주시,차대차,기타,기타,운전자법규위반,신호위반,교차로,교차로내,승용차,승용차,이륜차,이륜차,897329.0,1498265.0,126.3950403,33.47127006
2018,2018071114,27,주,수,1,1,0,0,0,제주,제주시,차량단독,기타,기타,운전자법규위반,안전운전 의무 불이행,단일로,기타단일로,화물차,화물차,없음,없음,890498.0,1497538.0,126.321626,33.46403705
2018,2018072503,0,야,수,1,1,0,0,0,제주,제주시,차량단독,공작물충돌,공작물충돌,운전자법규위반,안전운전 의무 불이행,단일로,기타단일로,승용차,승용차,없음,없음,878761.0,1486523.0,126.1968333,33.36344522
2018,2018040214,35,주,월,1,1,0,0,0,대구,동구,차량단독,기타,기타,운전자법규위반,안전운전 의무 불이행,단일로,기타단일로,승용차,승용차,없음,없음,1104956.0,1774087.0,128.6638827,35.95787341
2018,2018091009,30,주,월,1,1,0,0,0,대구,동구,차대차,기타,기타,운전자법규위반,기타(운전자법규위반),단일로,기타단일로,승합차,승합차,승용차,승용차,1102949.0,1771731.0,128.6413251,35.93684965
2018,2018071520,20,야,일,1,1,0,0,0,대구,수성구,차대사람,횡단중,횡단중,운전자법규위반,보행자 보호의무 위반,교차로,교차로횡단보도내,승합차,승합차,보행자,보행자,1102202.0,1758931.0,128.6314028,35.82154428
2018,2018022500,17,야,일,1,1,0,0,0,대구,달성군,차대차,추돌,추돌,운전자법규위반,안전운전 의무 불이행,단일로,기타단일로,원동기장치자전거,원동기장치자전거,화물차,화물차,1090004.0,1765215.0,128.4970964,35.87938843
2018,2018071521,54,야,일,1,1,0,0,0,대구,달성군,차대사람,차도통행중,차도통행중,운전자법규위반,안전운전 의무 불이행,교차로,교차로부근,화물차,화물차,보행자,보행자,1090588.0,1756985.0,128.502631,35.80514279
2018,2018080815,34,주,수,1,1,0,0,0,대구,달성군,차량단독,전도,전도,운전자법규위반,안전운전 의무 불이행,단일로,기타단일로,이륜차,이륜차,없음,없음,1085762.0,1742290.0,128.4476522,35.67309951
2018,2018082000,5,야,월,1,2,1,0,0,대구,달성군,차대차,측면충돌,측면충돌,운전자법규위반,신호위반,교차로,교차로내,화물차,화물차,승용차,승용차,1084423.0,1762804.0,128.4350203,35.85815071
2018,2018011221,45,야,금,1,1,0,0,0,대구,북구,차대사람,횡단중,횡단중,운전자법규위반,과속,단일로,기타단일로,승용차,승용차,보행자,보행자,1099427.0,1766611.0,128.6016455,35.89106078
2018,2018102706,22,주,토,1,1,0,0,0,대구,북구,차대사람,횡단중,횡단중,운전자법규위반,신호위반,교차로,교차로횡단보도내,승용차,승용차,보행자,보행자,1098933.0,1767781.0,128.5963184,35.90165776
2018,2018052211,1,주,화,1,1,0,0,0,대구,서구,차대차,측면충돌,측면충돌,운전자법규위반,안전운전 의무 불이행,단일로,기타단일로,건설기계,건설기계,건설기계,건설기계,1093276.0,1763919.0,128.5331878,35.86739909
2018,2018032505,50,야,일,1,2,0,1,0,대구,달서구,차대차,기타,기타,운전자법규위반,신호위반,교차로,교차로내,이륜차,이륜차,승용차,승용차,1089582.0,1761336.0,128.4919861,35.84445875
2018,2018071823,40,야,수,1,1,0,0,0,대구,달서구,차량단독,기타,기타,운전자법규위반,안전운전 의무 불이행,단일로,기타단일로,이륜차,이륜차,없음,없음,1094305.0,1761268.0,128.5442706,35.84340267
2018,2018122304,50,야,일,1,1,0,0,0,대구,북구,차대차,기타,기타,운전자법규위반,안전운전 의무 불이행,단일로,기타단일로,화물차,화물차,자전거,자전거,1094809.0,1772564.0,128.5511961,35.94518278