발생년,발생년월일시,발생분,주야,요일,사망자수,사상자수,중상자수,경상자수,부상신고자수,발생지시도,발생지시군구,사고유형_대분류,사고유형_중분류,사고유형,법규위반_대분류,법규위반,도로형태_대분류,도로형태,가해자_당사자종별_대분류,가해자_당사자종별,피해자_당사자종별_대분류,피해자_당사자종별,발생위치X_UTMK,발생위치Y_UTMK,경도,위도
2018,2018112310,40,주,금,1,5,1,3,0,인천,중구,차대사람,기타,기타,운전자법규위반,기타(운전자법규위반),기타,기타,승합차,승합차,보행자,보행자,907698.0,1938674.0,126.4565553,37.44264271
2018,2018041921,35,야,목,1,3,1,1,0,인천,중구,차대차,정면충돌,정면충돌,운전자법규위반,교차로 통행방법 위반,교차로,교차로내,승용차,승용차,승합차,승합차,921702.0,1942429.0,126.6144482,37.47777675
2018,2018060415,30,주,월,1,1,0,0,0,인천,옹진군,차량단독,도로이탈,도로이탈 추락,운전자법규위반,안전운전 의무 불이행,단일로,기타단일로,농기계,농기계,없음,없음,862137.0,1898430.0,125.9491017,37.07434747
2018,2018012006,45,주,토,1,1,0,0,0,인천,중구,차대차,추돌,추돌,운전자법규위반,안전운전 의무 불이행,교차로,교차로부근,화물차,화물차,화물차,화물차,922368.0,1938941.0,126.6223474,37.44639679
2018,2018060923,30,야,토,1,2,1,0,0,인천,남동구,차량단독,공작물충돌,공작물충돌,운전자법규위반,안전운전 의무 불이행,단일로,지하차도(도로)내,원동기장치자전거,원동기장치자전거,없음,없음,929874.0,1941036.0,126.7069977,37.46587841
2018,2018040900,37,야,월,1,3,2,0,0,인천,남동구,차대차,측면충돌,측면충돌,운전자법규위반,중앙선 침범,단일로,기타단일로,승용차,승용차,승용차,승용차,929271.0,1938663.0,126.7004072,37.44444495
2018,2018010819,8,야,월,1,1,0,0,0,인천,서구,차대사람,횡단중,횡단중,운전자법규위반,안전운전 의무 불이행,단일로,기타단일로,화물차,화물차,보행자,보행자,921073.0,1952273.0,126.6062773,37.56644262
2018,2018020616,40,주,화,1,2,0,1,0,인천,서구,차대차,기타,기타,운전자법규위반,안전운전 의무 불이행,단일로,기타단일로,승용차,승용차,승용차,승용차,927436.0,1944629.0,126.6790765,37.49807306
2018,2018022400,40,야,토,1,1,0,0,0,인천,서구,차대차,측면충돌,측면충돌,운전자법규위반,신호위반,교차로,교차로내,특수차,특수차,이륜차,이륜차,926960.0,1950653.0,126.6730929,37.55232795
2018,2018120417,40,주,화,1,1,0,0,0,인천,서구,차대차,기타,기타,운전자법규위반,신호위반,교차로,교차로내,화물차,화물차,화물차,화물차,924541.0,1946484.0,126.646138,37.51455941
2018,2018080805,55,야,수,1,1,0,0,0,인천,서구,차대차,측면충돌,측면충돌,운전자법규위반,과속,단일로,기타단일로,승용차,승용차,승용차,승용차,927234.0,1948633.0,126.676395,37.53414404
2018,2018011902,14,야,금,1,1,0,0,0,인천,계양구,차량단독,공작물충돌,공작물충돌,운전자법규위반,안전운전 의무 불이행,단일로,기타단일로,이륜차,이륜차,없음,없음,932371.0,1949206.0,126.7344806,37.53969955
2018,2018082923,58,야,수,1,1,0,0,0,인천,계양구,차대차,추돌,추돌,운전자법규위반,안전운전 의무 불이행,교차로,교차로부근,승용차,승용차,이륜차,이륜차,933939.0,1948242.0,126.7523148,37.5311249
2018,2018070409,13,주,수,1,1,0,0,0,인천,계양구,차대사람,기타,기타,운전자법규위반,안전운전 의무 불이행,단일로,기타단일로,화물차,화물차,보행자,보행자,931313.0,1948267.0,126.7225935,37.53115831
2018,2018110523,5,야,월,1,1,0,0,0,인천,연수구,차대차,측면충돌,측면충돌,운전자법규위반,안전운전 의무 불이행,교차로,교차로부근,자전거,자전거,승합차,승합차,926383.0,1936149.0,126.6680122,37.42156135
2018,2018070321,10,야,화,1,2,0,1,0,인천,연수구,차대차,추돌,추돌,운전자법규위반,안전운전 의무 불이행,교차로,교차로부근,승용차,승용차,승합차,승합차,928979.7,1936315.6,126.6973403,37.42326579
2018,2018010602,0,야,토,1,1,0,0,0,인천,연수구,차대차,측면충돌,측면충돌,운전자법규위반,안전운전 의무 불이행,단일로,교량위,승용차,승용차,이륜차,이륜차,926341.9,1933027.8,126.667859,37.39342716
2018,2018032005,52,야,화,1,1,0,0,0,인천,부평구,차대차,기타,기타,운전자법규위반,안전운전 의무 불이행,단일로,기타단일로,승용차,승용차,화물차,화물차,931920.0,1944018.0,126.7298567,37.49290782
2018,2018122117,30,주,금,1,1,0,0,0,인천,남동구,차대사람,횡단중,횡단중,운전자법규위반,안전운전 의무 불이행,단일로,기타단일로,승합차,승합차,보행자,보행자,932768.0,1938977.0,126.739909,37.44753585
2018,2018011400,1,야,일,1,5,1,3,0,경기,고양시,차대차,추돌,추돌,운전자법규위반,안전운전 의무 불이행,단일로,교량위,승용차,승용차,승용차,승용차,938655.0,1959524.0,126.8047422,37.63313402
2018,2018060817,15,주,금,1,1,0,0,0,경기,고양시,차대사람,기타,기타,운전자법규위반,안전운전 의무 불이행,단일로,교량위,화물차,화물차,보행자,보행자,947216.0,1963887.0,126.9014481,37.67298932
2018,2018090119,35,야,토,1,4,0,3,0,경기,안양시,차대차,추돌,추돌,운전자법규위반,안전운전 의무 불이행,단일로,고가도로위,승용차,승용차,승용차,승용차,947185.0,1936245.0,126.9030867,37.42384741
2018,2018080715,40,주,화,1,2,0,1,0,경기,안산시,차량단독,공작물충돌,공작물충돌,운전자법규위반,안전운전 의무 불이행,단일로,기타단일로,화물차,화물차,없음,없음,937327.0,1927640.0,126.7924083,37.34567417
2018,2018100603,28,야,토,1,1,0,0,0,인천,부평구,차대차,기타,기타,운전자법규위반,안전운전 의무 불이행,단일로,교량위,화물차,화물차,승용차,승용차,933848.0,1947395.0,126.7513612,37.52348448
2018,2018100520,30,야,금,1,1,0,0,0,광주,동구,차대사람,횡단중,횡단중,운전자법규위반,안전운전 의무 불이행,단일로,기타단일로,승용차,승용차,보행자,보행자,948198.6137,1684795.565,126.931238,35.157077
2018,2018012205,50,야,월,1,1,0,0,0,광주,남구,차대차,측면충돌,측면충돌,운전자법규위반,기타(운전자법규위반),교차로,교차로부근,승용차,승용차,자전거,자전거,947003.0,1680940.0,126.9183585,35.12224993
2018,2018101017,30,주,수,1,1,0,0,0,광주,북구,차대사람,횡단중,횡단중,운전자법규위반,보행자 보호의무 위반,단일로,기타단일로,건설기계,건설기계,보행자,보행자,945607.7,1685869.9,126.9027212,35.16662709
2018,2018053020,30,야,수,1,1,0,0,0,광주,북구,차대사람,횡단중,횡단중,운전자법규위반,신호위반,단일로,기타단일로,승용차,승용차,보행자,보행자,945605.0,1684956.0,126.9027518,35.15838657
2018,2018033112,0,주,토,1,1,0,0,0,광주,북구,차대차,측면충돌,측면충돌,운전자법규위반,기타(운전자법규위반),단일로,기타단일로,승용차,승용차,이륜차,이륜차,946462.0,1686629.0,126.9120525,35.17351756
2018,2018111518,23,야,목,1,1,0,0,0,광주,광산구,차대사람,횡단중,횡단중,운전자법규위반,안전운전 의무 불이행,교차로,교차로부근,승용차,승용차,보행자,보행자,932525.0,1680848.0,126.7594807,35.12055382
2018,2018051220,33,야,토,1,1,0,0,0,대전,중구,차대차,측면충돌,측면충돌,운전자법규위반,안전운전 의무 불이행,교차로,교차로내,승용차,승용차,이륜차,이륜차,994317.0,1812942.0,127.4366932,36.3138071
2018,2018033113,50,주,토,1,1,0,0,0,대전,중구,차대차,측면충돌,측면충돌,운전자법규위반,신호위반,단일로,기타단일로,화물차,화물차,자전거,자전거,990346.0,1814354.0,127.3924401,36.32650529
2018,2018010205,50,야,화,1,1,0,0,0,대전,중구,차대차,추돌,추돌,운전자법규위반,안전운전 의무 불이행,단일로,기타단일로,승용차,승용차,자전거,자전거,992252.0,1813788.0,127.4136814,36.32141978
2018,2018090507,35,주,수,1,1,0,0,0,대전,동구,차량단독,공작물충돌,공작물충돌,운전자법규위반,안전운전 의무 불이행,단일로,기타단일로,승용차,승용차,없음,없음,999576.0,1816700.0,127.4952747,36.34770381
2018,2018101422,15,야,일,1,1,0,0,0,대전,동구,차대사람,횡단중,횡단중,운전자법규위반,안전운전 의무 불이행,단일로,기타단일로,승용차,승용차,보행자,보행자,995839.0,1813360.0,127.4536456,36.31758334
2018,2018053013,40,주,수,1,1,0,0,0,대전,서구,차대사람,횡단중,횡단중,운전자법규위반,안전운전 의무 불이행,단일로,고가도로위,화물차,화물차,보행자,보행자,985360.0,1811578.0,127.336941,36.30141555
2018,2018090321,15,야,월,1,1,0,0,0,대전,서구,차대사람,횡단중,횡단중,운전자법규위반,안전운전 의무 불이행,단일로,기타단일로,승용차,승용차,보행자,보행자,989092.0,1814057.0,127.3784729,36.32381432
2018,2018022011,3,주,화,1,1,0,0,0,대전,대덕구,차대사람,길가장자리구역통행중,길가장자리구역통행중,운전자법규위반,안전운전 의무 불이행,단일로,기타단일로,화물차,화물차,보행자,보행자,993045.0,1826524.0,127.422402,36.43624551
2018,2018041123,30,야,수,1,1,0,0,0,대전,서구,차대차,기타,기타,운전자법규위반,중앙선 침범,단일로,기타단일로,승용차,승용차,이륜차,이륜차,989187.0,1817375.0,127.3794852,36.35372853
2018,2018040717,17,주,토,1,1,0,0,0,대전,유성구,차대사람,횡단중,횡단중,운전자법규위반,보행자 보호의무 위반,교차로,교차로횡단보도내,승용차,승용차,보행자,보행자,989792.0,1826424.0,127.3861092,36.43531487
2018,2018090704,0,야,금,1,2,0,1,0,대전,유성구,차대차,추돌,추돌,운전자법규위반,안전운전 의무 불이행,단일로,기타단일로,승용차,승용차,화물차,화물차,984472.0,1818580.0,127.326911,36.36452749
2018,2018052712,25,주,일,1,2,1,0,0,울산,북구,차대차,추돌,추돌,운전자법규위반,과속,단일로,기타단일로,승용차,승용차,원동기장치자전거,원동기장치자전거,1166503.0,1742299.0,129.3395134,35.66285687
2018,2018042903,16,야,일,1,1,0,0,0,울산,남구,차량단독,공작물충돌,공작물충돌,운전자법규위반,안전운전 의무 불이행,교차로,교차로내,이륜차,이륜차,없음,없음,1165402.0,1729234.0,129.3246793,35.54530095
2018,2018080506,51,주,일,1,1,0,0,0,울산,남구,차대차,추돌,추돌,운전자법규위반,안전운전 의무 불이행,단일로,기타단일로,승용차,승용차,자전거,자전거,1160988.0,1729869.0,129.2761325,35.55175065
2018,2018070801,50,야,일,1,1,0,0,0,울산,남구,차대사람,횡단중,횡단중,운전자법규위반,안전운전 의무 불이행,교차로,교차로횡단보도내,화물차,화물차,보행자,보행자,1166018.0,1728456.0,129.3313124,35.5381866
2018,2018040119,53,야,일,1,1,0,0,0,울산,남구,차대사람,횡단중,횡단중,운전자법규위반,보행자 보호의무 위반,기타,기타,승용차,승용차,보행자,보행자,1162276.0,1729239.0,129.2902102,35.54586284
2018,2018032211,30,주,목,1,1,0,0,0,울산,남구,차대차,기타,기타,운전자법규위반,안전운전 의무 불이행,단일로,기타단일로,승용차,승용차,자전거,자전거,1159909.0,1729495.0,129.2641594,35.54855478
2018,2018113003,0,야,금,1,1,0,0,0,울산,동구,차대사람,기타,기타,운전자법규위반,안전운전 의무 불이행,단일로,기타단일로,승용차,승용차,보행자,보행자,1174918.0,1722793.0,129.4282171,35.48562368
2018,2018032223,35,야,목,1,1,0,0,0,울산,동구,차량단독,기타,기타,운전자법규위반,안전운전 의무 불이행,단일로,기타단일로,이륜차,이륜차,없음,없음,1175160.0,1725930.0,129.4315604,35.51385029
2018,2018070209,0,주,월,1,2,1,0,0,울산,울주군,차대차,기타,기타,운전자법규위반,중앙선 침범,단일로,기타단일로,승용차,승용차,화물차,화물차,1145569.0,1732083.0,129.1064805,35.57409116
2018,2018062718,0,야,수,1,1,0,0,0,울산,울주군,차대사람,횡단중,횡단중,운전자법규위반,안전운전 의무 불이행,교차로,교차로내,승용차,승용차,보행자,보행자,1161412.0,1714903.0,129.2778346,35.41680271
2018,2018032320,30,야,금,1,1,0,0,0,경기,의정부시,차대차,추돌,추돌,운전자법규위반,안전운전 의무 불이행,교차로,교차로부근,승용차,승용차,화물차,화물차,964977.0,1968940.0,127.102603,37.71938289
2018,2018091908,35,주,수,1,1,0,0,0,경기,고양시,차대차,측면충돌,측면충돌,운전자법규위반,중앙선 침범,교차로,교차로부근,자전거,자전거,화물차,화물차,947241.0,1968363.0,126.9014073,37.7133324
2018,2018113004,35,야,금,1,1,0,0,0,경기,고양시,차대차,추돌,추돌,운전자법규위반,과속,단일로,기타단일로,승용차,승용차,이륜차,이륜차,939920.0,1962947.0,126.8187965,37.66406845
2018,2018063011,20,주,토,1,1,0,0,0,경기,남양주시,차량단독,기타,기타,운전자법규위반,안전운전 의무 불이행,단일로,기타단일로,자전거,자전거,없음,없음,971601.0,1954644.0,127.178319,37.59075833
2018,2018121502,12,야,토,1,1,0,0,0,경기,파주시,차량단독,공작물충돌,공작물충돌,운전자법규위반,안전운전 의무 불이행,단일로,기타단일로,승용차,승용차,없음,없음,945722.0,1970824.0,126.8839903,37.73542415
2018,2018101010,50,주,수,1,1,0,0,0,경기,파주시,차대사람,차도통행중,차도통행중,운전자법규위반,안전운전 의무 불이행,단일로,기타단일로,승합차,승합차,보행자,보행자,931702.0,1971414.0,126.7248316,37.73980266
2018,2018011020,42,야,수,1,2,0,1,0,경기,동두천시,차대차,기타,기타,운전자법규위반,중앙선 침범,교차로,교차로부근,승용차,승용차,화물차,화물차,960442.0,1992238.0,127.0498733,37.92918057
2018,2018080218,15,야,목,1,1,0,0,0,경기,동두천시,차량단독,공작물충돌,공작물충돌,운전자법규위반,안전운전 의무 불이행,교차로,교차로내,승용차,승용차,없음,없음,962046.0,1996667.0,127.0678908,37.96916631
2018,2018120717,0,주,금,1,1,0,0,0,경기,구리시,차량단독,기타,기타,운전자법규위반,안전운전 의무 불이행,기타,기타,원동기장치자전거,원동기장치자전거,없음,없음,967503.0,1956621.0,127.1318131,37.60844205
2018,2018010917,15,주,화,1,3,2,0,0,경기,포천시,차대차,정면충돌,정면충돌,운전자법규위반,신호위반,교차로,교차로내,화물차,화물차,화물차,화물차,977222.0,2016860.0,127.2400255,38.15166781
2018,2018040906,22,주,월,1,7,6,0,0,경기,포천시,차량단독,공작물충돌,공작물충돌,운전자법규위반,안전운전 의무 불이행,교차로,교차로부근,화물차,화물차,없음,없음,979112.0,1980290.0,127.2626608,37.82211394
2018,2018102209,20,주,월,1,1,0,0,0,경기,포천시,차대사람,횡단중,횡단중,운전자법규위반,안전운전 의무 불이행,단일로,기타단일로,승합차,승합차,보행자,보행자,988276.0,2003951.0,127.3664007,38.03553395
2018,2018062223,15,야,금,1,1,0,0,0,경기,포천시,차량단독,기타,기타,운전자법규위반,안전운전 의무 불이행,단일로,교량위,화물차,화물차,없음,없음,990505.0,2010552.0,127.3917133,38.09505346
2018,2018101818,40,야,목,1,1,0,0,0,경기,연천군,차대사람,횡단중,횡단중,운전자법규위반,안전운전 의무 불이행,교차로,교차로내,승용차,승용차,보행자,보행자,962070.0,2005594.0,127.0676918,38.04962305
2018,2018051907,15,주,토,1,1,0,0,0,경기,고양시,차량단독,기타,기타,운전자법규위반,안전운전 의무 불이행,단일로,기타단일로,자전거,자전거,없음,없음,931972.0,1962825.0,126.7286983,37.66241408
2018,2018032318,0,야,금,1,1,0,0,0,서울,중구,차대차,측면충돌,측면충돌,운전자법규위반,안전운전 의무 불이행,교차로,교차로내,승용차,승용차,이륜차,이륜차,956058.0,1951817.0,127.0024349,37.56466688
2018,2018060312,16,주,일,1,1,0,0,0,서울,종로구,차대차,측면충돌,측면충돌,운전자법규위반,신호위반,교차로,교차로내,화물차,화물차,승용차,승용차,952290.0,1955864.0,126.9595071,37.60095554
2018,2018051322,44,야,일,1,1,0,0,0,서울,서대문구,차대사람,차도통행중,차도통행중,운전자법규위반,기타(운전자법규위반),단일로,기타단일로,승합차,승합차,보행자,보행자,951559.0,1953635.0,126.9513736,37.58082709
2018,2018042801,50,야,토,1,1,0,0,0,서울,은평구,차대사람,기타,기타,운전자법규위반,안전운전 의무 불이행,교차로,교차로부근,승용차,승용차,보행자,보행자,949230.0,1955207.0,126.9248883,37.59487011
2018,2018010605,14,야,토,1,1,0,0,0,서울,용산구,차대사람,횡단중,횡단중,운전자법규위반,안전운전 의무 불이행,단일로,기타단일로,승용차,승용차,보행자,보행자,954826.0,1948409.0,126.9886951,37.53389018
2018,2018081121,42,야,토,1,2,1,0,0,서울,성북구,차대사람,보도통행중,보도통행중,운전자법규위반,안전운전 의무 불이행,단일로,기타단일로,이륜차,이륜차,보행자,보행자,956571.0,1954348.0,127.0080935,37.58750368
2018,2018080123,10,야,수,1,2,0,1,0,서울,성북구,차대사람,횡단중,횡단중,운전자법규위반,안전운전 의무 불이행,단일로,기타단일로,승용차,승용차,보행자,보행자,956650.0,1954575.0,127.0089748,37.5895534
2018,2018022504,0,야,일,1,4,2,1,0,서울,강북구,차대차,측면충돌,측면충돌,운전자법규위반,신호위반,교차로,교차로내,승용차,승용차,승용차,승용차,958822.0,1956920.0,127.0334443,37.61078916
2018,2018070901,13,야,월,1,1,0,0,0,서울,강북구,차대사람,횡단중,횡단중,운전자법규위반,신호위반,교차로,교차로내,승합차,승합차,보행자,보행자,958126.0,1959606.0,127.0254049,37.6349671
2018,2018061905,40,야,화,1,1,0,0,0,서울,강북구,차량단독,기타,기타,운전자법규위반,안전운전 의무 불이행,단일로,기타단일로,자전거,자전거,없음,없음,956386.0,1963885.0,127.0054288,37.67345315
2018,2018102806,45,주,일,1,1,0,0,0,서울,동대문구,차대사람,횡단중,횡단중,운전자법규위반,보행자 보호의무 위반,교차로,교차로횡단보도내,승용차,승용차,보행자,보행자,960800.0,1954594.0,127.0559795,37.58991084
2018,2018051520,50,야,화,1,1,0,0,0,서울,마포구,차대차,측면충돌,측면충돌,운전자법규위반,안전운전 의무 불이행,단일로,기타단일로,자전거,자전거,승용차,승용차,951991.0,1950582.0,126.9564661,37.55333256
2018,2018041011,17,주,화,1,1,0,0,0,서울,마포구,차대사람,기타,기타,운전자법규위반,안전운전 의무 불이행,단일로,기타단일로,승합차,승합차,보행자,보행자,948811.0,1950711.0,126.9204563,37.55432404
2018,2018100309,15,주,수,1,2,0,1,0,서울,영등포구,차대차,기타,기타,운전자법규위반,안전운전 의무 불이행,교차로,교차로부근,자전거,자전거,승용차,승용차,947396.0,1946899.0,126.9047102,37.5198863
2018,2018080923,50,야,목,1,1,0,0,0,서울,영등포구,차대차,측면충돌,측면충돌,운전자법규위반,안전운전 의무 불이행,교차로,교차로부근,자전거,자전거,승용차,승용차,947702.0,1944239.0,126.9083621,37.49592866
2018,2018051701,41,야,목,1,1,0,0,0,서울,영등포구,차량단독,공작물충돌,공작물충돌,운전자법규위반,안전운전 의무 불이행,교차로,교차로내,승용차,승용차,없음,없음,945855.0,1946258.0,126.8873197,37.51401971
2018,2018021914,35,주,월,1,1,0,0,0,서울,영등포구,차대사람,횡단중,횡단중,운전자법규위반,신호위반,단일로,기타단일로,승용차,승용차,보행자,보행자,949119.0,1947547.0,126.9241626,37.5258235
2018,2018071307,36,주,금,1,1,0,0,0,서울,영등포구,차대차,기타,기타,운전자법규위반,안전운전 의무 불이행,단일로,기타단일로,화물차,화물차,화물차,화물차,947038.0,1946449.0,126.9006915,37.5158099
2018,2018011817,34,주,목,1,1,0,0,0,서울,성동구,차대사람,횡단중,횡단중,운전자법규위반,안전운전 의무 불이행,단일로,기타단일로,승용차,승용차,보행자,보행자,959059.0,1951275.0,127.0364451,37.55992001
2018,2018041314,55,주,금,1,1,0,0,0,서울,동작구,차대사람,횡단중,횡단중,운전자법규위반,신호위반,단일로,기타단일로,승용차,승용차,보행자,보행자,950377.0,1946178.0,126.9384917,37.51355298
2018,2018112911,25,주,목,1,4,1,2,0,서울,중랑구,차대차,정면충돌,정면충돌,운전자법규위반,중앙선 침범,불명,불명,승용차,승용차,승용차,승용차,963306.0,1955941.0,127.0842968,37.60215509
2018,2018031001,40,야,토,1,1,0,0,0,서울,관악구,차대사람,보도통행중,보도통행중,운전자법규위반,안전운전 의무 불이행,교차로,교차로횡단보도내,이륜차,이륜차,보행자,보행자,949919.0,1941788.0,126.9336083,37.47396013
2018,2018010500,22,야,금,1,3,2,0,0,서울,강서구,차대차,정면충돌,정면충돌,운전자법규위반,안전운전 의무 불이행,교차로,교차로부근,승용차,승용차,승용차,승용차,940755.0,1952815.0,126.8290845,37.5728044
2018,2018081318,35,야,월,1,1,0,0,0,서울,강서구,차대사람,횡단중,횡단중,운전자법규위반,안전운전 의무 불이행,교차로,교차로부근,화물차,화물차,보행자,보행자,939299.0,1952541.0,126.8126199,37.57024
2018,2018063002,6,야,토,1,1,0,0,0,서울,강서구,차대사람,기타,기타,운전자법규위반,안전운전 의무 불이행,단일로,기타단일로,승용차,승용차,보행자,보행자,943241.0,1949043.0,126.8575273,37.53896395
2018,2018030422,20,야,일,1,3,0,2,0,서울,송파구,차대차,정면충돌,정면충돌,운전자법규위반,중앙선 침범,단일로,지하차도(도로)내,원동기장치자전거,원동기장치자전거,승합차,승합차,966091.0,1944152.0,127.1163921,37.49600317
2018,2018022122,30,야,수,1,5,0,4,0,서울,송파구,차대차,추돌,추돌,운전자법규위반,안전운전 의무 불이행,교차로,교차로부근,화물차,화물차,승용차,승용차,965783.0,1946811.0,127.1127841,37.51995856
2018,2018041617,20,주,월,1,1,0,0,0,서울,송파구,차대사람,길가장자리구역통행중,길가장자리구역통행중,운전자법규위반,안전운전 의무 불이행,교차로,교차로내,승용차,승용차,보행자,보행자,966778.0,1943299.0,127.1242025,37.48833964
2018,2018110417,15,주,일,1,1,0,0,0,서울,송파구,차대사람,횡단중,횡단중,운전자법규위반,안전운전 의무 불이행,단일로,기타단일로,승용차,승용차,보행자,보행자,962630.0,1944913.0,127.0772006,37.50272876
2018,2018021712,4,주,토,1,1,0,0,0,서울,송파구,차대차,측면충돌,측면충돌,운전자법규위반,안전운전 의무 불이행,교차로,교차로횡단보도내,화물차,화물차,자전거,자전거,964997.0,1945508.0,127.1039516,37.50818457
2018,2018111107,14,주,일,2,10,4,4,0,서울,송파구,차대차,기타,기타,운전자법규위반,안전운전 의무 불이행,단일로,기타단일로,승용차,승용차,승합차,승합차,963373.0,1946466.0,127.0855292,37.51675638
2018,2018121313,10,주,목,1,2,1,0,0,서울,성북구,차량단독,공작물충돌,공작물충돌,운전자법규위반,안전운전 의무 불이행,단일로,기타단일로,승용차,승용차,없음,없음,958178.0,1956131.0,127.026193,37.60364868
2018,2018122405,41,야,월,1,1,0,0,0,서울,서초구,차대차,기타,기타,운전자법규위반,안전운전 의무 불이행,단일로,기타단일로,승용차,승용차,승용차,승용차,959188.7,1940745.3,127.0384984,37.46501785
2018,2018112923,25,야,목,1,5,1,3,0,서울,서초구,차대차,측면충돌,측면충돌,운전자법규위반,신호위반,교차로,교차로내,승용차,승용차,승합차,승합차,956965.0,1945592.0,127.0130697,37.50860203
2018,2018112104,28,야,수,1,1,0,0,0,서울,양천구,차대사람,횡단중,횡단중,운전자법규위반,신호위반,교차로,교차로횡단보도내,승용차,승용차,보행자,보행자,941612.0,1946667.0,126.8392781,37.51744725
2018,2018100922,35,야,화,1,1,0,0,0,서울,양천구,차량단독,전도,전도,운전자법규위반,안전운전 의무 불이행,단일로,교량위,이륜차,이륜차,없음,없음,941233.0,1947550.0,126.834919,37.52538168
2018,2018101512,41,주,월,1,1,0,0,0,서울,노원구,차대사람,보도통행중,보도통행중,운전자법규위반,기타(운전자법규위반),단일로,기타단일로,승용차,승용차,보행자,보행자,961344.0,1961159.0,127.0617941,37.64910564
2018,2018062508,6,주,월,1,1,0,0,0,서울,노원구,차대사람,차도통행중,차도통행중,운전자법규위반,안전운전 의무 불이행,단일로,기타단일로,승용차,승용차,보행자,보행자,962805.0,1961949.0,127.0783154,37.65628642
2018,2018020718,40,야,수,1,1,0,0,0,서울,도봉구,차대사람,기타,기타,운전자법규위반,안전운전 의무 불이행,교차로,교차로부근,승용차,승용차,보행자,보행자,959831.0,1963854.0,127.0444947,37.67333108
2018,2018090902,18,야,일,1,1,0,0,0,서울,은평구,차량단독,공작물충돌,공작물충돌,운전자법규위반,안전운전 의무 불이행,단일로,기타단일로,원동기장치자전거,원동기장치자전거,없음,없음,948379.0,1957711.0,126.9150721,37.61739138
2018,2018020611,30,주,화,1,1,0,0,0,서울,은평구,차대사람,횡단중,횡단중,운전자법규위반,안전운전 의무 불이행,교차로,교차로내,승용차,승용차,보행자,보행자,948558.0,1958412.0,126.917051,37.62371954
2018,2018081205,13,야,일,1,1,0,0,0,서울,강남구,차량단독,기타,기타,운전자법규위반,안전운전 의무 불이행,단일로,지하차도(도로)내,승용차,승용차,없음,없음,962353.7,1942968.9,127.0741741,37.48519452
2018,2018081221,44,야,일,1,1,0,0,0,부산,북구,차대사람,횡단중,횡단중,운전자법규위반,안전운전 의무 불이행,단일로,기타단일로,승용차,승용차,보행자,보행자,1136219.0,1691130.0,128.9964918,35.20628151
2018,2018071213,32,주,목,1,1,0,0,0,부산,동래구,차대차,기타,기타,운전자법규위반,교차로 통행방법 위반,교차로,교차로내,승용차,승용차,자전거,자전거,1144184.0,1690954.0,129.0839349,35.20358215
2018,2018071818,35,야,수,1,20,5,14,0,부산,동래구,차대사람,횡단중,횡단중,운전자법규위반,안전운전 의무 불이행,단일로,기타단일로,승합차,승합차,보행자,보행자,1143799.0,1690961.0,129.0797082,35.20370049
2018,2018021213,10,주,월,1,1,0,0,0,부산,영도구,차대차,측면충돌,측면충돌,운전자법규위반,신호위반,교차로,교차로내,자전거,자전거,건설기계,건설기계,1142004.0,1679385.0,129.0580049,35.09961159
2018,2018042808,40,주,토,1,1,0,0,0,부산,영도구,차대차,측면충돌,측면충돌,운전자법규위반,중앙선 침범,단일로,기타단일로,이륜차,이륜차,화물차,화물차,1141016.0,1678090.0,129.046948,35.08807725
2018,2018042517,32,주,수,1,1,0,0,0,부산,해운대구,차대사람,횡단중,횡단중,운전자법규위반,안전운전 의무 불이행,단일로,기타단일로,특수차,특수차,보행자,보행자,1148180.0,1692817.0,129.1281528,35.21979214
2018,2018022506,45,주,일,1,1,0,0,0,부산,해운대구,차대사람,횡단중,횡단중,운전자법규위반,안전운전 의무 불이행,기타,기타,화물차,화물차,보행자,보행자,1149747.0,1686574.0,129.1442298,35.16328854
2018,2018072804,7,야,토,1,1,0,0,0,부산,부산진구,차량단독,기타,기타,운전자법규위반,안전운전 의무 불이행,단일로,기타단일로,이륜차,이륜차,없음,없음,1142897.0,1686391.0,129.0690105,35.16263639
2018,2018051822,50,야,금,1,1,0,0,0,부산,부산진구,차대사람,기타,기타,운전자법규위반,안전운전 의무 불이행,단일로,기타단일로,이륜차,이륜차,보행자,보행자,1142082.4,1685987.5,129.0599996,35.1591148
2018,2018101100,15,야,목,1,1,0,0,0,부산,부산진구,차대사람,기타,기타,운전자법규위반,안전운전 의무 불이행,단일로,기타단일로,승용차,승용차,보행자,보행자,1139272.3,1684680.2,129.0289354,35.14772412