발생년,발생년월일시,발생분,주야,요일,사망자수,사상자수,중상자수,경상자수,부상신고자수,발생지시도,발생지시군구,사고유형_대분류,사고유형_중분류,사고유형,법규위반_대분류,법규위반,도로형태_대분류,도로형태,가해자_당사자종별_대분류,가해자_당사자종별,피해자_당사자종별_대분류,피해자_당사자종별,발생위치X_UTMK,발생위치Y_UTMK,경도,위도
2018,2018040917,43,주,월,1,1,0,0,0,부산,사하구,차대차,측면충돌,측면충돌,운전자법규위반,안전거리 미확보,단일로,기타단일로,이륜차,이륜차,승합차,승합차,1133391.0,1679982.0,128.9636314,35.10617056
2018,2018122106,24,주,금,1,1,0,0,0,부산,연제구,차대사람,길가장자리구역통행중,길가장자리구역통행중,운전자법규위반,안전운전 의무 불이행,단일로,기타단일로,승합차,승합차,보행자,보행자,1144623.0,1688353.0,129.0882995,35.18007439
2018,2018062805,5,야,목,1,1,0,0,0,부산,연제구,차대사람,횡단중,횡단중,운전자법규위반,과속,단일로,기타단일로,승용차,승용차,보행자,보행자,1144741.0,1687707.0,129.0894816,35.17423455
2018,2018022320,20,야,금,1,1,0,0,0,부산,강서구,차대사람,횡단중,횡단중,운전자법규위반,안전운전 의무 불이행,단일로,기타단일로,승용차,승용차,보행자,보행자,1134410.3,1691674.3,128.9767163,35.21143182
2018,2018030907,34,주,금,1,1,0,0,0,부산,강서구,차대사람,횡단중,횡단중,운전자법규위반,안전운전 의무 불이행,단일로,기타단일로,승용차,승용차,보행자,보행자,1126185.1,1677944.2,128.8842753,35.08872921
2018,2018051922,25,야,토,1,1,0,0,0,부산,강서구,차대사람,기타,기타,운전자법규위반,안전운전 의무 불이행,단일로,기타단일로,승용차,승용차,보행자,보행자,1130010.6,1680674.7,128.9266592,35.11285698
2018,2018033109,16,주,토,1,1,0,0,0,부산,강서구,차대사람,기타,기타,운전자법규위반,과속,교차로,교차로부근,승용차,승용차,보행자,보행자,1132840.6,1686276.4,128.9586057,35.16298301
2018,2018011621,19,야,화,1,1,0,0,0,부산,기장군,차대사람,횡단중,횡단중,운전자법규위반,보행자 보호의무 위반,교차로,교차로횡단보도내,화물차,화물차,보행자,보행자,1153773.0,1704001.0,129.1916783,35.31975271
2018,2018072819,29,야,토,1,1,0,0,0,경남,김해시,차량단독,기타,기타,운전자법규위반,안전운전 의무 불이행,단일로,기타단일로,화물차,화물차,없음,없음,1129543.0,1706648.0,128.9256201,35.34704856
2018,2018022211,16,주,목,1,2,0,1,0,경남,양산시,차대차,정면충돌,정면충돌,운전자법규위반,중앙선 침범,단일로,기타단일로,화물차,화물차,건설기계,건설기계,1141048.0,1710327.0,129.0528278,35.37865013
2018,2018081221,10,야,일,1,1,0,0,0,경기,수원시,차대사람,차도통행중,차도통행중,운전자법규위반,안전운전 의무 불이행,단일로,기타단일로,승용차,승용차,보행자,보행자,956172.0,1922882.0,127.0054448,37.30386874
2018,2018080223,0,야,목,1,1,0,0,0,경기,성남시,차량단독,전도,전도,운전자법규위반,안전운전 의무 불이행,단일로,기타단일로,개인형이동수단(PM),개인형이동수단(PM),없음,없음,964803.0,1936027.0,127.1022096,37.42272018
2018,2018081809,25,주,토,3,3,0,0,0,경기,평택시,차대차,측면충돌,측면충돌,운전자법규위반,과속,교차로,교차로내,이륜차,이륜차,승용차,승용차,962470.0,1899324.0,127.077694,37.09179534
2018,2018031016,45,주,토,1,1,0,0,0,경기,평택시,차대차,측면충돌,측면충돌,운전자법규위반,직진 및 우회전차의 통행방해,교차로,교차로내,승용차,승용차,승용차,승용차,959162.0,1885547.0,127.0412194,36.96746977
2018,2018060123,10,야,금,1,1,0,0,0,경기,평택시,차량단독,기타,기타,운전자법규위반,안전운전 의무 불이행,단일로,기타단일로,승용차,승용차,없음,없음,964342.0,1900255.0,127.098714,37.10026057
2018,2018092815,5,주,금,1,1,0,0,0,경기,평택시,차대사람,길가장자리구역통행중,길가장자리구역통행중,운전자법규위반,안전운전 의무 불이행,단일로,기타단일로,건설기계,건설기계,보행자,보행자,940772.0,1889533.0,126.8343209,37.002421
2018,2018083010,0,주,목,1,1,0,0,0,경기,평택시,차대차,측면충돌,측면충돌,운전자법규위반,안전운전 의무 불이행,교차로,교차로부근,이륜차,이륜차,승용차,승용차,964436.0,1894064.0,127.1000649,37.04445786
2018,2018091213,40,주,수,1,1,0,0,0,경기,평택시,차량단독,전도,전도,운전자법규위반,안전운전 의무 불이행,교차로,교차로내,사륜오토바이(ATV),사륜오토바이(ATV),없음,없음,962358.0,1898009.0,127.0764997,37.07993737
2018,2018021110,5,주,일,1,3,1,1,0,경기,안성시,차대차,측면충돌,측면충돌,운전자법규위반,신호위반,교차로,교차로내,화물차,화물차,화물차,화물차,975709.0,1892887.0,127.2268719,37.03420766
2018,2018122007,5,주,목,1,1,0,0,0,경기,이천시,차대차,정면충돌,정면충돌,운전자법규위반,안전운전 의무 불이행,단일로,기타단일로,승용차,승용차,이륜차,이륜차,996934.0,1919042.0,127.4654185,37.27028329
2018,2018112923,0,야,목,1,1,0,0,0,경기,이천시,차량단독,도로이탈,도로이탈 추락,운전자법규위반,안전운전 의무 불이행,교차로,교차로부근,승용차,승용차,없음,없음,1004219.0,1908169.0,127.5475247,37.17226858
2018,2018031701,45,야,토,1,1,0,0,0,경기,이천시,차대차,기타,기타,운전자법규위반,안전운전 의무 불이행,단일로,기타단일로,승용차,승용차,승용차,승용차,986726.0,1917374.0,127.3503122,37.25515832
2018,2018081412,0,주,화,1,1,0,0,0,경기,이천시,차대차,측면충돌,측면충돌,운전자법규위반,교차로 통행방법 위반,교차로,교차로내,승용차,승용차,이륜차,이륜차,993632.0,1924828.0,127.4281256,37.32242139
2018,2018032321,10,야,금,1,1,0,0,0,경기,광주시,차대사람,횡단중,횡단중,운전자법규위반,안전운전 의무 불이행,단일로,기타단일로,승용차,승용차,보행자,보행자,979702.0,1933714.0,127.2706574,37.40231811
2018,2018092223,24,야,토,1,1,0,0,0,경기,광주시,차대사람,기타,기타,운전자법규위반,안전운전 의무 불이행,교차로,교차로부근,승합차,승합차,보행자,보행자,979187.0,1934156.0,127.2648261,37.40629075
2018,2018020118,25,야,목,1,1,0,0,0,경기,여주시,차대차,측면충돌,측면충돌,운전자법규위반,중앙선 침범,교차로,교차로내,화물차,화물차,이륜차,이륜차,1002671.0,1913283.0,127.5301056,37.21837256
2018,2018072812,35,주,토,1,7,2,4,0,경기,용인시,차대차,정면충돌,정면충돌,운전자법규위반,중앙선 침범,교차로,교차로부근,승용차,승용차,승용차,승용차,968711.0,1917028.0,127.1471783,37.25160843
2018,2018060513,7,주,화,1,1,0,0,0,경기,용인시,차량단독,공작물충돌,공작물충돌,운전자법규위반,안전운전 의무 불이행,단일로,기타단일로,건설기계,건설기계,없음,없음,976087.0,1927964.0,127.2299986,37.35040274
2018,2018050523,0,야,토,1,1,0,0,0,경기,용인시,차량단독,공작물충돌,공작물충돌,운전자법규위반,안전운전 의무 불이행,교차로,교차로부근,이륜차,이륜차,없음,없음,967351.0,1913896.0,127.1319802,37.22333026
2018,2018042809,3,주,토,1,1,0,0,0,경기,김포시,차대차,측면충돌,측면충돌,운전자법규위반,신호위반,교차로,교차로내,건설기계,건설기계,승용차,승용차,917737.0,1961263.0,126.5674959,37.64717127
2018,2018121412,35,주,금,1,3,1,0,1,경기,김포시,차대차,기타,기타,운전자법규위반,신호위반,교차로,교차로내,이륜차,이륜차,건설기계,건설기계,922430.0,1958055.0,126.6210287,37.61866799
2018,2018070816,0,주,일,2,3,1,0,0,경기,양평군,차량단독,도로이탈,도로이탈 추락,운전자법규위반,안전운전 의무 불이행,단일로,기타단일로,승용차,승용차,없음,없음,1000185.0,1950490.0,127.5020945,37.55375434
2018,2018031414,10,주,수,1,1,0,0,0,경기,양평군,차량단독,공작물충돌,공작물충돌,운전자법규위반,안전운전 의무 불이행,단일로,기타단일로,이륜차,이륜차,없음,없음,986008.0,1948659.0,127.3416232,37.53714426
2018,2018122919,20,야,토,1,2,0,1,0,경기,오산시,차대차,측면충돌,측면충돌,운전자법규위반,신호위반,교차로,교차로내,승합차,승합차,승합차,승합차,962619.0,1906772.0,127.0789989,37.15893754
2018,2018110201,2,야,금,1,1,0,0,0,경기,화성시,차대사람,횡단중,횡단중,운전자법규위반,안전운전 의무 불이행,단일로,기타단일로,승용차,승용차,보행자,보행자,958882.0,1912645.0,127.0365891,37.21171891
2018,2018041021,12,야,화,1,1,0,0,0,경기,화성시,차량단독,기타,기타,운전자법규위반,안전운전 의무 불이행,기타,기타,자전거,자전거,없음,없음,959412.0,1914822.0,127.0424436,37.23136518
2018,2018122116,0,주,금,1,1,0,0,0,경기,부천시,차대사람,보도통행중,보도통행중,운전자법규위반,보행자 보호의무 위반,교차로,교차로횡단보도내,승용차,승용차,보행자,보행자,933812.0,1943629.0,126.7512929,37.48953938
2018,2018103022,0,야,화,1,1,0,0,0,경기,광명시,차대차,추돌,추돌,운전자법규위반,안전운전 의무 불이행,단일로,기타단일로,승용차,승용차,건설기계,건설기계,945211.0,1941275.0,126.880404,37.46906915
2018,2018022105,52,야,수,1,1,0,0,0,경기,광명시,차대사람,횡단중,횡단중,운전자법규위반,안전운전 의무 불이행,단일로,기타단일로,승용차,승용차,보행자,보행자,942722.0,1941934.0,126.8522068,37.47485787
2018,2018120807,6,주,토,1,1,0,0,0,경기,안산시,차대차,추돌,추돌,운전자법규위반,안전운전 의무 불이행,단일로,기타단일로,승용차,승용차,건설기계,건설기계,939514.0,1925952.0,126.8172361,37.33060487
2018,2018091820,43,야,화,1,1,0,0,0,경기,수원시,차대차,측면충돌,측면충돌,운전자법규위반,안전운전 의무 불이행,교차로,교차로횡단보도내,승합차,승합차,자전거,자전거,961496.0,1917718.0,127.0657866,37.25755757
2018,2018122806,25,주,금,1,1,0,0,0,경기,수원시,차대사람,횡단중,횡단중,운전자법규위반,과속,교차로,교차로부근,승용차,승용차,보행자,보행자,958791.0,1918081.0,127.0352628,37.26071376
2018,2018020405,30,야,일,1,1,0,0,0,경기,군포시,차대사람,횡단중,횡단중,운전자법규위반,과속,단일로,기타단일로,승용차,승용차,보행자,보행자,949845.0,1930300.0,126.933552,37.37041083
2018,2018070601,58,야,금,1,1,0,0,0,경기,성남시,차량단독,기타,기타,운전자법규위반,안전운전 의무 불이행,단일로,기타단일로,이륜차,이륜차,없음,없음,969126.0,1935779.0,127.1510769,37.42063911
2018,2018011020,50,야,수,1,1,0,0,0,경기,성남시,차대차,기타,기타,운전자법규위반,신호위반,교차로,교차로내,이륜차,이륜차,승합차,승합차,969192.0,1936801.0,127.1517801,37.42985322
2018,2018041020,35,야,화,1,1,0,0,0,경기,성남시,차대사람,보도통행중,보도통행중,운전자법규위반,보행자 보호의무 위반,교차로,교차로횡단보도내,승합차,승합차,보행자,보행자,966117.0,1932588.0,127.1172176,37.39177142
2018,2018010717,30,주,일,1,5,2,2,0,경기,시흥시,차대차,추돌,추돌,운전자법규위반,안전운전 의무 불이행,단일로,기타단일로,화물차,화물차,승용차,승용차,940481.0,1934204.0,126.8274873,37.40504467
2018,2018052713,0,주,일,1,12,2,5,4,경기,시흥시,차대차,추돌,추돌,운전자법규위반,안전운전 의무 불이행,단일로,기타단일로,화물차,화물차,승용차,승용차,932931.0,1931843.0,126.7423996,37.3832489
2018,2018042219,23,야,일,1,1,0,0,0,경기,시흥시,차대사람,횡단중,횡단중,운전자법규위반,안전운전 의무 불이행,교차로,교차로부근,승합차,승합차,보행자,보행자,933664.0,1927405.0,126.7510764,37.3433015
2018,2018060901,47,야,토,1,1,0,0,0,경기,시흥시,차대사람,기타,기타,운전자법규위반,안전운전 의무 불이행,단일로,기타단일로,승용차,승용차,보행자,보행자,933415.0,1927001.0,126.7483018,37.33964237
2018,2018101219,55,야,금,1,1,0,0,0,경기,안산시,차대사람,횡단중,횡단중,운전자법규위반,안전운전 의무 불이행,교차로,교차로횡단보도내,승합차,승합차,보행자,보행자,942007.0,1924326.0,126.8455024,37.31610821
2018,2018010422,30,야,목,1,2,0,1,0,경기,안산시,차대사람,횡단중,횡단중,운전자법규위반,과속,단일로,기타단일로,승용차,승용차,보행자,보행자,948129.0,1922354.0,126.9147284,37.29869557
2018,2018071507,30,주,일,1,1,0,0,0,경기,수원시,차량단독,기타,기타,운전자법규위반,안전운전 의무 불이행,단일로,기타단일로,이륜차,이륜차,없음,없음,953146.0,1918818.0,126.9715569,37.26708982
2018,2018100321,12,야,수,1,1,0,0,0,경기,수원시,차대사람,차도통행중,차도통행중,운전자법규위반,안전운전 의무 불이행,단일로,기타단일로,화물차,화물차,보행자,보행자,956501.0,1918937.0,127.009388,37.2683253
2018,2018010813,20,주,월,1,2,1,0,0,경기,이천시,차대차,기타,기타,운전자법규위반,안전운전 의무 불이행,단일로,기타단일로,승용차,승용차,승용차,승용차,994184.0,1915088.0,127.4344321,37.23462866
2018,2018051310,30,주,일,2,4,2,0,0,경기,가평군,차량단독,공작물충돌,공작물충돌,운전자법규위반,안전운전 의무 불이행,단일로,기타단일로,승용차,승용차,없음,없음,994823.0,1961076.0,127.4413131,37.6491568
2018,2018053000,36,야,수,1,3,1,1,0,경기,용인시,차대차,정면충돌,정면충돌,운전자법규위반,중앙선 침범,단일로,터널안,승용차,승용차,승용차,승용차,980383.0,1915986.0,127.2788206,37.24253488
2018,2018032421,0,야,토,1,4,0,3,0,경기,화성시,차대차,추돌,추돌,운전자법규위반,안전운전 의무 불이행,단일로,기타단일로,승용차,승용차,화물차,화물차,953898.0,1909101.0,126.9806389,37.17954108
2018,2018070220,36,야,월,2,4,0,2,0,경기,이천시,차대차,기타,기타,운전자법규위반,안전운전 의무 불이행,단일로,기타단일로,승용차,승용차,승용차,승용차,987016.0,1916822.0,127.3535921,37.25018668
2018,2018111508,56,주,목,1,1,0,0,0,경기,화성시,차량단독,공작물충돌,공작물충돌,운전자법규위반,안전운전 의무 불이행,단일로,기타단일로,이륜차,이륜차,없음,없음,946357.0,1900387.0,126.8963144,37.10059277
2018,2018052914,45,주,화,1,2,0,1,0,경기,화성시,차대차,정면충돌,정면충돌,운전자법규위반,중앙선 침범,단일로,기타단일로,화물차,화물차,건설기계,건설기계,953751.0,1903039.0,126.9793577,37.124892
2018,2018052501,20,야,금,1,1,0,0,0,경기,화성시,차량단독,공작물충돌,공작물충돌,운전자법규위반,안전운전 의무 불이행,단일로,기타단일로,이륜차,이륜차,없음,없음,946139.0,1905740.0,126.8934763,37.14883077
2018,2018040207,0,주,월,1,22,2,19,0,경기,화성시,차대차,추돌,추돌,운전자법규위반,안전운전 의무 불이행,교차로,교차로부근,건설기계,건설기계,승용차,승용차,935809.0,1912242.0,126.7766003,37.20678383
2018,2018012114,6,주,일,1,1,0,0,0,경기,화성시,차량단독,기타,기타,운전자법규위반,안전운전 의무 불이행,단일로,기타단일로,건설기계,건설기계,없음,없음,942558.0,1893614.0,126.8540817,37.03931729
2018,2018090719,55,야,금,1,1,0,0,0,경기,의왕시,차대차,기타,기타,운전자법규위반,신호위반,교차로,교차로내,승용차,승용차,원동기장치자전거,원동기장치자전거,954585.0,1932781.0,126.9869309,37.39301755
2018,2018070215,45,주,월,1,1,0,0,0,경기,하남시,차대사람,기타,기타,운전자법규위반,안전운전 의무 불이행,교차로,교차로횡단보도내,화물차,화물차,보행자,보행자,973821.0,1948902.0,127.2036701,37.53906897
2018,2018031208,39,주,월,1,1,0,0,0,경기,안양시,차대차,측면충돌,측면충돌,운전자법규위반,차로위반(진로변경 위반),단일로,기타단일로,이륜차,이륜차,승용차,승용차,949080.0,1933062.0,126.9247223,37.39526412
2018,2018071515,44,주,일,1,1,0,0,0,경기,부천시,차대사람,차도통행중,차도통행중,운전자법규위반,보행자 보호의무 위반,교차로,교차로횡단보도내,승용차,승용차,보행자,보행자,937953.0,1946889.0,126.7978567,37.51920926
2018,2018110221,55,야,금,1,1,0,0,0,경기,용인시,차대차,기타,기타,운전자법규위반,신호위반,교차로,교차로내,승용차,승용차,이륜차,이륜차,961995.0,1925328.0,127.0710244,37.32617257
2018,2018071812,35,주,수,1,1,0,0,0,강원,춘천시,차대차,측면충돌,측면충돌,운전자법규위반,안전운전 의무 불이행,단일로,기타단일로,승용차,승용차,자전거,자전거,1019682.3,1987287.4,127.7238302,37.8852087
2018,2018042323,10,야,월,1,1,0,0,0,강원,강릉시,차량단독,공작물충돌,공작물충돌,운전자법규위반,안전운전 의무 불이행,교차로,교차로부근,승용차,승용차,없음,없음,1121728.8,1975596.1,128.8821717,37.77193912
2018,2018030418,20,야,일,1,1,0,0,0,강원,강릉시,차대사람,횡단중,횡단중,운전자법규위반,과속,단일로,기타단일로,승용차,승용차,보행자,보행자,1122348.0,1972108.2,128.8886128,37.74042831
2018,2018092919,5,야,토,1,1,0,0,0,강원,강릉시,차대사람,횡단중,횡단중,운전자법규위반,안전운전 의무 불이행,단일로,기타단일로,승용차,승용차,보행자,보행자,1120930.0,1977095.0,128.873354,37.7855512
2018,2018123000,52,야,일,1,1,0,0,0,강원,강릉시,차량단독,공작물충돌,공작물충돌,운전자법규위반,안전운전 의무 불이행,단일로,기타단일로,화물차,화물차,없음,없음,1124182.0,1974083.0,128.90976,37.75797532
2018,2018110821,20,야,목,1,4,0,2,1,강원,원주시,차대차,추돌,추돌,운전자법규위반,안전운전 의무 불이행,교차로,교차로부근,화물차,화물차,승합차,승합차,1039766.0,1926326.0,127.9489056,37.33509446
2018,2018012910,5,주,월,1,1,0,0,0,강원,속초시,차대차,측면충돌,측면충돌,운전자법규위반,안전운전 의무 불이행,교차로,교차로내,승용차,승용차,자전거,자전거,1095826.0,2021685.0,128.5942641,38.19034213
2018,2018072503,36,야,수,1,1,0,0,0,강원,영월군,차량단독,도로이탈,도로이탈 추락,운전자법규위반,안전운전 의무 불이행,단일로,지하차도(도로)내,이륜차,이륜차,없음,없음,1076422.0,1916671.0,128.3616778,37.24578081
2018,2018041115,25,주,수,1,1,0,0,0,강원,영월군,차량단독,전도,전도,운전자법규위반,안전운전 의무 불이행,단일로,기타단일로,사륜오토바이(ATV),사륜오토바이(ATV),없음,없음,1078984.0,1908461.0,128.3896926,37.17157018
2018,2018110118,0,야,목,1,2,1,0,0,강원,평창군,차대사람,기타,기타,운전자법규위반,안전운전 의무 불이행,단일로,기타단일로,승용차,승용차,보행자,보행자,1080903.7,1934596.6,128.4141597,37.4069619
2018,2018101116,45,주,목,1,1,0,0,0,강원,평창군,차대사람,보도통행중,보도통행중,운전자법규위반,중앙선 침범,단일로,기타단일로,화물차,화물차,보행자,보행자,1093087.1,1959876.1,128.5550076,37.63363905
2018,2018030417,50,주,일,1,1,0,0,0,강원,평창군,차대차,정면충돌,정면충돌,운전자법규위반,중앙선 침범,단일로,기타단일로,이륜차,이륜차,승용차,승용차,1084196.2,1946810.3,128.452754,37.51674411
2018,2018011510,10,주,월,1,3,1,1,0,강원,화천군,차량단독,공작물충돌,공작물충돌,운전자법규위반,안전운전 의무 불이행,단일로,교량위,승용차,승용차,없음,없음,1022336.0,2014605.0,127.7548592,38.13135548
2018,2018091413,35,주,금,1,1,0,0,0,강원,태백시,차량단독,공작물충돌,공작물충돌,운전자법규위반,안전운전 의무 불이행,교차로,교차로부근,화물차,화물차,없음,없음,1133561.6,1904074.0,129.0035298,37.12582928
2018,2018110915,31,주,금,1,1,0,0,0,강원,태백시,차량단독,전도,전도,운전자법규위반,안전운전 의무 불이행,단일로,터널안,승용차,승용차,없음,없음,1135858.0,1900257.0,129.0286809,37.09110348
2018,2018010108,55,주,월,1,1,0,0,0,강원,정선군,차량단독,도로이탈,도로이탈 추락,운전자법규위반,안전운전 의무 불이행,단일로,기타단일로,화물차,화물차,없음,없음,1101038.0,1938832.0,128.6422069,37.44315355
2018,2018041108,40,주,수,1,1,0,0,0,강원,횡성군,차대차,측면충돌,측면충돌,운전자법규위반,교차로 통행방법 위반,교차로,교차로내,농기계,농기계,원동기장치자전거,원동기장치자전거,1053962.0,1951452.0,128.1109915,37.56084445
2018,2018042210,52,주,일,1,1,0,0,0,강원,인제군,차량단독,공작물충돌,공작물충돌,운전자법규위반,안전운전 의무 불이행,단일로,기타단일로,원동기장치자전거,원동기장치자전거,없음,없음,1062484.0,2015130.0,128.2129814,38.13419987
2018,2018082606,12,주,일,1,1,0,0,0,강원,인제군,차대차,정면충돌,정면충돌,운전자법규위반,신호위반,교차로,교차로부근,승용차,승용차,이륜차,이륜차,1059595.0,2010415.0,128.1796244,38.09190331
2018,2018071400,10,야,토,1,1,0,0,0,강원,동해시,차대사람,차도통행중,차도통행중,운전자법규위반,안전운전 의무 불이행,단일로,기타단일로,화물차,화물차,보행자,보행자,1141713.0,1946775.9,129.1034145,37.50939243
2018,2018103007,40,주,화,1,1,0,0,0,충북,청주시,차대차,측면충돌,측면충돌,운전자법규위반,신호위반,교차로,교차로내,자전거,자전거,승용차,승용차,999106.0,1849246.0,127.4899992,36.6411121
2018,2018052319,53,야,수,1,1,0,0,0,충북,청주시,차대사람,차도통행중,차도통행중,운전자법규위반,안전운전 의무 불이행,단일로,기타단일로,승용차,승용차,보행자,보행자,997875.0,1851111.0,127.4762233,36.65792305
2018,2018070421,2,야,수,1,1,0,0,0,충북,청주시,차대사람,횡단중,횡단중,운전자법규위반,안전운전 의무 불이행,교차로,교차로부근,승합차,승합차,보행자,보행자,995765.0,1860281.0,127.4525636,36.74058248
2018,2018062911,15,주,금,1,1,0,0,0,충북,충주시,차량단독,도로이탈,도로이탈 추락,운전자법규위반,안전운전 의무 불이행,단일로,기타단일로,건설기계,건설기계,없음,없음,1051552.0,1892084.0,128.0795854,37.02586806
2018,2018051315,58,주,일,1,1,0,0,0,충북,충주시,차대사람,기타,기타,운전자법규위반,안전운전 의무 불이행,기타,기타,승용차,승용차,보행자,보행자,1036552.0,1887157.0,127.9107102,36.98215897
2018,2018020614,25,주,화,1,1,0,0,0,충북,충주시,차대차,기타,기타,운전자법규위반,안전운전 의무 불이행,교차로,교차로횡단보도내,화물차,화물차,자전거,자전거,1038688.0,1886968.0,127.9347007,36.98036983
2018,2018012822,7,야,일,1,3,0,2,0,충북,충주시,차대사람,횡단중,횡단중,운전자법규위반,과속,교차로,교차로내,승용차,승용차,보행자,보행자,1029020.0,1886140.0,127.8260405,36.97325403
2018,2018062102,40,야,목,1,1,0,0,0,충북,제천시,차대차,정면충돌,정면충돌,운전자법규위반,중앙선 침범,단일로,기타단일로,자전거,자전거,화물차,화물차,1063264.0,1905999.0,128.212425,37.15057614
2018,2018102501,25,야,목,2,4,2,0,0,충북,제천시,차대차,정면충돌,정면충돌,운전자법규위반,중앙선 침범,기타,기타,승용차,승용차,승용차,승용차,1062716.0,1898345.0,128.2056137,37.08162323
2018,2018043020,10,야,월,1,1,0,0,0,충북,영동군,차량단독,전도,전도,운전자법규위반,안전운전 의무 불이행,기타,기타,이륜차,이륜차,없음,없음,1018941.0,1799508.0,127.7106706,36.19252341
2018,2018090915,40,주,일,1,1,0,0,0,충북,영동군,차량단독,전복,전복,운전자법규위반,안전운전 의무 불이행,단일로,기타단일로,농기계,농기계,없음,없음,1027046.0,1787380.0,127.8004002,36.08298947
2018,2018110312,5,주,토,1,1,0,0,0,충북,보은군,차량단독,도로이탈,도로이탈 추락,운전자법규위반,안전운전 의무 불이행,단일로,지하차도(도로)내,화물차,화물차,없음,없음,1017546.0,1825187.0,127.6957326,36.42405685
2018,2018091120,13,야,화,1,1,0,0,0,충북,음성군,차량단독,도로이탈,도로이탈 추락,운전자법규위반,안전운전 의무 불이행,교차로,교차로부근,이륜차,이륜차,없음,없음,997608.0,1886812.0,127.4731235,36.97975637
2018,2018081906,0,주,일,1,2,0,1,0,충북,음성군,차대차,추돌,추돌,운전자법규위반,안전운전 의무 불이행,단일로,기타단일로,승용차,승용차,농기계,농기계,1014800.0,1877005.0,127.6661005,36.89123785
2018,2018072406,32,주,화,1,1,0,0,0,충북,옥천군,차대차,기타,기타,운전자법규위반,신호위반,교차로,교차로내,화물차,화물차,화물차,화물차,1007061.0,1811301.6,127.5786424,36.299009
2018,2018061412,45,주,목,1,1,0,0,0,충북,옥천군,차량단독,도로이탈,도로이탈 추락,운전자법규위반,안전운전 의무 불이행,단일로,기타단일로,승용차,승용차,없음,없음,1001322.0,1815513.0,127.514731,36.33700168
2018,2018051821,50,야,금,1,1,0,0,0,충북,단양군,차량단독,기타,기타,운전자법규위반,안전운전 의무 불이행,단일로,기타단일로,이륜차,이륜차,없음,없음,1088201.0,1897779.0,128.4922439,37.0744696
2018,2018110123,30,야,목,1,1,0,0,0,충북,진천군,차대사람,길가장자리구역통행중,길가장자리구역통행중,운전자법규위반,안전운전 의무 불이행,단일로,기타단일로,승용차,승용차,보행자,보행자,994243.0,1879120.0,127.435373,36.9104022
2018,2018102714,20,주,토,1,1,0,0,0,충북,진천군,차대차,기타,기타,운전자법규위반,교차로 통행방법 위반,교차로,교차로내,화물차,화물차,이륜차,이륜차,999012.0,1877336.0,127.4889112,36.89433725
2018,2018042913,15,주,일,1,1,0,0,0,충북,진천군,차대차,정면충돌,정면충돌,운전자법규위반,중앙선 침범,교차로,교차로부근,농기계,농기계,이륜차,이륜차,984621.0,1877185.0,127.3273977,36.89285121
2018,2018020419,5,야,일,1,6,2,3,0,충북,진천군,차대차,기타,기타,운전자법규위반,안전거리 미확보,단일로,기타단일로,승합차,승합차,승용차,승용차,995449.0,1880162.0,127.448905,36.91980196
2018,2018021622,30,야,금,1,6,2,3,0,충북,청주시,차대차,기타,기타,운전자법규위반,신호위반,교차로,교차로내,승용차,승용차,승용차,승용차,994305.0,1848308.0,127.4362992,36.63263943
2018,2018052414,57,주,목,1,1,0,0,0,충북,청주시,차량단독,공작물충돌,공작물충돌,운전자법규위반,안전운전 의무 불이행,단일로,기타단일로,승용차,승용차,없음,없음,995862.0,1829234.0,127.4538172,36.46069316
2018,2018081313,3,주,월,1,3,0,2,0,충북,청주시,차대차,측면충돌,측면충돌,운전자법규위반,신호위반,교차로,교차로내,이륜차,이륜차,화물차,화물차,996338.0,1846343.0,127.4590484,36.61493495
2018,2018091613,18,주,일,1,1,0,0,0,충북,청주시,차대차,기타,기타,운전자법규위반,안전운전 의무 불이행,단일로,기타단일로,특수차,특수차,이륜차,이륜차,995639.0,1852106.0,127.4511989,36.66688529
2018,2018020300,0,야,토,1,6,1,4,0,충북,음성군,차대차,추돌,추돌,운전자법규위반,안전거리 미확보,단일로,기타단일로,특수차,특수차,화물차,화물차,998474.0,1891553.0,127.4828443,37.02249557
2018,2018060403,34,야,월,1,1,0,0,0,충북,진천군,차량단독,도로이탈,도로이탈 추락,운전자법규위반,안전운전 의무 불이행,단일로,기타단일로,특수차,특수차,없음,없음,998242.6,1873534.0,127.4802847,36.86006256
2018,2018070415,40,주,수,1,9,0,8,0,충북,충주시,차대차,추돌,추돌,운전자법규위반,안전운전 의무 불이행,단일로,기타단일로,승용차,승용차,승용차,승용차,1034734.0,1878893.0,127.8899032,36.90773367
2018,2018120603,55,야,목,1,20,13,6,0,충북,충주시,차대차,추돌,추돌,운전자법규위반,안전운전 의무 불이행,단일로,터널안,승합차,승합차,건설기계,건설기계,1023200.0,1893418.0,127.7608774,37.03902185