발생년,발생년월일시,발생분,주야,요일,사망자수,사상자수,중상자수,경상자수,부상신고자수,발생지시도,발생지시군구,사고유형_대분류,사고유형_중분류,사고유형,법규위반_대분류,법규위반,도로형태_대분류,도로형태,가해자_당사자종별_대분류,가해자_당사자종별,피해자_당사자종별_대분류,피해자_당사자종별,발생위치X_UTMK,발생위치Y_UTMK,경도,위도
2018,2018080411,10,주,토,1,2,1,0,0,전남,광양시,차대차,추돌,추돌,운전자법규위반,안전운전 의무 불이행,단일로,기타단일로,화물차,화물차,화물차,화물차,1014859.0,1663990.0,127.6627773,34.97069196
2018,2018070113,50,주,일,1,1,0,0,0,전남,광양시,차량단독,공작물충돌,공작물충돌,운전자법규위반,안전운전 의무 불이행,단일로,기타단일로,승용차,승용차,없음,없음,1004626.4,1663294.9,127.5506775,34.96452242
2018,2018011309,55,주,토,1,1,0,0,0,전남,광양시,차대사람,횡단중,횡단중,운전자법규위반,안전운전 의무 불이행,단일로,기타단일로,승용차,승용차,보행자,보행자,1005457.0,1663384.0,127.5597764,34.96532174
2018,2018062714,42,주,수,1,1,0,0,0,전남,구례군,차대차,측면충돌,측면충돌,운전자법규위반,직진 및 우회전차의 통행방해,교차로,교차로내,화물차,화물차,이륜차,이륜차,997275.0,1690206.0,127.4700619,35.20719513
2018,2018071415,50,주,토,1,13,3,9,0,광주,북구,차대차,기타,기타,운전자법규위반,안전운전 의무 불이행,단일로,고가도로위,승용차,승용차,승용차,승용차,948043.0,1688870.0,126.9292728,35.19380706
2018,2018062602,34,야,화,1,2,0,1,0,전북,정읍시,차대차,추돌,추돌,운전자법규위반,안전운전 의무 불이행,단일로,기타단일로,화물차,화물차,화물차,화물차,938291.0,1728052.0,126.8191968,35.54652973
2018,2018011606,45,주,화,1,1,0,0,0,경북,경주시,차대차,측면충돌,측면충돌,운전자법규위반,안전운전 의무 불이행,단일로,기타단일로,이륜차,이륜차,승용차,승용차,1156177.0,1766396.0,129.2301795,35.8817117
2018,2018050221,30,야,수,1,1,0,0,0,경북,경주시,차대차,정면충돌,정면충돌,운전자법규위반,중앙선 침범,단일로,기타단일로,승용차,승용차,승용차,승용차,1161609.0,1761222.0,129.2892826,35.83420317
2018,2018021200,30,야,월,1,3,1,1,0,경북,경주시,차량단독,공작물충돌,공작물충돌,운전자법규위반,안전운전 의무 불이행,단일로,기타단일로,승용차,승용차,없음,없음,1156334.0,1760194.0,129.2307026,35.82579398
2018,2018083017,17,주,목,1,1,0,0,0,경북,경주시,차량단독,전도,전도,운전자법규위반,안전운전 의무 불이행,단일로,기타단일로,건설기계,건설기계,없음,없음,1149806.0,1777981.0,129.1618111,35.98711435
2018,2018080306,10,주,금,1,1,0,0,0,경북,경주시,차대차,측면충돌,측면충돌,운전자법규위반,안전운전 의무 불이행,교차로,교차로내,승용차,승용차,자전거,자전거,1155860.0,1768757.0,129.2271313,35.90303955
2018,2018031820,20,야,일,1,1,0,0,0,경북,경주시,차대사람,횡단중,횡단중,운전자법규위반,과속,교차로,교차로부근,승용차,승용차,보행자,보행자,1180229.0,1755222.0,129.4939787,35.77689327
2018,2018030707,15,주,수,1,1,0,0,0,경북,안동시,차량단독,전도,전도,운전자법규위반,안전운전 의무 불이행,단일로,기타단일로,건설기계,건설기계,없음,없음,1119627.0,1838532.0,128.8363908,36.5370368
2018,2018032119,16,야,수,1,1,0,0,0,경북,안동시,차대사람,차도통행중,차도통행중,운전자법규위반,안전운전 의무 불이행,단일로,기타단일로,승용차,승용차,보행자,보행자,1095875.4,1842989.2,128.5716562,36.57988995
2018,2018032519,20,야,일,1,1,0,0,0,경북,김천시,차대사람,차도통행중,차도통행중,운전자법규위반,안전운전 의무 불이행,교차로,교차로내,화물차,화물차,보행자,보행자,1057000.0,1791384.0,128.1333758,36.11779084
2018,2018102508,50,주,목,1,1,0,0,0,경북,김천시,차대차,측면충돌,측면충돌,운전자법규위반,교차로 통행방법 위반,교차로,교차로내,화물차,화물차,이륜차,이륜차,1052057.0,1793419.0,128.0785871,36.13641476
2018,2018050121,30,야,화,2,2,0,0,0,경북,김천시,차대차,정면충돌,정면충돌,운전자법규위반,중앙선 침범,단일로,기타단일로,화물차,화물차,승용차,승용차,1064162.0,1795796.0,128.2133136,36.15711802
2018,2018043020,53,야,월,1,1,0,0,0,경북,상주시,차량단독,도로이탈,도로이탈 추락,운전자법규위반,안전운전 의무 불이행,단일로,기타단일로,농기계,농기계,없음,없음,1054619.0,1814222.0,128.1085124,36.32381471
2018,2018030716,15,주,수,1,1,0,0,0,경북,상주시,차량단독,도로이탈,도로이탈 추락,운전자법규위반,안전운전 의무 불이행,단일로,기타단일로,농기계,농기계,없음,없음,1037145.0,1825219.0,127.914365,36.42378678
2018,2018101017,50,주,수,1,1,0,0,0,경북,상주시,차대차,측면충돌,측면충돌,운전자법규위반,안전운전 의무 불이행,교차로,교차로내,화물차,화물차,이륜차,이륜차,1071131.0,1819013.0,128.2928969,36.36592545
2018,2018091405,0,야,금,1,1,0,0,0,경북,상주시,차량단독,도로이탈,도로이탈 추락,운전자법규위반,안전운전 의무 불이행,단일로,기타단일로,승용차,승용차,없음,없음,1049840.0,1823411.0,128.0558606,36.40691243
2018,2018092314,35,주,일,1,1,0,0,0,경북,상주시,차량단독,공작물충돌,공작물충돌,운전자법규위반,안전운전 의무 불이행,단일로,기타단일로,이륜차,이륜차,없음,없음,1054265.0,1812148.0,128.1044243,36.30513768
2018,2018081820,30,야,토,1,1,0,0,0,경북,상주시,차대차,추돌,추돌,운전자법규위반,안전거리 미확보,단일로,기타단일로,승합차,승합차,자전거,자전거,1059098.0,1827902.0,128.1594508,36.44687225
2018,2018010912,20,주,화,1,1,0,0,0,경북,영주시,차량단독,전복,전복,운전자법규위반,안전운전 의무 불이행,단일로,기타단일로,승용차,승용차,없음,없음,1103972.0,1887629.0,128.6682315,36.98137588
2018,2018092019,0,야,목,1,1,0,0,0,경북,칠곡군,차대차,측면충돌,측면충돌,운전자법규위반,안전운전 의무 불이행,단일로,기타단일로,승용차,승용차,자전거,자전거,1080842.0,1776281.0,128.3967341,35.97994741
2018,2018101417,25,주,일,1,1,0,0,0,경북,칠곡군,차량단독,공작물충돌,공작물충돌,운전자법규위반,안전운전 의무 불이행,단일로,기타단일로,승용차,승용차,없음,없음,1095308.0,1781282.0,128.5577764,36.02372199
2018,2018102618,10,야,금,1,1,0,0,0,경북,영천시,차대사람,횡단중,횡단중,운전자법규위반,안전운전 의무 불이행,단일로,기타단일로,화물차,화물차,보행자,보행자,1125908.0,1765529.0,128.8948126,35.87825904
2018,2018050601,1,야,일,1,1,0,0,0,경북,경산시,차량단독,기타,기타,운전자법규위반,안전운전 의무 불이행,단일로,기타단일로,이륜차,이륜차,없음,없음,1119596.0,1764862.0,128.8248052,35.87303842
2018,2018032218,22,야,목,1,1,0,0,0,경북,경산시,차대차,기타,기타,운전자법규위반,안전운전 의무 불이행,단일로,기타단일로,이륜차,이륜차,승용차,승용차,1120790.0,1766184.0,128.8382287,35.88480791
2018,2018121204,50,야,수,1,1,0,0,0,경북,경산시,차대차,추돌,추돌,운전자법규위반,안전운전 의무 불이행,단일로,교량위,화물차,화물차,승합차,승합차,1121615.0,1770770.0,128.8480676,35.92604203
2018,2018091501,0,야,토,1,2,0,1,0,경북,경산시,차대차,측면충돌,측면충돌,운전자법규위반,안전운전 의무 불이행,단일로,기타단일로,승용차,승용차,승합차,승합차,1114031.0,1761415.0,128.7626807,35.84263127
2018,2018102516,35,주,목,1,1,0,0,0,경북,영덕군,차대사람,기타,기타,운전자법규위반,안전운전 의무 불이행,단일로,기타단일로,화물차,화물차,보행자,보행자,1168804.0,1817914.0,129.3810425,36.34384089
2018,2018050417,40,주,금,1,1,0,0,0,경북,예천군,차대사람,길가장자리구역통행중,길가장자리구역통행중,운전자법규위반,안전운전 의무 불이행,단일로,기타단일로,승용차,승용차,보행자,보행자,1078226.0,1849840.0,128.375099,36.64325308
2018,2018102917,45,주,월,1,1,0,0,0,경북,청도군,차대사람,횡단중,횡단중,운전자법규위반,안전운전 의무 불이행,기타,기타,화물차,화물차,보행자,보행자,1114777.0,1740584.0,128.7679573,35.65477142
2018,2018112907,35,주,목,1,2,1,0,0,경북,청도군,차량단독,도로이탈,도로이탈 추락,운전자법규위반,안전운전 의무 불이행,기타,기타,원동기장치자전거,원동기장치자전거,없음,없음,1108088.0,1739092.0,128.6938776,35.64207705
2018,2018072605,50,야,목,1,1,0,0,0,경북,청도군,차량단독,전복,전복,운전자법규위반,안전운전 의무 불이행,교차로,교차로부근,농기계,농기계,없음,없음,1114202.0,1744006.0,128.7620921,35.68568488
2018,2018042722,0,야,금,1,1,0,0,0,경북,청도군,차대사람,차도통행중,차도통행중,운전자법규위반,과속,단일로,기타단일로,승용차,승용차,보행자,보행자,1133136.0,1745236.0,128.9714856,35.69439626
2018,2018070214,30,주,월,1,1,0,0,0,경북,청도군,차량단독,도로이탈,도로이탈 추락,운전자법규위반,안전운전 의무 불이행,교차로,교차로내,사륜오토바이(ATV),사륜오토바이(ATV),없음,없음,1125651.0,1745983.0,128.8888968,35.70211229
2018,2018122418,50,야,월,1,1,0,0,0,경북,성주군,차대사람,횡단중,횡단중,운전자법규위반,안전운전 의무 불이행,단일로,기타단일로,승용차,승용차,보행자,보행자,1073576.0,1772751.0,128.3158168,35.94869946
2018,2018061701,58,야,일,1,1,0,0,0,경북,울진군,차대사람,차도통행중,차도통행중,운전자법규위반,안전운전 의무 불이행,단일로,기타단일로,승용차,승용차,보행자,보행자,1172628.0,1853192.0,129.4315153,36.66101993
2018,2018101719,48,야,수,1,1,0,0,0,경북,고령군,차대사람,횡단중,횡단중,운전자법규위반,안전운전 의무 불이행,단일로,기타단일로,승용차,승용차,보행자,보행자,1070003.0,1749751.0,128.2741845,35.74160916
2018,2018111304,50,야,화,1,1,0,0,0,경북,고령군,차량단독,공작물충돌,공작물충돌,운전자법규위반,안전운전 의무 불이행,단일로,지하차도(도로)내,이륜차,이륜차,없음,없음,1086610.0,1758820.0,128.4588069,35.82204435
2018,2018123115,28,주,월,1,1,0,0,0,경북,군위군,차량단독,전도,전도,운전자법규위반,안전운전 의무 불이행,단일로,기타단일로,이륜차,이륜차,없음,없음,1088591.0,1805450.0,128.4859597,36.24221655
2018,2018090509,33,주,수,1,1,0,0,0,경북,영양군,차대사람,길가장자리구역통행중,길가장자리구역통행중,운전자법규위반,안전운전 의무 불이행,단일로,기타단일로,화물차,화물차,보행자,보행자,1144639.0,1853033.0,129.1184437,36.66425385
2018,2018080817,52,주,수,1,1,0,0,0,경북,구미시,차대차,기타,기타,운전자법규위반,앞지르기 금지위반,교차로,교차로내,승용차,승용차,원동기장치자전거,원동기장치자전거,1076772.0,1796496.0,128.3535593,36.16251122
2018,2018121701,12,야,월,1,2,1,0,0,경북,포항시,차량단독,도로이탈,도로이탈 추락,운전자법규위반,안전운전 의무 불이행,교차로,교차로부근,승용차,승용차,없음,없음,1166184.0,1778883.0,129.3436025,35.9925889
2018,2018051020,12,야,목,1,1,0,0,0,경북,포항시,차대차,측면충돌,측면충돌,운전자법규위반,안전운전 의무 불이행,단일로,기타단일로,승용차,승용차,자전거,자전거,1166794.0,1781260.0,129.3508672,36.0139044
2018,2018071200,5,야,목,1,1,0,0,0,경북,포항시,차대사람,차도통행중,차도통행중,운전자법규위반,안전운전 의무 불이행,단일로,기타단일로,승용차,승용차,보행자,보행자,1171600.0,1775260.0,129.4028728,35.95900384
2018,2018121019,17,야,월,1,1,0,0,0,경북,포항시,차대사람,횡단중,횡단중,운전자법규위반,과속,교차로,교차로횡단보도내,승용차,승용차,보행자,보행자,1168745.0,1783245.0,129.3729299,36.0314554
2018,2018082922,38,야,수,1,1,0,0,0,경북,구미시,차량단독,공작물충돌,공작물충돌,운전자법규위반,안전운전 의무 불이행,단일로,기타단일로,특수차,특수차,없음,없음,1092559.0,1798786.0,128.5293275,36.18177408
2018,2018021900,20,야,월,1,6,2,3,0,대구,북구,차대차,기타,기타,운전자법규위반,중앙선 침범,단일로,기타단일로,승용차,승용차,승용차,승용차,1094725.0,1773952.0,128.5504306,35.95770305
2018,2018100503,7,야,금,1,2,0,1,0,경북,영천시,차대차,측면충돌,측면충돌,운전자법규위반,안전운전 의무 불이행,단일로,기타단일로,승용차,승용차,승용차,승용차,1145010.0,1785540.0,129.1100134,36.05596372
2018,2018112402,10,야,토,1,2,0,0,1,경남,창원시(통합),차대차,추돌,추돌,운전자법규위반,안전거리 미확보,단일로,기타단일로,승용차,승용차,건설기계,건설기계,1096790.0,1690939.0,128.5633852,35.20913843
2018,2018072721,2,야,금,1,1,0,0,0,경남,창원시(통합),차대사람,횡단중,횡단중,운전자법규위반,안전운전 의무 불이행,교차로,교차로내,승용차,승용차,보행자,보행자,1097935.0,1689919.0,128.5758415,35.19983145
2018,2018121318,55,야,목,1,3,1,1,0,경남,진주시,차대차,측면충돌,측면충돌,운전자법규위반,신호위반,교차로,교차로내,화물차,화물차,승용차,승용차,1059085.0,1687422.0,128.1489175,35.18035675
2018,2018122006,53,주,목,1,2,0,1,0,경남,진주시,차대차,추돌,추돌,운전자법규위반,안전운전 의무 불이행,단일로,기타단일로,승용차,승용차,승용차,승용차,1054458.0,1682018.0,128.0977462,35.131892
2018,2018051904,25,야,토,1,1,0,0,0,경남,진주시,차대사람,차도통행중,차도통행중,운전자법규위반,안전운전 의무 불이행,단일로,기타단일로,화물차,화물차,보행자,보행자,1065690.0,1689431.0,128.221614,35.19806043
2018,2018042710,8,주,금,1,1,0,0,0,경남,진주시,차대차,측면충돌,측면충돌,운전자법규위반,안전운전 의무 불이행,교차로,교차로내,승용차,승용차,이륜차,이륜차,1051696.0,1688913.0,128.0678631,35.19420825
2018,2018031723,40,야,토,1,1,0,0,0,경남,통영시,차대사람,횡단중,횡단중,운전자법규위반,과속,단일로,기타단일로,승합차,승합차,보행자,보행자,1084188.0,1648354.0,128.4206365,34.82631857
2018,2018020809,40,주,목,1,1,0,0,0,경남,통영시,차대차,측면충돌,측면충돌,운전자법규위반,안전운전 의무 불이행,단일로,기타단일로,이륜차,이륜차,승용차,승용차,1084915.0,1649825.0,128.4287346,34.83952143
2018,2018080619,40,야,월,1,1,0,0,0,경남,사천시,차대사람,기타,기타,운전자법규위반,안전운전 의무 불이행,기타,기타,화물차,화물차,보행자,보행자,1051237.0,1668849.0,128.0615791,35.01331768
2018,2018111721,25,야,토,1,1,0,0,0,경남,사천시,차대사람,차도통행중,차도통행중,운전자법규위반,안전운전 의무 불이행,단일로,기타단일로,화물차,화물차,보행자,보행자,1045700.0,1679624.0,128.0014872,35.1107415
2018,2018062514,40,주,월,1,1,0,0,0,경남,김해시,차대사람,횡단중,횡단중,운전자법규위반,안전운전 의무 불이행,교차로,교차로내,화물차,화물차,보행자,보행자,1120735.0,1708887.0,128.8290429,35.36833628
2018,2018103118,18,야,수,1,1,0,0,0,경남,김해시,차대사람,기타,기타,운전자법규위반,안전운전 의무 불이행,단일로,기타단일로,승용차,승용차,보행자,보행자,1125543.0,1693152.0,128.879546,35.2259015
2018,2018020621,0,야,화,1,1,0,0,0,경남,합천군,차대사람,길가장자리구역통행중,길가장자리구역통행중,운전자법규위반,안전운전 의무 불이행,교차로,교차로부근,승용차,승용차,보행자,보행자,1059295.0,1716095.0,128.1532991,35.43887143
2018,2018032815,10,주,수,1,2,0,1,0,경남,창녕군,차대차,기타,기타,운전자법규위반,안전운전 의무 불이행,교차로,교차로내,농기계,농기계,이륜차,이륜차,1101765.0,1710236.0,128.6204295,35.38261386
2018,2018120107,30,주,토,1,1,0,0,0,경남,함양군,차량단독,도로이탈,도로이탈 추락,운전자법규위반,안전운전 의무 불이행,단일로,기타단일로,이륜차,이륜차,없음,없음,1027777.0,1741376.0,127.8069153,35.66819673
2018,2018111111,0,주,일,1,1,0,0,0,경남,양산시,차량단독,공작물충돌,공작물충돌,운전자법규위반,안전운전 의무 불이행,단일로,기타단일로,이륜차,이륜차,없음,없음,1141061.0,1706921.0,129.0523829,35.34794804
2018,2018012522,40,야,목,1,1,0,0,0,경남,양산시,차대차,측면충돌,측면충돌,운전자법규위반,안전운전 의무 불이행,단일로,기타단일로,승용차,승용차,승용차,승용차,1138977.0,1706739.0,129.0294248,35.34659989
2018,2018010618,15,야,토,1,1,0,0,0,경남,고성군,차대사람,차도통행중,차도통행중,운전자법규위반,안전운전 의무 불이행,단일로,기타단일로,화물차,화물차,보행자,보행자,1076199.0,1663340.0,128.3346472,34.96207165
2018,2018042212,10,주,일,1,4,3,0,0,경남,고성군,차대차,측면충돌,측면충돌,운전자법규위반,신호위반,교차로,교차로내,승용차,승용차,화물차,화물차,1076201.0,1664792.0,128.3348019,34.9751635
2018,2018100316,25,주,수,1,1,0,0,0,경남,고성군,차대차,추돌,추돌,운전자법규위반,안전운전 의무 불이행,단일로,기타단일로,승용차,승용차,농기계,농기계,1078714.0,1674449.0,128.3632444,35.06204239
2018,2018032715,25,주,화,1,1,0,0,0,경남,하동군,차대차,정면충돌,정면충돌,운전자법규위반,중앙선 침범,단일로,기타단일로,이륜차,이륜차,화물차,화물차,1026944.0,1676036.0,127.7955555,35.07906456
2018,2018110620,5,야,화,1,2,1,0,0,경남,남해군,차대사람,횡단중,횡단중,운전자법규위반,보행자 보호의무 위반,단일로,기타단일로,승용차,승용차,보행자,보행자,1046214.0,1636482.0,128.0047403,34.72169741
2018,2018111615,30,주,금,1,3,2,0,0,경남,남해군,차대차,정면충돌,정면충돌,운전자법규위반,중앙선 침범,단일로,기타단일로,화물차,화물차,건설기계,건설기계,1042231.0,1638746.0,127.9613535,34.74228559
2018,2018110109,10,주,목,1,1,0,0,0,경남,함안군,차대사람,횡단중,횡단중,운전자법규위반,안전운전 의무 불이행,교차로,교차로부근,화물차,화물차,보행자,보행자,1082710.0,1697925.0,128.4094168,35.27338354
2018,2018031319,0,야,화,1,1,0,0,0,경남,의령군,차대차,측면충돌,측면충돌,운전자법규위반,안전운전 의무 불이행,불명,불명,승용차,승용차,화물차,화물차,1076223.0,1720916.0,128.340244,35.4811834
2018,2018073117,45,주,화,1,1,0,0,0,경남,의령군,차량단독,공작물충돌,공작물충돌,운전자법규위반,안전운전 의무 불이행,교차로,교차로부근,화물차,화물차,없음,없음,1075442.0,1718408.0,128.3314027,35.45863144
2018,2018111917,47,주,월,1,1,0,0,0,경남,의령군,차대차,추돌,추돌,운전자법규위반,안전운전 의무 불이행,불명,불명,승용차,승용차,농기계,농기계,1076475.0,1721538.0,128.3430802,35.48677182
2018,2018091816,25,주,화,1,1,0,0,0,경남,창원시(통합),차대차,추돌,추돌,운전자법규위반,안전운전 의무 불이행,단일로,기타단일로,화물차,화물차,승합차,승합차,1108012.0,1693630.0,128.6870069,35.23225278
2018,2018081703,0,야,금,1,2,1,0,0,경남,창원시(통합),차대사람,횡단중,횡단중,운전자법규위반,안전운전 의무 불이행,교차로,교차로내,승용차,승용차,보행자,보행자,1098728.0,1694577.0,128.5851103,35.2417479
2018,2018041700,49,야,화,1,1,0,0,0,경남,창원시(통합),차대사람,횡단중,횡단중,운전자법규위반,신호위반,단일로,기타단일로,이륜차,이륜차,보행자,보행자,1099118.0,1695011.0,128.5894484,35.2456221
2018,2018061720,10,야,일,1,1,0,0,0,경남,창원시(통합),차대사람,횡단중,횡단중,운전자법규위반,안전운전 의무 불이행,교차로,교차로내,승용차,승용차,보행자,보행자,1103696.0,1697558.0,128.6400801,35.2681206
2018,2018052101,0,야,월,1,1,0,0,0,경남,김해시,차량단독,도로이탈,도로이탈 추락,운전자법규위반,안전운전 의무 불이행,단일로,기타단일로,화물차,화물차,없음,없음,1120409.0,1696349.0,128.8236123,35.25535113
2018,2018112017,0,주,화,1,1,0,0,0,경남,김해시,차대사람,횡단중,횡단중,운전자법규위반,안전운전 의무 불이행,단일로,기타단일로,화물차,화물차,보행자,보행자,1117044.0,1703971.0,128.7877184,35.3244603
2018,2018111623,34,야,금,1,1,0,0,0,경남,창녕군,차대사람,기타,기타,운전자법규위반,안전운전 의무 불이행,단일로,기타단일로,특수차,특수차,보행자,보행자,1091852.0,1718662.0,128.5122535,35.45954041
2018,2018082705,45,야,월,1,1,0,0,0,경남,진주시,차량단독,공작물충돌,공작물충돌,운전자법규위반,안전운전 의무 불이행,단일로,기타단일로,승용차,승용차,없음,없음,1070143.0,1691985.0,128.2707446,35.22078672
2018,2018010700,35,야,일,1,4,2,1,0,제주,서귀포시,차량단독,공작물충돌,공작물충돌,운전자법규위반,안전운전 의무 불이행,교차로,교차로부근,승용차,승용차,없음,없음,888235.0,1477359.0,126.2997801,33.28183205
2018,2018110520,50,야,월,1,3,2,0,0,제주,서귀포시,차대차,기타,기타,운전자법규위반,과속,단일로,기타단일로,승용차,승용차,승용차,승용차,910627.0,1472958.0,126.5406439,33.24422978
2018,2018102211,5,주,월,1,1,0,0,0,제주,서귀포시,차량단독,도로이탈,도로이탈 기타,운전자법규위반,안전운전 의무 불이행,단일로,기타단일로,사륜오토바이(ATV),사륜오토바이(ATV),없음,없음,905491.0,1474877.0,126.4853199,33.26109903
2018,2018111507,17,주,목,1,1,0,0,0,제주,서귀포시,차대차,기타,기타,운전자법규위반,신호위반,교차로,교차로내,승용차,승용차,원동기장치자전거,원동기장치자전거,908603.0,1474831.0,126.5187317,33.26095231
2018,2018102314,55,주,화,1,1,0,0,0,제주,서귀포시,차대사람,기타,기타,운전자법규위반,안전운전 의무 불이행,교차로,교차로내,화물차,화물차,보행자,보행자,927148.0,1476645.0,126.7176728,33.27872484
2018,2018111014,31,주,토,1,1,0,0,0,제주,제주시,차대차,기타,기타,운전자법규위반,신호위반,교차로,교차로내,승용차,승용차,이륜차,이륜차,900248.0,1500587.0,126.4261918,33.4924861
2018,2018081202,55,야,일,1,1,0,0,0,제주,제주시,차대사람,횡단중,횡단중,운전자법규위반,안전운전 의무 불이행,교차로,교차로부근,승용차,승용차,보행자,보행자,907103.0,1500620.0,126.4999707,33.49340115
2018,2018112910,0,주,목,1,1,0,0,0,제주,제주시,차대사람,기타,기타,운전자법규위반,안전운전 의무 불이행,단일로,기타단일로,승용차,승용차,보행자,보행자,906084.0,1500797.0,126.4889842,33.49490838
2018,2018011706,7,주,수,1,1,0,0,0,제주,제주시,차대사람,기타,기타,운전자법규위반,안전운전 의무 불이행,단일로,기타단일로,화물차,화물차,보행자,보행자,888479.0,1486482.0,126.3012739,33.3641279
2018,2018031112,15,주,일,1,1,0,0,0,대구,동구,차대차,측면충돌,측면충돌,운전자법규위반,안전거리 미확보,단일로,기타단일로,화물차,화물차,이륜차,이륜차,1108997.0,1764662.0,128.7073937,35.87247296
2018,2018082206,15,주,수,1,1,0,0,0,대구,동구,차대차,기타,기타,운전자법규위반,신호위반,단일로,기타단일로,화물차,화물차,자전거,자전거,1102551.0,1766085.0,128.6361855,35.88599679
2018,2018103017,45,주,화,1,1,0,0,0,대구,수성구,차량단독,공작물충돌,공작물충돌,운전자법규위반,안전운전 의무 불이행,단일로,고가도로위,승용차,승용차,없음,없음,1107149.0,1763483.0,128.6867683,35.86204921
2018,2018080913,0,주,목,1,5,0,4,0,대구,수성구,차대차,측면충돌,측면충돌,운전자법규위반,신호위반,교차로,교차로내,승용차,승용차,이륜차,이륜차,1102351.0,1759274.0,128.633096,35.8246207
2018,2018051617,6,주,수,1,1,0,0,0,대구,수성구,차대사람,횡단중,횡단중,운전자법규위반,안전운전 의무 불이행,단일로,기타단일로,화물차,화물차,보행자,보행자,1102636.0,1764493.0,128.636922,35.87163704
2018,2018032104,1,야,수,1,1,0,0,0,대구,수성구,차량단독,공작물충돌,공작물충돌,운전자법규위반,안전운전 의무 불이행,단일로,기타단일로,승용차,승용차,없음,없음,1106609.0,1762659.0,128.6806783,35.8546804
2018,2018102606,54,주,금,1,1,0,0,0,대구,달서구,차대사람,횡단중,횡단중,운전자법규위반,안전운전 의무 불이행,교차로,교차로횡단보도내,화물차,화물차,보행자,보행자,1094988.0,1758703.0,128.5515274,35.82021407
2018,2018022505,41,야,일,1,2,0,1,0,대구,달성군,차대차,측면충돌,측면충돌,운전자법규위반,신호위반,교차로,교차로내,원동기장치자전거,원동기장치자전거,승용차,승용차,1086485.0,1742926.0,128.4557086,35.67877002
2018,2018051114,35,주,금,1,1,0,0,0,대구,서구,차대사람,차도통행중,차도통행중,운전자법규위반,안전운전 의무 불이행,교차로,교차로부근,승용차,승용차,보행자,보행자,1096551.0,1763645.0,128.5694252,35.86461166
2018,2018030901,30,야,금,1,3,0,2,0,대구,서구,차대차,추돌,추돌,운전자법규위반,안전운전 의무 불이행,단일로,지하차도(도로)내,승용차,승용차,승용차,승용차,1094657.0,1766785.0,128.548823,35.89310244
2018,2018080404,10,야,토,1,1,0,0,0,대구,서구,차량단독,공작물충돌,공작물충돌,운전자법규위반,안전운전 의무 불이행,단일로,기타단일로,이륜차,이륜차,없음,없음,1095278.0,1762806.0,128.555227,35.85717307
2018,2018072317,27,주,월,1,1,0,0,0,대구,서구,차대차,측면충돌,측면충돌,운전자법규위반,신호위반,단일로,기타단일로,승용차,승용차,이륜차,이륜차,1094841.0,1762598.0,128.5503631,35.85534043
2018,2018092200,0,야,토,1,1,0,0,0,대구,서구,차대사람,차도통행중,차도통행중,운전자법규위반,안전운전 의무 불이행,단일로,기타단일로,승용차,승용차,보행자,보행자,1096732.1,1763550.3,128.5714193,35.86374011
2018,2018071222,18,야,목,1,1,0,0,0,대구,중구,차대사람,횡단중,횡단중,운전자법규위반,안전운전 의무 불이행,단일로,기타단일로,승용차,승용차,보행자,보행자,1099057.0,1764337.0,128.5972638,35.87059942
2018,2018122404,50,야,월,1,1,0,0,0,인천,남구,차대사람,기타,기타,운전자법규위반,보행자 보호의무 위반,교차로,교차로횡단보도내,승합차,승합차,보행자,보행자,924854.0,1940995.0,126.65024,37.46511431
2018,2018072610,14,주,목,1,1,0,0,0,인천,계양구,차대사람,횡단중,횡단중,운전자법규위반,안전운전 의무 불이행,교차로,교차로내,화물차,화물차,보행자,보행자,931027.0,1947785.0,126.7194021,37.5267928
2018,2018040514,20,주,목,1,2,0,1,0,인천,강화군,차량단독,공작물충돌,공작물충돌,운전자법규위반,안전운전 의무 불이행,단일로,기타단일로,승용차,승용차,없음,없음,899322.0,1963644.0,126.358456,37.66679345
2018,2018042820,35,야,토,1,1,0,0,0,인천,강화군,차량단독,전복,전복,운전자법규위반,안전운전 의무 불이행,단일로,기타단일로,이륜차,이륜차,없음,없음,911111.0,1963493.0,126.4921245,37.66665053
2018,2018052706,55,주,일,1,1,0,0,0,인천,강화군,차량단독,기타,기타,운전자법규위반,안전운전 의무 불이행,단일로,기타단일로,농기계,농기계,없음,없음,912818.0,1970523.0,126.5106351,37.73016879
2018,2018092108,55,주,금,1,2,0,1,0,인천,연수구,차대차,추돌,추돌,운전자법규위반,안전운전 의무 불이행,단일로,기타단일로,승용차,승용차,특수차,특수차,925471.0,1929296.0,126.658397,37.35972325
2018,2018062305,28,야,토,1,2,0,1,0,인천,연수구,차대차,기타,기타,운전자법규위반,중앙선 침범,단일로,기타단일로,화물차,화물차,특수차,특수차,924546.0,1934658.0,126.6474057,37.40797534