발생년,발생년월일시,발생분,주야,요일,사망자수,사상자수,중상자수,경상자수,부상신고자수,발생지시도,발생지시군구,사고유형_대분류,사고유형_중분류,사고유형,법규위반_대분류,법규위반,도로형태_대분류,도로형태,가해자_당사자종별_대분류,가해자_당사자종별,피해자_당사자종별_대분류,피해자_당사자종별,발생위치X_UTMK,발생위치Y_UTMK,경도,위도
2018,2018012214,50,주,월,1,1,0,0,0,인천,남동구,차대사람,횡단중,횡단중,운전자법규위반,안전운전 의무 불이행,단일로,교량위,승용차,승용차,보행자,보행자,932639.0,1936016.0,126.738721,37.42083906
2018,2018050923,7,야,수,1,7,1,5,0,경기,안산시,차대차,추돌,추돌,운전자법규위반,안전운전 의무 불이행,단일로,기타단일로,화물차,화물차,승용차,승용차,940065.0,1928063.0,126.8232847,37.34966763
2018,2018101202,10,야,금,1,4,2,1,0,광주,서구,차대차,측면충돌,측면충돌,운전자법규위반,신호위반,교차로,교차로내,승용차,승용차,승용차,승용차,945980.2,1684155.1,126.9069236,35.15118531
2018,2018020222,18,야,금,1,1,0,0,0,광주,서구,차대사람,기타,기타,운전자법규위반,안전운전 의무 불이행,교차로,교차로부근,승합차,승합차,보행자,보행자,942231.7,1684920.1,126.8657179,35.15787464
2018,2018071708,0,주,화,1,1,0,0,0,광주,북구,차대차,측면충돌,측면충돌,운전자법규위반,기타(운전자법규위반),단일로,기타단일로,승용차,승용차,자전거,자전거,944027.5,1686923.2,126.8852985,35.17603755
2018,2018100820,45,야,월,1,1,0,0,0,광주,광산구,차대사람,횡단중,횡단중,운전자법규위반,과속,단일로,기타단일로,승용차,승용차,보행자,보행자,934044.0,1682378.0,126.776028,35.13444981
2018,2018102413,18,주,수,1,1,0,0,0,광주,광산구,차대사람,횡단중,횡단중,운전자법규위반,안전운전 의무 불이행,단일로,기타단일로,화물차,화물차,보행자,보행자,940751.0,1690331.0,126.8490722,35.20657628
2018,2018051813,20,주,금,1,1,0,0,0,광주,광산구,차대사람,기타,기타,운전자법규위반,교차로 통행방법 위반,교차로,교차로내,화물차,화물차,보행자,보행자,936038.0,1683133.0,126.7978554,35.14138608
2018,2018030215,30,주,금,1,1,0,0,0,대전,중구,차대사람,횡단중,횡단중,운전자법규위반,안전운전 의무 불이행,교차로,교차로내,승용차,승용차,보행자,보행자,990479.0,1814028.0,127.3939259,36.32356759
2018,2018122704,40,야,목,1,1,0,0,0,대전,동구,차대차,추돌,추돌,운전자법규위반,안전운전 의무 불이행,단일로,기타단일로,승용차,승용차,승용차,승용차,998069.0,1806668.0,127.4785048,36.2572586
2018,2018022306,30,주,금,1,2,0,1,0,대전,동구,차대차,측면충돌,측면충돌,운전자법규위반,신호위반,교차로,교차로내,화물차,화물차,화물차,화물차,996783.0,1809607.0,127.4641774,36.28375182
2018,2018021317,55,주,화,1,3,2,0,0,대전,동구,차량단독,도로이탈,도로이탈 추락,운전자법규위반,과속,단일로,기타단일로,승용차,승용차,없음,없음,998222.0,1806981.0,127.4802072,36.26008076
2018,2018012123,38,야,일,1,1,0,0,0,대전,서구,차량단독,공작물충돌,공작물충돌,운전자법규위반,안전운전 의무 불이행,단일로,기타단일로,승용차,승용차,없음,없음,988157.0,1812413.0,127.368081,36.30898189
2018,2018021011,20,주,토,1,1,0,0,0,대전,서구,차대사람,횡단중,횡단중,운전자법규위반,안전운전 의무 불이행,단일로,기타단일로,화물차,화물차,보행자,보행자,985730.0,1806393.0,127.3411567,36.25467579
2018,2018060103,30,야,금,1,1,0,0,0,대전,서구,차대사람,보도통행중,보도통행중,운전자법규위반,안전운전 의무 불이행,교차로,교차로횡단보도내,승용차,승용차,보행자,보행자,989987.0,1815259.0,127.3884287,36.33466059
2018,2018080104,10,야,수,1,1,0,0,0,대전,서구,차대사람,횡단중,횡단중,운전자법규위반,안전운전 의무 불이행,교차로,교차로내,승용차,승용차,보행자,보행자,989151.0,1814253.0,127.3791275,36.32558201
2018,2018120803,45,야,토,1,4,0,3,0,대전,서구,차대차,추돌,추돌,운전자법규위반,안전운전 의무 불이행,교차로,교차로부근,승용차,승용차,승용차,승용차,989498.0,1816836.0,127.3829587,36.34887268
2018,2018111623,30,야,금,1,1,0,0,0,대전,서구,차대사람,횡단중,횡단중,운전자법규위반,안전운전 의무 불이행,단일로,기타단일로,이륜차,이륜차,보행자,보행자,990581.0,1816640.0,127.3950307,36.34711687
2018,2018081823,22,야,토,1,1,0,0,0,대전,서구,차대사람,기타,기타,운전자법규위반,안전운전 의무 불이행,단일로,기타단일로,승용차,승용차,보행자,보행자,990954.0,1816847.0,127.3991852,36.34898664
2018,2018033021,1,야,금,1,2,0,1,0,대전,유성구,차량단독,공작물충돌,공작물충돌,운전자법규위반,안전운전 의무 불이행,단일로,기타단일로,승용차,승용차,없음,없음,987608.0,1821520.0,127.3618207,36.39107814
2018,2018011513,15,주,월,1,1,0,0,0,울산,중구,차대차,측면충돌,측면충돌,운전자법규위반,안전운전 의무 불이행,교차로,교차로내,승용차,승용차,자전거,자전거,1166899.0,1730066.0,129.3413578,35.55254791
2018,2018013104,58,야,수,1,1,0,0,0,울산,중구,차대차,기타,기타,운전자법규위반,안전운전 의무 불이행,단일로,기타단일로,승용차,승용차,승합차,승합차,1161113.0,1730273.0,129.2775914,35.55537129
2018,2018112312,39,주,금,1,1,0,0,0,울산,중구,차대사람,기타,기타,운전자법규위반,안전운전 의무 불이행,단일로,기타단일로,화물차,화물차,보행자,보행자,1166220.0,1730528.0,129.3339649,35.5568256
2018,2018051623,5,야,수,1,1,0,0,0,울산,남구,차량단독,공작물충돌,공작물충돌,운전자법규위반,안전운전 의무 불이행,단일로,기타단일로,승용차,승용차,없음,없음,1167846.0,1728436.0,129.3514632,35.53769852
2018,2018052202,5,야,화,1,1,0,0,0,울산,남구,차대사람,횡단중,횡단중,운전자법규위반,신호위반,교차로,교차로내,승용차,승용차,보행자,보행자,1166812.0,1728371.0,129.3400493,35.53728728
2018,2018052307,47,주,수,1,1,0,0,0,울산,울주군,차대차,기타,기타,운전자법규위반,중앙선 침범,단일로,기타단일로,승합차,승합차,자전거,자전거,1163162.0,1722567.0,129.298638,35.48558787
2018,2018051211,0,주,토,1,1,0,0,0,울산,울주군,차대사람,기타,기타,운전자법규위반,안전운전 의무 불이행,교차로,교차로내,승용차,승용차,보행자,보행자,1162307.0,1713687.0,129.287446,35.40569811
2018,2018122018,13,야,목,1,1,0,0,0,울산,울주군,차대사람,차도통행중,차도통행중,운전자법규위반,안전운전 의무 불이행,단일로,기타단일로,승용차,승용차,보행자,보행자,1157786.0,1725934.0,129.2400543,35.51680171
2018,2018012105,25,야,일,2,3,1,0,0,울산,울주군,차량단독,공작물충돌,공작물충돌,운전자법규위반,과속,단일로,기타단일로,승용차,승용차,없음,없음,1146420.0,1731045.0,129.1156808,35.56461016
2018,2018111711,25,주,토,1,1,0,0,0,경기,의정부시,차대차,측면충돌,측면충돌,운전자법규위반,안전운전 의무 불이행,단일로,기타단일로,원동기장치자전거,원동기장치자전거,승합차,승합차,960494.0,1971425.0,127.0516018,37.74159785
2018,2018092808,1,주,금,1,1,0,0,0,경기,의정부시,차량단독,전도,전도,운전자법규위반,안전운전 의무 불이행,기타,기타,개인형이동수단(PM),개인형이동수단(PM),없음,없음,965076.0,1968646.0,127.1037404,37.71673681
2018,2018033010,21,주,금,1,1,0,0,0,경기,의정부시,차대차,측면충돌,측면충돌,운전자법규위반,부당한 회전,교차로,교차로부근,화물차,화물차,이륜차,이륜차,960810.0,1970970.0,127.0552129,37.73751051
2018,2018022118,52,야,수,1,1,0,0,0,경기,의정부시,차대사람,기타,기타,운전자법규위반,안전운전 의무 불이행,단일로,기타단일로,승용차,승용차,보행자,보행자,958447.0,1973604.0,127.0282441,37.76114645
2018,2018101822,0,야,목,1,1,0,0,0,경기,고양시,차대차,기타,기타,운전자법규위반,안전운전 의무 불이행,교차로,교차로내,이륜차,이륜차,승용차,승용차,947158.0,1965575.0,126.900668,37.68819975
2018,2018122109,50,주,금,1,1,0,0,0,경기,남양주시,차대사람,횡단중,횡단중,운전자법규위반,안전운전 의무 불이행,단일로,기타단일로,건설기계,건설기계,보행자,보행자,982941.0,1961521.0,127.306608,37.65302385
2018,2018031823,20,야,일,1,1,0,0,0,경기,남양주시,차대사람,기타,기타,운전자법규위반,안전운전 의무 불이행,교차로,교차로부근,승용차,승용차,보행자,보행자,970198.0,1965387.0,127.1619887,37.68754379
2018,2018062923,35,야,금,1,1,0,0,0,경기,남양주시,차량단독,공작물충돌,공작물충돌,운전자법규위반,안전운전 의무 불이행,단일로,기타단일로,이륜차,이륜차,없음,없음,978619.0,1948987.0,127.2579775,37.53995892
2018,2018111317,40,주,화,1,1,0,0,0,경기,남양주시,차대차,측면충돌,측면충돌,운전자법규위반,신호위반,교차로,교차로내,승용차,승용차,이륜차,이륜차,971772.0,1962515.0,127.1799518,37.66170753
2018,2018061911,56,주,화,1,1,0,0,0,경기,남양주시,차대차,측면충돌,측면충돌,운전자법규위반,안전운전 의무 불이행,교차로,교차로내,사륜오토바이(ATV),사륜오토바이(ATV),화물차,화물차,971687.0,1961763.0,127.1790173,37.65492693
2018,2018080304,40,야,금,1,2,1,0,0,경기,파주시,차대차,추돌,추돌,운전자법규위반,안전운전 의무 불이행,단일로,기타단일로,승용차,승용차,농기계,농기계,934002.0,1987910.0,126.7494304,37.88864018
2018,2018071507,20,주,일,1,1,0,0,0,경기,양주시,차량단독,전도,전도,운전자법규위반,안전운전 의무 불이행,단일로,기타단일로,자전거,자전거,없음,없음,950801.0,1968754.0,126.9417701,37.71705459
2018,2018051008,20,주,목,1,3,2,0,0,경기,동두천시,차대차,측면충돌,측면충돌,운전자법규위반,과속,교차로,교차로내,승용차,승용차,화물차,화물차,960972.0,1993313.0,127.0558456,37.93889216
2018,2018053017,2,주,수,1,3,2,0,0,경기,구리시,차대차,측면충돌,측면충돌,운전자법규위반,신호위반,교차로,교차로부근,승용차,승용차,이륜차,이륜차,967717.0,1954316.0,127.1343394,37.58767385
2018,2018092210,0,주,토,1,1,0,0,0,경기,포천시,차대차,측면충돌,측면충돌,운전자법규위반,신호위반,교차로,교차로부근,승용차,승용차,건설기계,건설기계,975773.0,1992902.0,127.2242985,37.93570311
2018,2018040913,17,주,월,1,1,0,0,0,경기,가평군,차대사람,기타,기타,운전자법규위반,안전운전 의무 불이행,단일로,기타단일로,화물차,화물차,보행자,보행자,987928.0,1974047.0,127.3629359,37.76600384
2018,2018052006,57,주,일,1,1,0,0,0,경기,고양시,차량단독,공작물충돌,공작물충돌,운전자법규위반,안전운전 의무 불이행,단일로,기타단일로,이륜차,이륜차,없음,없음,936348.0,1966377.0,126.7779995,37.69474109
2018,2018011701,4,야,수,1,1,0,0,0,경기,고양시,차대사람,횡단중,횡단중,운전자법규위반,기타(운전자법규위반),교차로,교차로횡단보도내,승용차,승용차,보행자,보행자,932979.0,1963511.0,126.7400517,37.66867084
2018,2018020723,52,야,수,1,1,0,0,0,서울,종로구,차대사람,차도통행중,차도통행중,운전자법규위반,안전운전 의무 불이행,단일로,기타단일로,승용차,승용차,보행자,보행자,956096.0,1952534.0,127.0028223,37.57113118
2018,2018082211,20,주,수,1,1,0,0,0,서울,은평구,차대사람,횡단중,횡단중,운전자법규위반,안전운전 의무 불이행,단일로,기타단일로,화물차,화물차,보행자,보행자,950125.0,1956036.0,126.9349697,37.60239092
2018,2018092823,20,야,금,1,1,0,0,0,서울,은평구,차대차,정면충돌,정면충돌,운전자법규위반,신호위반,교차로,교차로내,승합차,승합차,이륜차,이륜차,946616.0,1953820.0,126.8953801,37.58222105
2018,2018103006,17,주,화,1,1,0,0,0,서울,강북구,차대사람,횡단중,횡단중,운전자법규위반,안전운전 의무 불이행,단일로,기타단일로,승용차,승용차,보행자,보행자,957010.0,1958945.0,127.0127956,37.62895786
2018,2018093004,45,야,일,1,1,0,0,0,서울,동대문구,차대사람,기타,기타,운전자법규위반,안전운전 의무 불이행,기타,기타,승용차,승용차,보행자,보행자,961846.0,1951986.0,127.0679631,37.56644815
2018,2018071217,39,주,목,2,8,1,3,2,서울,광진구,차대사람,길가장자리구역통행중,길가장자리구역통행중,운전자법규위반,안전운전 의무 불이행,단일로,기타단일로,승용차,승용차,보행자,보행자,963978.0,1950370.0,127.0921836,37.55196846
2018,2018080804,8,야,수,1,1,0,0,0,서울,광진구,차대사람,기타,기타,운전자법규위반,안전운전 의무 불이행,단일로,기타단일로,승용차,승용차,보행자,보행자,961682.0,1949748.0,127.0662231,37.54626953
2018,2018030906,7,주,금,1,1,0,0,0,서울,마포구,차대차,기타,기타,운전자법규위반,과속,교차로,교차로부근,승합차,승합차,원동기장치자전거,원동기장치자전거,950931.0,1948948.0,126.9445751,37.53854919
2018,2018040719,58,야,토,1,1,0,0,0,서울,금천구,차대사람,횡단중,횡단중,운전자법규위반,안전운전 의무 불이행,단일로,기타단일로,화물차,화물차,보행자,보행자,947008.0,1939510.0,126.9008518,37.45326561
2018,2018092900,43,야,토,1,2,0,1,0,서울,관악구,차대사람,기타,기타,운전자법규위반,안전운전 의무 불이행,단일로,기타단일로,승용차,승용차,보행자,보행자,952041.8,1942372.6,126.957577,37.47934194
2018,2018120122,19,야,토,1,1,0,0,0,서울,관악구,차대사람,기타,기타,운전자법규위반,안전운전 의무 불이행,교차로,교차로부근,승용차,승용차,보행자,보행자,948753.0,1941764.0,126.9204237,37.47367987
2018,2018110507,50,주,월,1,4,2,1,0,서울,강남구,차대차,정면충돌,정면충돌,운전자법규위반,신호위반,교차로,교차로내,승용차,승용차,승용차,승용차,958299.0,1946861.0,127.0280911,37.52010121
2018,2018121505,17,야,토,1,1,0,0,0,서울,강서구,차대차,측면충돌,측면충돌,운전자법규위반,안전운전 의무 불이행,단일로,기타단일로,화물차,화물차,자전거,자전거,940319.0,1952842.0,126.8241451,37.57301958
2018,2018111906,37,주,월,1,1,0,0,0,서울,강동구,차대사람,기타,기타,운전자법규위반,안전운전 의무 불이행,단일로,기타단일로,승합차,승합차,보행자,보행자,967308.0,1950672.0,127.1298694,37.55481469
2018,2018112404,17,야,토,1,2,1,0,0,서울,강동구,차대차,기타,기타,운전자법규위반,기타(운전자법규위반),단일로,기타단일로,승용차,승용차,화물차,화물차,971043.0,1951552.0,127.1721207,37.5628715
2018,2018032004,26,야,화,1,1,0,0,0,서울,강동구,차대사람,보도통행중,보도통행중,운전자법규위반,보행자 보호의무 위반,교차로,교차로내,승용차,승용차,보행자,보행자,970944.0,1951153.0,127.1710156,37.55927202
2018,2018041221,20,야,목,1,1,0,0,0,서울,송파구,차대차,정면충돌,정면충돌,운전자법규위반,안전운전 의무 불이행,단일로,기타단일로,승용차,승용차,승용차,승용차,965824.0,1943541.0,127.1134001,37.49048609
2018,2018072016,21,주,금,1,1,0,0,0,서울,송파구,차대사람,횡단중,횡단중,운전자법규위반,안전운전 의무 불이행,단일로,기타단일로,승용차,승용차,보행자,보행자,966539.0,1944852.0,127.1214284,37.50232894
2018,2018080606,50,주,월,1,1,0,0,0,서울,송파구,차대사람,기타,기타,운전자법규위반,안전운전 의무 불이행,교차로,교차로부근,승용차,승용차,보행자,보행자,969500.0,1944188.0,127.1549555,37.49644659
2018,2018042716,50,주,금,1,1,0,0,0,서울,송파구,차대차,측면충돌,측면충돌,운전자법규위반,안전운전 의무 불이행,단일로,기타단일로,승용차,승용차,승용차,승용차,965204.0,1946065.0,127.1062673,37.51321288
2018,2018101321,12,야,토,1,1,0,0,0,서울,송파구,차대사람,횡단중,횡단중,운전자법규위반,신호위반,단일로,기타단일로,승용차,승용차,보행자,보행자,965793.0,1944290.0,127.1130146,37.49723603
2018,2018101110,40,주,목,1,1,0,0,0,서울,성북구,차대차,측면충돌,측면충돌,운전자법규위반,신호위반,교차로,교차로내,승용차,승용차,이륜차,이륜차,958721.0,1956113.0,127.0323456,37.60351098
2018,2018042802,58,야,토,1,1,0,0,0,서울,성북구,차대차,기타,기타,운전자법규위반,신호위반,교차로,교차로부근,이륜차,이륜차,이륜차,이륜차,958854.0,1955803.8,127.0338697,37.60073006
2018,2018021304,50,야,화,1,1,0,0,0,서울,성북구,차대사람,기타,기타,운전자법규위반,안전운전 의무 불이행,단일로,기타단일로,화물차,화물차,보행자,보행자,959121.0,1956399.0,127.0368611,37.60610663
2018,2018031001,17,야,토,1,1,0,0,0,서울,성북구,차대사람,차도통행중,차도통행중,운전자법규위반,안전운전 의무 불이행,단일로,기타단일로,승용차,승용차,보행자,보행자,959009.0,1955220.0,127.0356583,37.59547506
2018,2018082106,20,주,화,1,1,0,0,0,서울,구로구,차대차,측면충돌,측면충돌,운전자법규위반,신호위반,교차로,교차로내,승용차,승용차,자전거,자전거,946176.0,1942533.0,126.8912244,37.48046447
2018,2018032403,47,야,토,1,1,0,0,0,서울,서초구,차대사람,횡단중,횡단중,운전자법규위반,안전운전 의무 불이행,단일로,기타단일로,승용차,승용차,보행자,보행자,956552.0,1943581.0,127.0085157,37.49045686
2018,2018022308,0,주,금,1,1,0,0,0,서울,양천구,차대차,기타,기타,운전자법규위반,안전운전 의무 불이행,단일로,기타단일로,승용차,승용차,건설기계,건설기계,940550.0,1946385.0,126.8272841,37.51483774
2018,2018111414,30,주,수,1,1,0,0,0,서울,노원구,차대차,측면충돌,측면충돌,운전자법규위반,직진 및 우회전차의 통행방해,교차로,교차로내,이륜차,이륜차,승용차,승용차,963839.0,1958244.0,127.0902211,37.62293375
2018,2018060103,35,야,금,1,2,0,1,0,서울,노원구,차량단독,공작물충돌,공작물충돌,운전자법규위반,과속,단일로,기타단일로,이륜차,이륜차,없음,없음,962616.0,1962794.0,127.0761294,37.66389487
2018,2018031302,0,야,화,1,2,1,0,0,서울,은평구,차대차,측면충돌,측면충돌,운전자법규위반,신호위반,교차로,교차로내,원동기장치자전거,원동기장치자전거,승용차,승용차,948085.0,1957300.0,126.9117701,37.61367048
2018,2018090123,34,야,토,1,1,0,0,0,서울,서초구,차대사람,기타,기타,운전자법규위반,안전운전 의무 불이행,기타,기타,승용차,승용차,보행자,보행자,955147.0,1943257.0,126.9926427,37.48746935
2018,2018092818,55,야,금,1,1,0,0,0,서울,서초구,차대사람,횡단중,횡단중,운전자법규위반,안전운전 의무 불이행,불명,불명,승용차,승용차,보행자,보행자,955814.0,1942162.0,127.0002529,37.47763189
2018,2018070401,28,야,수,1,1,0,0,0,부산,동구,차대사람,기타,기타,운전자법규위반,안전운전 의무 불이행,단일로,기타단일로,승용차,승용차,보행자,보행자,1140345.0,1680994.0,129.0400819,35.11434765
2018,2018100412,50,주,목,1,1,0,0,0,부산,서구,차대사람,기타,기타,운전자법규위반,안전운전 의무 불이행,기타,기타,화물차,화물차,보행자,보행자,1138207.0,1679412.0,129.0163636,35.10038309
2018,2018100215,9,주,화,1,2,0,0,1,부산,남구,차대차,추돌,추돌,운전자법규위반,안전운전 의무 불이행,단일로,기타단일로,화물차,화물차,특수차,특수차,1143781.4,1681847.2,129.0779271,35.12155335
2018,2018121107,40,주,화,1,1,0,0,0,부산,수영구,차대사람,횡단중,횡단중,운전자법규위반,보행자 보호의무 위반,단일로,기타단일로,승용차,승용차,보행자,보행자,1147590.6,1686177.1,129.1204899,35.16003006
2018,2018061909,22,주,화,1,1,0,0,0,부산,남구,차대차,측면충돌,측면충돌,운전자법규위반,안전운전 의무 불이행,단일로,기타단일로,승용차,승용차,자전거,자전거,1144193.0,1683316.0,129.0826989,35.13473394
2018,2018033113,41,주,토,1,1,0,0,0,부산,남구,차대사람,횡단중,횡단중,운전자법규위반,안전운전 의무 불이행,단일로,기타단일로,이륜차,이륜차,보행자,보행자,1147458.0,1682340.0,129.1183496,35.12546336
2018,2018040408,15,주,수,1,2,0,1,0,부산,남구,차대차,측면충돌,측면충돌,운전자법규위반,안전운전 의무 불이행,단일로,교량위,특수차,특수차,승용차,승용차,1142727.6,1684246.0,129.0667803,35.14332579
2018,2018082217,35,주,수,1,1,0,0,0,부산,북구,차대차,기타,기타,운전자법규위반,안전운전 의무 불이행,단일로,교량위,승용차,승용차,화물차,화물차,1137762.0,1694847.0,129.0140602,35.2395757
2018,2018032214,20,주,목,1,1,0,0,0,부산,동래구,차대사람,보도통행중,보도통행중,운전자법규위반,보행자 보호의무 위반,단일로,기타단일로,승합차,승합차,보행자,보행자,1143677.0,1690903.0,129.0783583,35.20319517
2018,2018051017,53,주,목,1,3,1,1,0,부산,부산진구,차대차,정면충돌,정면충돌,운전자법규위반,중앙선 침범,단일로,기타단일로,이륜차,이륜차,승용차,승용차,1138253.0,1685186.0,129.0178337,35.15242409
2018,2018011805,5,야,목,1,1,0,0,0,부산,부산진구,차대사람,횡단중,횡단중,운전자법규위반,과속,단일로,기타단일로,승용차,승용차,보행자,보행자,1142539.9,1686764.0,129.0651552,35.16604926
2018,2018090115,20,주,토,1,1,0,0,0,부산,부산진구,차대차,측면충돌,측면충돌,운전자법규위반,안전거리 미확보,단일로,기타단일로,승용차,승용차,이륜차,이륜차,1142866.0,1687220.0,129.0688137,35.17011324
2018,2018030322,10,야,토,1,1,0,0,0,부산,금정구,차대사람,횡단중,횡단중,운전자법규위반,안전운전 의무 불이행,교차로,교차로내,승용차,승용차,보행자,보행자,1144814.1,1696123.9,129.0917646,35.25009091
2018,2018010920,20,야,화,1,2,0,1,0,부산,사하구,차대사람,횡단중,횡단중,운전자법규위반,신호위반,교차로,교차로횡단보도내,이륜차,이륜차,보행자,보행자,1134909.0,1675406.0,128.9795375,35.06471892
2018,2018122403,22,야,월,1,1,0,0,0,부산,연제구,차대사람,차도통행중,차도통행중,운전자법규위반,과속,단일로,기타단일로,승용차,승용차,보행자,보행자,1145534.0,1689236.0,129.0984568,35.18790185
2018,2018071613,30,주,월,2,3,0,1,0,부산,강서구,차대차,측면충돌,측면충돌,운전자법규위반,중앙선 침범,교차로,교차로부근,특수차,특수차,특수차,특수차,1121694.0,1676258.0,128.8347715,35.07408074
2018,2018042322,55,야,월,1,1,0,0,0,부산,사상구,차대사람,횡단중,횡단중,운전자법규위반,과속,단일로,기타단일로,승용차,승용차,보행자,보행자,1134895.1,1686269.4,128.9811565,35.16264623
2018,2018082503,5,야,토,1,1,0,0,0,경남,밀양시,차대차,추돌,추돌,운전자법규위반,안전운전 의무 불이행,단일로,기타단일로,화물차,화물차,특수차,특수차,1115713.0,1717648.0,128.7750169,35.44790845
2018,2018111803,0,야,일,1,1,0,0,0,경기,수원시,차대차,기타,기타,운전자법규위반,안전거리 미확보,교차로,교차로부근,이륜차,이륜차,화물차,화물차,955675.0,1921898.0,126.9998955,37.29497576
2018,2018060806,45,주,금,1,5,1,2,1,경기,수원시,차대차,기타,기타,운전자법규위반,안전운전 의무 불이행,단일로,기타단일로,화물차,화물차,승합차,승합차,955897.0,1923105.0,127.0023285,37.30586577
2018,2018032312,20,주,금,1,1,0,0,0,경기,수원시,차대사람,기타,기타,운전자법규위반,안전운전 의무 불이행,교차로,교차로내,승합차,승합차,보행자,보행자,957023.0,1921580.0,127.0151225,37.2921727
2018,2018101812,4,주,목,1,5,4,0,0,경기,성남시,차량단독,전도,전도,운전자법규위반,안전운전 의무 불이행,단일로,기타단일로,승합차,승합차,없음,없음,964941.0,1937878.0,127.1036813,37.43940951
2018,2018041100,43,야,수,1,1,0,0,0,경기,성남시,차대사람,기타,기타,운전자법규위반,안전운전 의무 불이행,단일로,기타단일로,화물차,화물차,보행자,보행자,967936.0,1938211.0,127.1375226,37.4425197
2018,2018011003,56,야,수,1,1,0,0,0,경기,성남시,차대사람,차도통행중,차도통행중,운전자법규위반,안전운전 의무 불이행,단일로,기타단일로,승용차,승용차,보행자,보행자,967140.0,1937281.0,127.1285656,37.43410914
2018,2018040718,0,야,토,1,1,0,0,0,경기,평택시,차대사람,횡단중,횡단중,운전자법규위반,보행자 보호의무 위반,교차로,교차로내,승용차,승용차,보행자,보행자,963602.0,1888821.0,127.0909399,36.9971646
2018,2018052117,5,주,월,1,1,0,0,0,경기,평택시,차량단독,전도,전도,운전자법규위반,안전운전 의무 불이행,단일로,기타단일로,이륜차,이륜차,없음,없음,964298.0,1902972.0,127.0980894,37.12475003
2018,2018090905,55,야,일,1,5,0,4,0,경기,평택시,차대차,기타,기타,운전자법규위반,과속,교차로,교차로내,승용차,승용차,승합차,승합차,958172.0,1890948.0,127.0297983,37.01611164
2018,2018102416,5,주,수,1,1,0,0,0,경기,평택시,차대사람,차도통행중,차도통행중,운전자법규위반,안전운전 의무 불이행,교차로,교차로부근,건설기계,건설기계,보행자,보행자,950034.0,1888141.0,126.9385063,36.99041167
2018,2018110906,20,주,금,1,1,0,0,0,경기,평택시,차대차,기타,기타,운전자법규위반,안전운전 의무 불이행,단일로,기타단일로,승용차,승용차,승용차,승용차,963955.0,1891071.0,127.0947993,37.01746014
2018,2018112605,33,야,월,1,1,0,0,0,경기,평택시,차량단독,공작물충돌,공작물충돌,운전자법규위반,안전운전 의무 불이행,단일로,기타단일로,승용차,승용차,없음,없음,950051.0,1883632.0,126.9389957,36.94976826
2018,2018122005,10,야,목,1,1,0,0,0,경기,평택시,차대사람,횡단중,횡단중,운전자법규위반,과속,교차로,교차로내,승용차,승용차,보행자,보행자,963064.0,1889684.0,127.0848514,37.00492285
2018,2018051815,10,주,금,1,3,0,2,0,경기,안성시,차대차,추돌,추돌,운전자법규위반,안전운전 의무 불이행,단일로,기타단일로,화물차,화물차,화물차,화물차,976978.0,1885602.0,127.2413629,36.96857021
2018,2018070312,0,주,화,1,1,0,0,0,경기,광주시,차량단독,공작물충돌,공작물충돌,운전자법규위반,안전운전 의무 불이행,단일로,기타단일로,특수차,특수차,없음,없음,977335.0,1933573.0,127.2439178,37.40099227
2018,2018080820,6,야,수,1,1,0,0,0,경기,광주시,차대사람,횡단중,횡단중,운전자법규위반,안전운전 의무 불이행,기타,기타,승용차,승용차,보행자,보행자,973551.0,1934787.0,127.201121,37.41183457
2018,2018122220,0,야,토,1,1,0,0,0,경기,여주시,차대사람,차도통행중,차도통행중,운전자법규위반,안전운전 의무 불이행,단일로,기타단일로,승용차,승용차,보행자,보행자,1011512.0,1932413.0,127.6300516,37.39074203
2018,2018090601,20,야,목,1,2,0,0,1,경기,여주시,차량단독,도로이탈,도로이탈 추락,운전자법규위반,과속,단일로,기타단일로,승용차,승용차,없음,없음,1011800.0,1921133.0,127.6331255,37.28906176
2018,2018101222,47,야,금,1,1,0,0,0,경기,용인시,차대차,측면충돌,측면충돌,운전자법규위반,안전운전 의무 불이행,단일로,교량위,승용차,승용차,화물차,화물차,973991.0,1906958.0,127.207067,37.16099992
2018,2018111400,45,야,수,1,1,0,0,0,경기,용인시,차대차,측면충돌,측면충돌,운전자법규위반,안전운전 의무 불이행,단일로,기타단일로,승용차,승용차,화물차,화물차,978307.0,1914126.0,127.2554683,37.22572283
2018,2018071415,13,주,토,1,1,0,0,0,경기,용인시,차량단독,도로이탈,도로이탈 추락,운전자법규위반,안전운전 의무 불이행,단일로,기타단일로,자전거,자전거,없음,없음,973765.0,1907810.0,127.2044918,37.16867358