발생년,발생년월일시,발생분,주야,요일,사망자수,사상자수,중상자수,경상자수,부상신고자수,발생지시도,발생지시군구,사고유형_대분류,사고유형_중분류,사고유형,법규위반_대분류,법규위반,도로형태_대분류,도로형태,가해자_당사자종별_대분류,가해자_당사자종별,피해자_당사자종별_대분류,피해자_당사자종별,발생위치X_UTMK,발생위치Y_UTMK,경도,위도
2018,2018070409,25,주,수,1,1,0,0,0,경기,용인시,차대사람,기타,기타,운전자법규위반,안전운전 의무 불이행,단일로,기타단일로,건설기계,건설기계,보행자,보행자,961955.0,1914720.0,127.0711158,37.23055305
2018,2018040511,18,주,목,1,1,0,0,0,경기,김포시,차대차,추돌,추돌,운전자법규위반,안전운전 의무 불이행,교차로,교차로부근,이륜차,이륜차,화물차,화물차,930801.0,1960015.0,126.7156891,37.63700114
2018,2018052920,24,야,화,1,1,0,0,0,경기,양평군,차대차,기타,기타,운전자법규위반,안전운전 의무 불이행,단일로,기타단일로,원동기장치자전거,원동기장치자전거,건설기계,건설기계,1022122.0,1953786.0,127.750555,37.58319715
2018,2018101617,37,주,화,1,1,0,0,0,경기,화성시,차량단독,공작물충돌,공작물충돌,운전자법규위반,안전운전 의무 불이행,교차로,교차로부근,사륜오토바이(ATV),사륜오토바이(ATV),없음,없음,953601.0,1909770.0,126.9772516,37.18555658
2018,2018012306,28,주,화,1,1,0,0,0,경기,부천시,차대차,기타,기타,운전자법규위반,안전운전 의무 불이행,단일로,기타단일로,승용차,승용차,승용차,승용차,934411.0,1943500.0,126.7580797,37.48841945
2018,2018083123,42,야,금,1,2,1,0,0,경기,부천시,차대사람,기타,기타,운전자법규위반,안전운전 의무 불이행,교차로,교차로부근,승합차,승합차,보행자,보행자,936228.0,1944147.0,126.7785753,37.49437812
2018,2018090700,23,야,금,1,1,0,0,0,경기,안산시,차대차,추돌,추돌,운전자법규위반,안전운전 의무 불이행,단일로,기타단일로,승용차,승용차,자전거,자전거,917522.0,1920528.0,126.5696196,37.28002678
2018,2018082010,22,주,월,1,1,0,0,0,경기,안산시,차대사람,횡단중,횡단중,운전자법규위반,과속,단일로,기타단일로,승용차,승용차,보행자,보행자,937286.0,1926444.0,126.7920466,37.33489159
2018,2018040910,30,주,월,1,2,1,0,0,경기,안산시,차대차,기타,기타,운전자법규위반,안전운전 의무 불이행,단일로,기타단일로,건설기계,건설기계,승용차,승용차,916715.0,1914444.0,126.5611982,37.22512082
2018,2018040221,5,야,월,1,1,0,0,0,경기,안산시,차대사람,횡단중,횡단중,운전자법규위반,안전운전 의무 불이행,단일로,기타단일로,승합차,승합차,보행자,보행자,922342.0,1915569.0,126.6245024,37.23574624
2018,2018021605,46,야,금,1,1,0,0,0,경기,안산시,차대사람,횡단중,횡단중,운전자법규위반,안전운전 의무 불이행,단일로,기타단일로,승용차,승용차,보행자,보행자,941081.0,1924392.0,126.8350472,37.31664483
2018,2018101714,22,주,수,1,1,0,0,0,경기,수원시,차대사람,기타,기타,운전자법규위반,안전운전 의무 불이행,단일로,기타단일로,승합차,승합차,보행자,보행자,962954.0,1918628.0,127.0821829,37.26581928
2018,2018111705,50,야,토,1,1,0,0,0,경기,수원시,차대사람,차도통행중,차도통행중,운전자법규위반,안전운전 의무 불이행,단일로,기타단일로,화물차,화물차,보행자,보행자,956683.0,1917063.0,127.0115497,37.2514421
2018,2018090202,50,야,일,1,2,0,1,0,경기,군포시,차대사람,횡단중,횡단중,운전자법규위반,과속,교차로,교차로내,승용차,승용차,보행자,보행자,949178.0,1928207.0,126.9261629,37.35150941
2018,2018021502,10,야,목,1,3,0,2,0,경기,성남시,차대차,기타,기타,운전자법규위반,안전운전 의무 불이행,단일로,기타단일로,승용차,승용차,승용차,승용차,971600.0,1937222.0,127.1789809,37.433725
2018,2018010603,42,야,토,1,3,1,1,0,경기,시흥시,차대차,측면충돌,측면충돌,운전자법규위반,신호위반,교차로,교차로내,승용차,승용차,승용차,승용차,938319.0,1940253.0,126.8025545,37.45942345
2018,2018041102,43,야,수,1,1,0,0,0,경기,시흥시,차대사람,길가장자리구역통행중,길가장자리구역통행중,운전자법규위반,안전운전 의무 불이행,단일로,기타단일로,승용차,승용차,보행자,보행자,935575.0,1936501.0,126.7718573,37.4254194
2018,2018122405,32,야,월,1,1,0,0,0,경기,안산시,차대사람,횡단중,횡단중,운전자법규위반,안전운전 의무 불이행,단일로,기타단일로,화물차,화물차,보행자,보행자,943301.0,1926126.0,126.8599678,37.33241215
2018,2018011123,0,야,목,1,3,2,0,0,경기,안성시,차대차,기타,기타,운전자법규위반,안전운전 의무 불이행,단일로,기타단일로,승용차,승용차,화물차,화물차,979371.0,1885731.0,127.268243,36.96978859
2018,2018032405,4,야,토,1,1,0,0,0,경기,성남시,차량단독,공작물충돌,공작물충돌,운전자법규위반,안전운전 의무 불이행,단일로,기타단일로,승용차,승용차,없음,없음,961245.0,1929892.0,127.0623204,37.36727982
2018,2018040402,27,야,수,1,1,0,0,0,경기,용인시,차대차,기타,기타,운전자법규위반,안전운전 의무 불이행,단일로,기타단일로,화물차,화물차,화물차,화물차,979038.0,1916425.0,127.2636437,37.24646273
2018,2018080703,30,야,화,1,1,0,0,0,경기,군포시,차량단독,공작물충돌,공작물충돌,운전자법규위반,안전운전 의무 불이행,단일로,기타단일로,승용차,승용차,없음,없음,949691.0,1930899.0,126.931772,37.37580152
2018,2018011122,10,야,목,1,1,0,0,0,경기,안산시,차대사람,기타,기타,운전자법규위반,안전운전 의무 불이행,단일로,기타단일로,화물차,화물차,보행자,보행자,946592.0,1923075.0,126.8973351,37.30510725
2018,2018112506,50,주,일,1,4,0,0,3,경기,남양주시,차대차,기타,기타,운전자법규위반,안전운전 의무 불이행,단일로,기타단일로,승합차,승합차,승용차,승용차,966907.0,1966664.0,127.1246052,37.69894073
2018,2018081823,25,야,토,1,2,1,0,0,경기,의왕시,차량단독,공작물충돌,공작물충돌,운전자법규위반,안전운전 의무 불이행,기타,기타,승용차,승용차,없음,없음,956205.1,1932237.5,127.0052653,37.38819671
2018,2018122419,50,야,월,1,1,0,0,0,경기,성남시,차대사람,차도통행중,차도통행중,운전자법규위반,안전운전 의무 불이행,단일로,기타단일로,승용차,승용차,보행자,보행자,963087.8,1935433.6,127.0828549,37.41730472
2018,2018032603,50,야,월,1,1,0,0,0,경기,용인시,차대차,추돌,추돌,운전자법규위반,안전운전 의무 불이행,단일로,기타단일로,화물차,화물차,화물차,화물차,967738.0,1921131.0,127.1360287,37.288559
2018,2018112820,35,야,수,1,2,1,0,0,경기,화성시,차대차,추돌,추돌,운전자법규위반,안전운전 의무 불이행,단일로,기타단일로,승용차,승용차,화물차,화물차,941773.0,1903381.0,126.8444975,37.12730584
2018,2018112301,45,야,금,1,1,0,0,0,경기,화성시,차대차,측면충돌,측면충돌,운전자법규위반,안전운전 의무 불이행,단일로,기타단일로,특수차,특수차,화물차,화물차,945435.0,1908881.0,126.8853199,37.17710185
2018,2018081002,17,야,금,1,1,0,0,0,경기,화성시,차대사람,차도통행중,차도통행중,운전자법규위반,안전운전 의무 불이행,기타,기타,승용차,승용차,보행자,보행자,947818.0,1921411.0,126.9112857,37.29017843
2018,2018091408,10,주,금,1,1,0,0,0,경기,화성시,차대차,측면충돌,측면충돌,운전자법규위반,안전운전 의무 불이행,교차로,교차로내,이륜차,이륜차,건설기계,건설기계,943350.0,1915446.0,126.8613349,37.23615166
2018,2018050900,17,야,수,1,1,0,0,0,경기,하남시,차대사람,횡단중,횡단중,운전자법규위반,안전운전 의무 불이행,교차로,교차로횡단보도내,승용차,승용차,보행자,보행자,973835.0,1949371.0,127.2038118,37.54329669
2018,2018020116,30,주,목,1,1,0,0,0,경기,안양시,차대사람,기타,기타,운전자법규위반,안전운전 의무 불이행,단일로,기타단일로,건설기계,건설기계,보행자,보행자,945772.0,1934208.0,126.8872674,37.40540564
2018,2018122800,30,야,금,1,1,0,0,0,경기,용인시,차대사람,횡단중,횡단중,운전자법규위반,안전운전 의무 불이행,단일로,기타단일로,승합차,승합차,보행자,보행자,963611.0,1924589.0,127.0893006,37.31957617
2018,2018110414,15,주,일,1,1,0,0,0,강원,춘천시,차량단독,공작물충돌,공작물충돌,운전자법규위반,안전운전 의무 불이행,단일로,기타단일로,승용차,승용차,없음,없음,1024592.2,1996408.1,127.7799773,37.96729331
2018,2018122610,20,주,수,1,1,0,0,0,강원,춘천시,차대차,정면충돌,정면충돌,운전자법규위반,신호위반,교차로,교차로내,승용차,승용차,이륜차,이륜차,1019601.8,1988140.5,127.7229379,37.89289943
2018,2018031320,17,야,화,1,4,3,0,0,강원,강릉시,차대차,기타,기타,운전자법규위반,안전운전 의무 불이행,교차로,교차로내,승용차,승용차,화물차,화물차,1120947.4,1982281.1,128.8744176,37.83227874
2018,2018112206,10,주,목,1,1,0,0,0,강원,강릉시,차대사람,횡단중,횡단중,운전자법규위반,안전운전 의무 불이행,단일로,기타단일로,승합차,승합차,보행자,보행자,1123197.3,1973910.6,128.8985552,37.75655507
2018,2018021314,0,주,화,1,1,0,0,0,강원,원주시,차량단독,전도,전도,운전자법규위반,안전운전 의무 불이행,단일로,기타단일로,승용차,승용차,없음,없음,1023579.0,1909642.0,127.7656495,37.18525817
2018,2018072105,0,야,토,1,1,0,0,0,강원,원주시,차량단독,공작물충돌,공작물충돌,운전자법규위반,안전운전 의무 불이행,단일로,기타단일로,이륜차,이륜차,없음,없음,1038502.0,1925740.0,127.9346066,37.32986573
2018,2018122021,0,야,목,1,2,1,0,0,강원,원주시,차량단독,공작물충돌,공작물충돌,운전자법규위반,안전운전 의무 불이행,단일로,기타단일로,승용차,승용차,없음,없음,1035312.0,1916674.0,127.8981682,37.24827367
2018,2018111501,25,야,목,1,1,0,0,0,강원,원주시,차대차,추돌,추돌,운전자법규위반,안전운전 의무 불이행,단일로,기타단일로,승용차,승용차,화물차,화물차,1038454.0,1926951.0,127.9341276,37.34078326
2018,2018011215,5,주,금,1,1,0,0,0,강원,원주시,차대사람,횡단중,횡단중,운전자법규위반,안전운전 의무 불이행,교차로,교차로횡단보도내,승용차,승용차,보행자,보행자,1038589.0,1928752.0,127.9357455,37.35701122
2018,2018102506,10,주,목,1,1,0,0,0,강원,속초시,차대사람,횡단중,횡단중,운전자법규위반,안전운전 의무 불이행,단일로,기타단일로,화물차,화물차,보행자,보행자,1095816.0,2024495.0,128.594529,38.21566393
2018,2018091914,13,주,수,1,1,0,0,0,강원,양양군,차대사람,횡단중,횡단중,운전자법규위반,안전운전 의무 불이행,기타,기타,화물차,화물차,보행자,보행자,1098785.0,2013763.0,128.6269486,38.11863793
2018,2018091718,45,야,월,1,1,0,0,0,강원,양양군,차대사람,길가장자리구역통행중,길가장자리구역통행중,운전자법규위반,안전운전 의무 불이행,단일로,지하차도(도로)내,화물차,화물차,보행자,보행자,1099001.0,2010814.0,128.6290033,38.09204088
2018,2018051722,25,야,목,1,1,0,0,0,강원,홍천군,차량단독,공작물충돌,공작물충돌,운전자법규위반,안전운전 의무 불이행,교차로,교차로부근,승용차,승용차,없음,없음,1044758.0,1981027.0,128.0085997,37.82789765
2018,2018091704,48,야,월,1,1,0,0,0,강원,평창군,차량단독,전도,전도,운전자법규위반,안전운전 의무 불이행,단일로,기타단일로,화물차,화물차,없음,없음,1106376.0,1964392.0,128.7062475,37.67289106
2018,2018022318,15,야,금,1,2,1,0,0,강원,평창군,차량단독,공작물충돌,공작물충돌,운전자법규위반,안전운전 의무 불이행,교차로,교차로내,승용차,승용차,없음,없음,1096207.0,1963735.0,128.5908699,37.66809323
2018,2018081322,17,야,월,1,3,0,2,0,강원,태백시,차대차,측면충돌,측면충돌,운전자법규위반,신호위반,교차로,교차로내,승용차,승용차,승용차,승용차,1132028.0,1907309.0,128.9868416,37.1551981
2018,2018112710,34,주,화,1,1,0,0,0,강원,태백시,차대사람,차도통행중,차도통행중,운전자법규위반,안전운전 의무 불이행,기타,기타,승용차,승용차,보행자,보행자,1129700.0,1904519.0,128.9601491,37.13038262
2018,2018022815,5,주,수,1,2,0,1,0,강원,태백시,차대차,측면충돌,측면충돌,운전자법규위반,안전운전 의무 불이행,단일로,기타단일로,승용차,승용차,건설기계,건설기계,1131578.0,1917135.0,128.9835075,37.24380463
2018,2018120315,50,주,월,1,1,0,0,0,강원,정선군,차대차,측면충돌,측면충돌,운전자법규위반,과속,단일로,기타단일로,승용차,승용차,농기계,농기계,1121046.0,1934280.0,128.8675914,37.39973256
2018,2018100119,0,야,월,1,1,0,0,0,강원,횡성군,차대사람,횡단중,횡단중,운전자법규위반,안전운전 의무 불이행,단일로,기타단일로,승용차,승용차,보행자,보행자,1059329.1,1943090.9,128.1710822,37.48515565
2018,2018040223,50,야,월,1,1,0,0,0,강원,인제군,차대사람,차도통행중,차도통행중,운전자법규위반,안전운전 의무 불이행,단일로,기타단일로,승합차,승합차,보행자,보행자,1059941.0,2008475.0,128.1834072,38.07439689
2018,2018022020,45,야,화,1,1,0,0,0,강원,고성군,차량단독,공작물충돌,공작물충돌,운전자법규위반,안전운전 의무 불이행,기타,기타,승용차,승용차,없음,없음,1088041.0,2023396.8,128.5055903,38.20656232
2018,2018090813,30,주,토,1,5,4,0,0,강원,고성군,차량단독,공작물충돌,공작물충돌,운전자법규위반,안전운전 의무 불이행,단일로,기타단일로,화물차,화물차,없음,없음,1079442.0,2049835.0,128.4103613,38.44560399
2018,2018020602,20,야,화,1,2,1,0,0,강원,철원군,차량단독,공작물충돌,공작물충돌,운전자법규위반,안전운전 의무 불이행,교차로,교차로내,승용차,승용차,없음,없음,994424.1,2026783.9,127.4362818,38.24137835
2018,2018112017,29,주,화,1,1,0,0,0,강원,양구군,차량단독,기타,기타,운전자법규위반,안전운전 의무 불이행,기타,기타,사륜오토바이(ATV),사륜오토바이(ATV),없음,없음,1046803.5,2020534.4,128.0344209,38.18385543
2018,2018090518,10,야,수,1,2,0,1,0,강원,양구군,차대차,정면충돌,정면충돌,운전자법규위반,중앙선 침범,단일로,기타단일로,승용차,승용차,승용차,승용차,1054407.1,2029583.6,128.1219313,38.2649798
2018,2018012218,0,야,월,1,1,0,0,0,충북,청주시,차대사람,횡단중,횡단중,운전자법규위반,안전운전 의무 불이행,단일로,기타단일로,승용차,승용차,보행자,보행자,996390.0,1848769.0,127.4596185,36.63680553
2018,2018091421,0,야,금,1,2,0,1,0,충북,청주시,차대차,기타,기타,운전자법규위반,안전운전 의무 불이행,교차로,교차로내,이륜차,이륜차,승용차,승용차,993416.0,1857095.0,127.4262798,36.71184781
2018,2018031416,55,주,수,1,2,0,1,0,충북,충주시,차대차,기타,기타,운전자법규위반,신호위반,교차로,교차로내,승용차,승용차,이륜차,이륜차,1036135.0,1884549.0,127.9058999,36.95866593
2018,2018021422,57,야,수,1,1,0,0,0,충북,충주시,차대사람,기타,기타,운전자법규위반,안전운전 의무 불이행,단일로,기타단일로,승용차,승용차,보행자,보행자,1040246.0,1897607.0,127.9527748,37.0762055
2018,2018121817,52,주,화,1,1,0,0,0,충북,충주시,차대사람,횡단중,횡단중,운전자법규위반,신호위반,단일로,기타단일로,승용차,승용차,보행자,보행자,1036273.0,1885983.0,127.9075189,36.97158706
2018,2018112218,45,야,목,1,1,0,0,0,충북,제천시,차대차,추돌,추돌,운전자법규위반,안전운전 의무 불이행,단일로,기타단일로,승용차,승용차,건설기계,건설기계,1058126.0,1903842.0,128.1544013,37.13146741
2018,2018100810,16,주,월,1,3,1,1,0,충북,영동군,차대차,측면충돌,측면충돌,운전자법규위반,안전운전 의무 불이행,교차로,교차로내,화물차,화물차,화물차,화물차,1015670.0,1789892.0,127.6740975,36.10588716
2018,2018020704,41,야,수,1,1,0,0,0,충북,영동군,차량단독,전도,전도,운전자법규위반,안전운전 의무 불이행,단일로,기타단일로,화물차,화물차,없음,없음,1016141.0,1802396.0,127.6795874,36.21861119
2018,2018052016,5,주,일,1,1,0,0,0,충북,괴산군,차량단독,도로이탈,도로이탈 추락,운전자법규위반,안전운전 의무 불이행,단일로,기타단일로,승용차,승용차,없음,없음,1037501.0,1872993.0,127.9206713,36.85444291
2018,2018112119,5,야,수,1,1,0,0,0,충북,음성군,차대사람,횡단중,횡단중,운전자법규위반,안전운전 의무 불이행,단일로,기타단일로,승용차,승용차,보행자,보행자,1009975.0,1888305.0,127.6120987,36.99316506
2018,2018092810,23,주,금,1,1,0,0,0,충북,음성군,차대차,기타,기타,운전자법규위반,교차로 통행방법 위반,교차로,교차로내,화물차,화물차,이륜차,이륜차,996967.0,1890778.0,127.4659053,37.01550576
2018,2018070814,45,주,일,1,3,1,1,0,충북,단양군,차대차,정면충돌,정면충돌,운전자법규위반,중앙선 침범,단일로,기타단일로,승용차,승용차,승용차,승용차,1083032.0,1896701.0,128.4339817,37.06522564
2018,2018082823,10,야,화,1,1,0,0,0,충북,진천군,차대차,추돌,추돌,운전자법규위반,안전운전 의무 불이행,단일로,기타단일로,승용차,승용차,승용차,승용차,994137.0,1866722.0,127.4342788,36.79863797
2018,2018020917,0,주,금,1,2,1,0,0,충북,청주시,차대차,정면충돌,정면충돌,운전자법규위반,중앙선 침범,단일로,기타단일로,승용차,승용차,승용차,승용차,987565.0,1850344.0,127.3608767,36.65092971
2018,2018053000,18,야,수,1,1,0,0,0,충북,청주시,차대사람,차도통행중,차도통행중,운전자법규위반,과속,단일로,기타단일로,승용차,승용차,보행자,보행자,997003.0,1850084.0,127.4664704,36.64866234
2018,2018122004,50,야,목,1,1,0,0,0,충북,청주시,차대차,측면충돌,측면충돌,운전자법규위반,안전운전 의무 불이행,교차로,교차로횡단보도내,승용차,승용차,자전거,자전거,993705.0,1847600.0,127.4295937,36.62625305
2018,2018121906,32,주,수,1,1,0,0,0,충북,충주시,차대차,기타,기타,운전자법규위반,안전운전 의무 불이행,단일로,기타단일로,화물차,화물차,화물차,화물차,1020234.0,1895237.0,127.7275748,37.05548748
2018,2018040405,40,야,수,1,1,0,0,0,경기,이천시,차대차,추돌,추돌,운전자법규위반,안전운전 의무 불이행,단일로,기타단일로,승합차,승합차,화물차,화물차,1000193.0,1916207.0,127.5021761,37.24473353
2018,2018042815,0,주,토,1,5,0,4,0,경기,이천시,차대차,추돌,추돌,운전자법규위반,안전운전 의무 불이행,단일로,기타단일로,화물차,화물차,화물차,화물차,992913.0,1916794.0,127.420087,37.24999783
2018,2018012519,43,야,목,1,3,2,0,0,경기,이천시,차대차,기타,기타,운전자법규위반,안전운전 의무 불이행,단일로,기타단일로,승합차,승합차,승용차,승용차,993354.0,1915869.0,127.425068,37.24166309
2018,2018042618,50,야,목,1,10,1,8,0,충북,괴산군,차대차,추돌,추돌,운전자법규위반,안전운전 의무 불이행,단일로,터널안,화물차,화물차,화물차,화물차,1045664.0,1861040.0,128.0115205,36.7463348
2018,2018101216,22,주,금,1,13,3,9,0,충북,음성군,차대차,추돌,추돌,운전자법규위반,안전운전 의무 불이행,단일로,기타단일로,화물차,화물차,승용차,승용차,997480.1,1887301.0,127.4716848,36.9841641
2018,2018041210,5,주,목,1,1,0,0,0,충북,진천군,차량단독,전복,전복,운전자법규위반,안전운전 의무 불이행,단일로,기타단일로,특수차,특수차,없음,없음,997806.0,1874640.0,127.4753835,36.87003183
2018,2018073014,40,주,월,1,1,0,0,0,충남,서산시,차대차,측면충돌,측면충돌,운전자법규위반,안전운전 의무 불이행,교차로,교차로부근,화물차,화물차,자전거,자전거,907414.0,1864509.0,126.4625043,36.77418227
2018,2018030602,5,야,화,1,1,0,0,0,충남,서산시,차대차,기타,기타,운전자법규위반,안전운전 의무 불이행,단일로,기타단일로,이륜차,이륜차,승용차,승용차,911714.0,1869720.0,126.5100781,36.82156148
2018,2018100322,0,야,수,1,1,0,0,0,충남,서산시,차대사람,횡단중,횡단중,운전자법규위반,과속,단일로,기타단일로,승용차,승용차,보행자,보행자,914320.0,1855667.0,126.540873,36.69513402
2018,2018102723,58,야,토,1,1,0,0,0,충남,서산시,차대사람,횡단중,횡단중,운전자법규위반,과속,교차로,교차로내,승용차,승용차,보행자,보행자,907307.0,1864325.0,126.4613279,36.77251337
2018,2018062216,0,주,금,1,1,0,0,0,충남,천안시,차대차,측면충돌,측면충돌,운전자법규위반,안전거리 미확보,교차로,교차로부근,이륜차,이륜차,승용차,승용차,965412.0,1867144.0,127.112271,36.80182834
2018,2018020217,10,주,금,1,1,0,0,0,충남,천안시,차대사람,횡단중,횡단중,운전자법규위반,안전운전 의무 불이행,교차로,교차로부근,승합차,승합차,보행자,보행자,967336.0,1870896.0,127.1336773,36.83571918
2018,2018090911,24,주,일,1,1,0,0,0,충남,천안시,차량단독,기타,기타,운전자법규위반,안전운전 의무 불이행,단일로,기타단일로,이륜차,이륜차,없음,없음,980310.0,1877277.0,127.2790122,36.89360041
2018,2018081221,0,야,일,1,1,0,0,0,충남,천안시,차대차,기타,기타,운전자법규위반,안전운전 의무 불이행,단일로,기타단일로,승용차,승용차,자전거,자전거,967506.0,1879450.0,127.1352173,36.91283454
2018,2018110206,40,주,금,1,2,1,0,0,충남,천안시,차대차,측면충돌,측면충돌,운전자법규위반,신호위반,교차로,교차로내,화물차,화물차,승용차,승용차,964289.0,1866991.0,127.0996897,36.80040742
2018,2018032612,58,주,월,1,1,0,0,0,충남,논산시,차대사람,횡단중,횡단중,운전자법규위반,안전운전 의무 불이행,교차로,교차로내,화물차,화물차,보행자,보행자,956067.0,1795163.0,127.0116063,36.15253974
2018,2018060215,30,주,토,1,1,0,0,0,충남,논산시,차대차,측면충돌,측면충돌,운전자법규위반,부당한 회전,교차로,교차로부근,자전거,자전거,승용차,승용차,964207.0,1801449.0,127.101808,36.20954573
2018,2018041218,35,야,목,1,1,0,0,0,충남,계룡시,차대사람,횡단중,횡단중,운전자법규위반,안전운전 의무 불이행,교차로,교차로내,승용차,승용차,보행자,보행자,976301.0,1811423.0,127.2360481,36.29983799
2018,2018092717,0,주,목,1,1,0,0,0,충남,논산시,차대사람,기타,기타,운전자법규위반,안전운전 의무 불이행,단일로,기타단일로,승용차,승용차,보행자,보행자,964866.0,1805504.0,127.1089572,36.24612731
2018,2018102115,0,주,일,1,2,1,0,0,충남,논산시,차대차,기타,기타,운전자법규위반,안전운전 의무 불이행,교차로,교차로부근,승용차,승용차,이륜차,이륜차,959682.0,1797310.0,127.0516821,36.172053
2018,2018073117,34,주,화,1,1,0,0,0,충남,홍성군,차량단독,전도,전도,운전자법규위반,안전운전 의무 불이행,단일로,기타단일로,이륜차,이륜차,없음,없음,925382.0,1848786.0,126.6653615,36.63404195
2018,2018072916,49,주,일,1,1,0,0,0,충남,홍성군,차량단독,전복,전복,운전자법규위반,안전운전 의무 불이행,단일로,기타단일로,농기계,농기계,없음,없음,923371.0,1839347.0,126.6438102,36.54879872
2018,2018080212,20,주,목,1,8,7,0,0,충남,아산시,차대차,정면충돌,정면충돌,운전자법규위반,중앙선 침범,단일로,기타단일로,화물차,화물차,승합차,승합차,954331.0,1855602.0,126.9887485,36.69731375
2018,2018033120,30,야,토,1,1,0,0,0,충남,아산시,차대사람,횡단중,횡단중,운전자법규위반,안전운전 의무 불이행,단일로,기타단일로,승용차,승용차,보행자,보행자,963208.0,1870568.0,127.0873992,36.83261079
2018,2018011420,45,야,일,1,1,0,0,0,충남,아산시,차대차,정면충돌,정면충돌,운전자법규위반,신호위반,교차로,교차로내,승합차,승합차,이륜차,이륜차,960835.0,1880664.0,127.0602667,36.92352434
2018,2018022403,20,야,토,1,2,0,1,0,충남,아산시,차대차,정면충돌,정면충돌,운전자법규위반,중앙선 침범,교차로,교차로부근,승용차,승용차,화물차,화물차,958525.0,1879547.0,127.0343926,36.91335657
2018,2018110815,30,주,목,1,6,4,1,0,충남,서천군,차량단독,도로이탈,도로이탈 추락,운전자법규위반,안전운전 의무 불이행,단일로,기타단일로,승합차,승합차,없음,없음,923151.0,1792738.0,126.645952,36.1286278
2018,2018122118,2,야,금,1,1,0,0,0,충남,서천군,차대차,정면충돌,정면충돌,운전자법규위반,중앙선 침범,단일로,기타단일로,승용차,승용차,자전거,자전거,928895.0,1788873.0,126.7101302,36.09422326
2018,2018020418,32,야,일,1,1,0,0,0,충남,서천군,차대사람,차도통행중,차도통행중,운전자법규위반,안전운전 의무 불이행,교차로,교차로내,승용차,승용차,보행자,보행자,927365.0,1779336.0,126.6940128,36.00813424
2018,2018081105,40,야,토,1,1,0,0,0,충남,공주시,차대사람,횡단중,횡단중,운전자법규위반,신호위반,교차로,교차로부근,승용차,승용차,보행자,보행자,967343.0,1830714.0,127.1354674,36.47348791
2018,2018082110,25,주,화,1,1,0,0,0,세종,세종,차대차,정면충돌,정면충돌,운전자법규위반,안전운전 의무 불이행,단일로,기타단일로,농기계,농기계,승용차,승용차,982131.0,1841940.0,127.3002767,36.57508144
2018,2018102507,30,주,목,1,2,0,1,0,충남,예산군,차대차,추돌,추돌,운전자법규위반,안전운전 의무 불이행,기타,기타,화물차,화물차,승용차,승용차,943386.0,1853265.0,126.8664013,36.67565805
2018,2018080222,30,야,목,1,1,0,0,0,충남,예산군,차대차,추돌,추돌,운전자법규위반,안전운전 의무 불이행,단일로,기타단일로,승용차,승용차,원동기장치자전거,원동기장치자전거,927317.0,1854975.0,126.6864165,36.68997945
2018,2018040914,45,주,월,1,1,0,0,0,충남,부여군,차대사람,횡단중,횡단중,운전자법규위반,안전운전 의무 불이행,교차로,교차로내,승용차,승용차,보행자,보행자,949880.0,1808711.0,126.9419629,36.27437735
2018,2018122018,53,야,목,1,1,0,0,0,충남,부여군,차대사람,길가장자리구역통행중,길가장자리구역통행중,운전자법규위반,안전운전 의무 불이행,단일로,기타단일로,특수차,특수차,보행자,보행자,944732.0,1808369.0,126.884672,36.27101304
2018,2018032022,22,야,화,1,1,0,0,0,충남,당진시,차대사람,횡단중,횡단중,운전자법규위반,과속,교차로,교차로내,승용차,승용차,보행자,보행자,934348.0,1867717.0,126.7640163,36.80534845
2018,2018072020,20,야,금,1,1,0,0,0,충남,당진시,차대사람,길가장자리구역통행중,길가장자리구역통행중,운전자법규위반,안전운전 의무 불이행,단일로,기타단일로,승용차,승용차,보행자,보행자,925692.0,1868781.0,126.6668841,36.81429903
2018,2018102120,30,야,일,1,1,0,0,0,충남,당진시,차대차,추돌,추돌,운전자법규위반,과속,단일로,기타단일로,승용차,승용차,이륜차,이륜차,940912.0,1876627.0,126.8369033,36.88609631
2018,2018051113,40,주,금,1,1,0,0,0,충남,금산군,차대차,측면충돌,측면충돌,운전자법규위반,교차로 통행방법 위반,교차로,교차로내,화물차,화물차,이륜차,이륜차,998769.0,1789543.0,127.4863238,36.10286635
2018,2018032920,13,야,목,1,1,0,0,0,충남,청양군,차대사람,차도통행중,차도통행중,운전자법규위반,안전운전 의무 불이행,교차로,교차로내,승용차,승용차,보행자,보행자,937330.0,1827994.0,126.8006858,36.44747476
2018,2018102218,32,야,월,1,1,0,0,0,충남,청양군,차대사람,차도통행중,차도통행중,운전자법규위반,안전운전 의무 불이행,단일로,기타단일로,승용차,승용차,보행자,보행자,929539.0,1826495.0,126.7138919,36.4334212