발생년,발생년월일시,발생분,주야,요일,사망자수,사상자수,중상자수,경상자수,부상신고자수,발생지시도,발생지시군구,사고유형_대분류,사고유형_중분류,사고유형,법규위반_대분류,법규위반,도로형태_대분류,도로형태,가해자_당사자종별_대분류,가해자_당사자종별,피해자_당사자종별_대분류,피해자_당사자종별,발생위치X_UTMK,발생위치Y_UTMK,경도,위도
2018,2018010318,20,야,수,1,1,0,0,0,충남,천안시,차대사람,횡단중,횡단중,운전자법규위반,안전운전 의무 불이행,단일로,기타단일로,화물차,화물차,보행자,보행자,980057.0,1857676.0,127.2766864,36.7168988
2018,2018100415,19,주,목,1,1,0,0,0,충남,천안시,차대차,측면충돌,측면충돌,운전자법규위반,중앙선 침범,단일로,기타단일로,이륜차,이륜차,승합차,승합차,978046.0,1863560.0,127.253999,36.76989714
2018,2018050700,0,야,월,1,1,0,0,0,충남,태안군,차대사람,기타,기타,운전자법규위반,안전운전 의무 불이행,단일로,기타단일로,불명,불명,보행자,보행자,898788.0,1825549.0,126.3709885,36.4221428
2018,2018120301,30,야,월,1,4,0,3,0,충남,천안시,차대차,추돌,추돌,운전자법규위반,안전운전 의무 불이행,단일로,기타단일로,승용차,승용차,승용차,승용차,971093.8,1885104.1,127.1752777,36.96391958
2018,2018052222,5,야,화,1,1,0,0,0,전북,전주시,차대사람,횡단중,횡단중,운전자법규위반,안전운전 의무 불이행,교차로,교차로부근,승용차,승용차,보행자,보행자,963955.0,1758401.0,127.1009658,35.8214285
2018,2018121905,31,야,수,1,1,0,0,0,전북,군산시,차대사람,횡단중,횡단중,운전자법규위반,안전운전 의무 불이행,단일로,기타단일로,승용차,승용차,보행자,보행자,922164.4,1773971.5,126.6368374,35.95937195
2018,2018073008,5,주,월,1,2,0,1,0,전북,군산시,차대차,측면충돌,측면충돌,운전자법규위반,신호위반,교차로,교차로내,승용차,승용차,승용차,승용차,916000.0,1772578.1,126.5686322,35.94629959
2018,2018032505,45,야,일,1,1,0,0,0,충남,서천군,차대차,기타,기타,운전자법규위반,안전운전 의무 불이행,단일로,기타단일로,화물차,화물차,화물차,화물차,931656.0,1780507.0,126.7415224,36.01900145
2018,2018013112,20,주,수,1,3,2,0,0,전북,군산시,차대차,정면충돌,정면충돌,운전자법규위반,중앙선 침범,교차로,교차로부근,승용차,승용차,승용차,승용차,933239.9,1779684.8,126.7591685,36.01169906
2018,2018121019,30,야,월,1,1,0,0,0,전북,군산시,차대차,기타,기타,운전자법규위반,안전운전 의무 불이행,단일로,기타단일로,승용차,승용차,특수차,특수차,922884.0,1776118.0,126.6446079,35.97877974
2018,2018082400,25,야,금,1,1,0,0,0,전북,익산시,차대사람,횡단중,횡단중,운전자법규위반,안전운전 의무 불이행,교차로,교차로부근,승용차,승용차,보행자,보행자,954685.2,1773887.0,126.9974667,35.96066211
2018,2018110906,40,주,금,1,1,0,0,0,전북,익산시,차대사람,횡단중,횡단중,운전자법규위반,과속,단일로,기타단일로,승용차,승용차,보행자,보행자,952415.0,1773663.0,126.9723049,35.95853455
2018,2018032111,50,주,수,1,1,0,0,0,전북,정읍시,차대차,측면충돌,측면충돌,운전자법규위반,중앙선 침범,단일로,기타단일로,이륜차,이륜차,승용차,승용차,942556.6,1742866.6,126.8651998,35.68035423
2018,2018031106,55,주,일,1,1,0,0,0,전북,김제시,차대차,측면충돌,측면충돌,운전자법규위반,안전거리 미확보,단일로,기타단일로,이륜차,이륜차,승합차,승합차,958692.5,1755285.2,127.0428701,35.7931291
2018,2018072716,0,주,금,1,1,0,0,0,전북,김제시,차대차,측면충돌,측면충돌,운전자법규위반,부당한 회전,단일로,기타단일로,이륜차,이륜차,승용차,승용차,944949.0,1757300.0,126.8906456,35.81061961
2018,2018112518,9,야,일,1,1,0,0,0,전북,남원시,차량단독,전도,전도,운전자법규위반,안전운전 의무 불이행,기타,기타,농기계,농기계,없음,없음,975134.7,1706563.0,127.2263237,35.35438043
2018,2018060211,35,주,토,1,2,1,0,0,전북,남원시,차대차,측면충돌,측면충돌,운전자법규위반,교차로 통행방법 위반,교차로,교차로내,이륜차,이륜차,승용차,승용차,987071.0,1703938.0,127.3577398,35.33093713
2018,2018070806,40,주,일,1,1,0,0,0,전북,남원시,차대차,측면충돌,측면충돌,운전자법규위반,안전운전 의무 불이행,단일로,기타단일로,사륜오토바이(ATV),사륜오토바이(ATV),화물차,화물차,1007983.0,1718126.0,127.5879773,35.45891987
2018,2018041215,55,주,목,1,1,0,0,0,전북,남원시,차량단독,도로이탈,도로이탈 추락,운전자법규위반,안전운전 의무 불이행,단일로,기타단일로,농기계,농기계,없음,없음,1000481.4,1718555.6,127.5053056,35.46282541
2018,2018051723,15,야,목,1,2,0,1,0,전북,고창군,차대차,추돌,추돌,운전자법규위반,안전운전 의무 불이행,교차로,교차로부근,화물차,화물차,화물차,화물차,914201.8,1714929.7,126.5548473,35.42643268
2018,2018081514,9,주,수,1,1,0,0,0,전북,고창군,차량단독,공작물충돌,공작물충돌,운전자법규위반,안전운전 의무 불이행,단일로,기타단일로,원동기장치자전거,원동기장치자전거,없음,없음,909440.0,1721355.0,126.5016829,35.48393735
2018,2018070115,10,주,일,1,1,0,0,0,전북,고창군,차량단독,도로이탈,도로이탈 추락,운전자법규위반,안전운전 의무 불이행,단일로,기타단일로,이륜차,이륜차,없음,없음,912983.4,1705197.1,126.5424646,35.3385816
2018,2018092516,10,주,화,1,1,0,0,0,전북,부안군,차대사람,길가장자리구역통행중,길가장자리구역통행중,운전자법규위반,안전운전 의무 불이행,단일로,기타단일로,승용차,승용차,보행자,보행자,935956.0,1743534.0,126.7922089,35.68596466
2018,2018011806,5,주,목,1,1,0,0,0,전북,진안군,차대사람,길가장자리구역통행중,길가장자리구역통행중,운전자법규위반,안전운전 의무 불이행,단일로,기타단일로,화물차,화물차,보행자,보행자,992839.0,1754255.0,127.4207608,35.7846834
2018,2018031108,7,주,일,1,1,0,0,0,전북,무주군,차량단독,도로이탈,도로이탈 추락,운전자법규위반,안전운전 의무 불이행,단일로,기타단일로,승용차,승용차,없음,없음,1019317.0,1774103.0,127.7142305,35.96347051
2018,2018071206,30,주,목,1,1,0,0,0,전북,완주군,차대사람,길가장자리구역통행중,길가장자리구역통행중,운전자법규위반,안전운전 의무 불이행,단일로,기타단일로,승용차,승용차,보행자,보행자,968865.6,1764683.7,127.1550822,35.87824154
2018,2018111312,25,주,화,1,5,1,3,0,전북,완주군,차대차,측면충돌,측면충돌,운전자법규위반,신호위반,교차로,교차로내,승용차,승용차,승용차,승용차,979535.2,1760670.4,127.2733857,35.84233853
2018,2018062604,5,야,화,1,8,4,3,0,전북,완주군,차대차,추돌,추돌,운전자법규위반,안전운전 의무 불이행,단일로,기타단일로,화물차,화물차,화물차,화물차,977422.0,1757137.0,127.2500856,35.81043457
2018,2018102319,0,야,화,2,6,4,0,0,충남,홍성군,차대차,기타,기타,운전자법규위반,기타(운전자법규위반),단일로,기타단일로,화물차,화물차,승용차,승용차,915321.4,1847681.3,126.5529638,36.62324299
2018,2018091405,40,야,금,1,1,0,0,0,전북,고창군,차량단독,공작물충돌,공작물충돌,운전자법규위반,안전운전 의무 불이행,단일로,기타단일로,화물차,화물차,없음,없음,925484.0,1720707.0,126.6785905,35.47942864
2018,2018110706,13,주,수,1,1,0,0,0,전남,목포시,차대사람,기타,기타,운전자법규위반,안전운전 의무 불이행,단일로,기타단일로,승용차,승용차,보행자,보행자,898884.0,1646001.0,126.394559,34.80356236
2018,2018021104,35,야,일,1,1,0,0,0,전남,목포시,차대사람,차도통행중,차도통행중,운전자법규위반,안전운전 의무 불이행,단일로,기타단일로,승용차,승용차,보행자,보행자,899739.0,1644323.0,126.4041049,34.7885179
2018,2018110801,15,야,목,1,1,0,0,0,전남,여수시,차대사람,횡단중,횡단중,운전자법규위반,안전운전 의무 불이행,교차로,교차로내,승용차,승용차,보행자,보행자,1018455.0,1641392.0,127.7016724,34.76685348
2018,2018101014,8,주,수,1,1,0,0,0,전남,여수시,차대사람,횡단중,횡단중,운전자법규위반,신호위반,교차로,교차로부근,건설기계,건설기계,보행자,보행자,1014898.8,1643385.0,127.6628465,34.784884
2018,2018092805,57,야,금,1,1,0,0,0,전남,여수시,차대사람,횡단중,횡단중,운전자법규위반,안전운전 의무 불이행,교차로,교차로내,승용차,승용차,보행자,보행자,1019293.1,1640545.6,127.7108115,34.75920536
2018,2018032816,25,주,수,1,3,2,0,0,전남,여수시,차대사람,보도통행중,보도통행중,운전자법규위반,중앙선 침범,교차로,교차로부근,승합차,승합차,보행자,보행자,1014070.4,1639978.7,127.653735,34.75417861
2018,2018092904,5,야,토,1,1,0,0,0,전남,순천시,차대사람,기타,기타,운전자법규위반,안전운전 의무 불이행,단일로,기타단일로,승용차,승용차,보행자,보행자,1002558.0,1662274.0,127.5280171,34.9553238
2018,2018040817,30,주,일,1,1,0,0,0,전남,순천시,차량단독,도로이탈,도로이탈 추락,운전자법규위반,안전운전 의무 불이행,단일로,기타단일로,농기계,농기계,없음,없음,973998.0,1676631.0,127.2147588,35.08445454
2018,2018090204,55,야,일,3,3,0,0,0,전남,순천시,차대차,추돌,추돌,운전자법규위반,과속,단일로,기타단일로,승용차,승용차,원동기장치자전거,원동기장치자전거,998694.0,1657379.0,127.4857034,34.91118532
2018,2018111910,35,주,월,1,1,0,0,0,전남,나주시,차대차,측면충돌,측면충돌,운전자법규위반,안전운전 의무 불이행,단일로,기타단일로,이륜차,이륜차,승용차,승용차,940077.8,1672281.7,126.842985,35.04379191
2018,2018061102,21,야,월,1,1,0,0,0,전남,장흥군,차량단독,전도,전도,운전자법규위반,안전운전 의무 불이행,단일로,기타단일로,이륜차,이륜차,없음,없음,950315.0,1614260.0,126.9586544,34.52114537
2018,2018041919,40,야,목,1,1,0,0,0,전남,고흥군,차대사람,길가장자리구역통행중,길가장자리구역통행중,운전자법규위반,안전운전 의무 불이행,단일로,기타단일로,승용차,승용차,보행자,보행자,972458.0,1610204.0,127.2000416,34.48539911
2018,2018080201,20,야,목,1,1,0,0,0,전남,고흥군,차대차,추돌,추돌,운전자법규위반,안전운전 의무 불이행,단일로,기타단일로,이륜차,이륜차,화물차,화물차,980757.0,1624366.0,127.2901045,34.61330115
2018,2018041618,0,야,월,1,1,0,0,0,전남,해남군,차량단독,전도,전도,운전자법규위반,안전운전 의무 불이행,단일로,기타단일로,농기계,농기계,없음,없음,910637.0,1602697.0,126.5275934,34.41420189
2018,2018062207,38,주,금,1,1,0,0,0,전남,해남군,차대차,기타,기타,운전자법규위반,중앙선 침범,단일로,기타단일로,이륜차,이륜차,건설기계,건설기계,897336.0,1635789.0,126.3788839,34.71133537
2018,2018031314,48,주,화,1,1,0,0,0,전남,보성군,차대사람,길가장자리구역통행중,길가장자리구역통행중,운전자법규위반,안전운전 의무 불이행,기타,기타,화물차,화물차,보행자,보행자,966300.0,1634753.0,127.1320013,34.70659543
2018,2018122410,15,주,월,1,1,0,0,0,전남,영광군,차량단독,공작물충돌,공작물충돌,운전자법규위반,안전운전 의무 불이행,단일로,기타단일로,원동기장치자전거,원동기장치자전거,없음,없음,912993.0,1697391.0,126.543399,35.26820476
2018,2018120707,48,주,금,1,1,0,0,0,전남,화순군,차량단독,도로이탈,도로이탈 추락,운전자법규위반,안전운전 의무 불이행,단일로,기타단일로,이륜차,이륜차,없음,없음,949862.0,1667247.0,126.9505625,34.99892755
2018,2018091308,45,주,목,1,1,0,0,0,전남,화순군,차대차,측면충돌,측면충돌,운전자법규위반,교차로 통행방법 위반,교차로,교차로내,이륜차,이륜차,건설기계,건설기계,953302.0,1659708.0,126.9886809,34.93111214
2018,2018031720,10,야,토,1,1,0,0,0,전남,함평군,차대사람,횡단중,횡단중,운전자법규위반,안전운전 의무 불이행,단일로,기타단일로,승용차,승용차,보행자,보행자,918333.5,1679856.3,126.6038463,35.11056099
2018,2018112120,15,야,수,1,4,2,1,0,전남,영암군,차대차,추돌,추돌,운전자법규위반,안전운전 의무 불이행,단일로,기타단일로,승용차,승용차,화물차,화물차,914752.4,1637182.3,126.5689099,34.72549983
2018,2018040414,50,주,수,1,1,0,0,0,전남,영암군,차량단독,공작물충돌,공작물충돌,운전자법규위반,안전운전 의무 불이행,단일로,기타단일로,화물차,화물차,없음,없음,902737.7,1639592.1,126.4374238,34.74615368
2018,2018102719,10,야,토,1,1,0,0,0,전남,영암군,차대사람,횡단중,횡단중,운전자법규위반,안전운전 의무 불이행,단일로,기타단일로,승용차,승용차,보행자,보행자,925955.0,1654961.5,126.6896876,34.8866855
2018,2018022809,0,주,수,1,2,1,0,0,전남,영암군,차대차,측면충돌,측면충돌,운전자법규위반,안전운전 의무 불이행,교차로,교차로부근,원동기장치자전거,원동기장치자전거,화물차,화물차,908506.0,1638831.0,126.5005155,34.73982476
2018,2018110814,20,주,목,1,1,0,0,0,전남,영암군,차량단독,기타,기타,운전자법규위반,안전운전 의무 불이행,단일로,기타단일로,화물차,화물차,없음,없음,925277.0,1659026.0,126.6819051,34.92328404
2018,2018120714,32,주,금,1,2,0,1,0,전남,장성군,차대차,정면충돌,정면충돌,운전자법규위반,중앙선 침범,단일로,기타단일로,승용차,승용차,화물차,화물차,937908.0,1694397.0,126.8175332,35.2430653
2018,2018080210,1,주,목,1,1,0,0,0,전남,담양군,차량단독,전도,전도,운전자법규위반,안전운전 의무 불이행,단일로,기타단일로,이륜차,이륜차,없음,없음,955950.1,1693051.1,127.0159024,35.23188539
2018,2018112919,50,야,목,1,1,0,0,0,전남,담양군,차대사람,횡단중,횡단중,운전자법규위반,안전운전 의무 불이행,단일로,기타단일로,승용차,승용차,보행자,보행자,957800.0,1694870.0,127.0361384,35.24836562
2018,2018071615,35,주,월,1,1,0,0,0,전남,완도군,차량단독,전도,전도,운전자법규위반,안전운전 의무 불이행,교차로,교차로내,화물차,화물차,없음,없음,949196.7,1601936.8,126.9472035,34.40996245
2018,2018052015,17,주,일,2,3,0,1,0,전남,무안군,차대차,정면충돌,정면충돌,운전자법규위반,중앙선 침범,단일로,기타단일로,승용차,승용차,건설기계,건설기계,894893.4,1675451.4,126.3472304,35.06867461
2018,2018100205,0,야,화,1,1,0,0,0,전남,진도군,차량단독,도로이탈,도로이탈 추락,운전자법규위반,안전운전 의무 불이행,단일로,기타단일로,사륜오토바이(ATV),사륜오토바이(ATV),없음,없음,884216.2,1611883.6,126.2389042,34.49440584
2018,2018060719,0,야,목,1,2,1,0,0,전남,광양시,차대차,측면충돌,측면충돌,운전자법규위반,과속,교차로,교차로내,승용차,승용차,특수차,특수차,1013591.0,1656040.0,127.6487572,34.89902059
2018,2018082223,18,야,수,1,1,0,0,0,전남,광양시,차대차,정면충돌,정면충돌,운전자법규위반,안전운전 의무 불이행,교차로,교차로횡단보도내,승용차,승용차,자전거,자전거,1007452.0,1664012.0,127.5816354,34.970972
2018,2018060310,43,주,일,1,1,0,0,0,전남,광양시,차량단독,전도,전도,운전자법규위반,안전운전 의무 불이행,단일로,기타단일로,이륜차,이륜차,없음,없음,1014344.0,1684796.0,127.6574955,35.15831357
2018,2018092207,25,주,토,1,1,0,0,0,전남,구례군,차량단독,전복,전복,운전자법규위반,안전운전 의무 불이행,단일로,기타단일로,사륜오토바이(ATV),사륜오토바이(ATV),없음,없음,1006679.2,1690224.3,127.573381,35.2073416
2018,2018041402,29,야,토,2,2,0,0,0,전남,장흥군,차량단독,공작물충돌,공작물충돌,운전자법규위반,안전운전 의무 불이행,단일로,기타단일로,승용차,승용차,없음,없음,954996.0,1641422.0,127.0082107,34.76629784
2018,2018051013,46,주,목,1,1,0,0,0,전북,익산시,차대사람,기타,기타,운전자법규위반,안전운전 의무 불이행,단일로,기타단일로,특수차,특수차,보행자,보행자,964208.0,1782363.0,127.1026872,36.03747517
2018,2018122820,10,야,금,1,1,0,0,0,경북,경주시,차대사람,횡단중,횡단중,운전자법규위반,안전운전 의무 불이행,단일로,지하차도(도로)내,승용차,승용차,보행자,보행자,1164504.0,1750401.0,129.3190968,35.73620611
2018,2018020414,25,주,일,1,2,1,0,0,경북,경주시,차량단독,공작물충돌,공작물충돌,운전자법규위반,중앙선 침범,단일로,기타단일로,승용차,승용차,없음,없음,1154538.0,1759837.0,129.2107589,35.82286125
2018,2018102407,25,주,수,1,1,0,0,0,경북,경주시,차대사람,차도통행중,차도통행중,운전자법규위반,안전운전 의무 불이행,단일로,기타단일로,승용차,승용차,보행자,보행자,1163425.0,1755666.0,129.3082441,35.78383304
2018,2018080118,46,야,수,1,1,0,0,0,경북,경주시,차대차,측면충돌,측면충돌,운전자법규위반,중앙선 침범,단일로,기타단일로,자전거,자전거,승용차,승용차,1154428.0,1763490.0,129.2102483,35.8558
2018,2018042022,0,야,금,1,1,0,0,0,경북,경주시,차대사람,차도통행중,차도통행중,운전자법규위반,안전운전 의무 불이행,단일로,기타단일로,사륜오토바이(ATV),사륜오토바이(ATV),보행자,보행자,1155098.0,1762112.0,129.2173975,35.84327548
2018,2018122420,10,야,월,1,1,0,0,0,경북,경주시,차대사람,차도통행중,차도통행중,운전자법규위반,안전운전 의무 불이행,단일로,기타단일로,화물차,화물차,보행자,보행자,1153748.0,1748044.0,129.1997533,35.71670326
2018,2018121008,58,주,월,1,1,0,0,0,경북,포항시,차대차,측면충돌,측면충돌,운전자법규위반,안전운전 의무 불이행,교차로,교차로내,승용차,승용차,자전거,자전거,1167266.0,1782554.0,129.3563759,36.02548393
2018,2018111705,48,야,토,1,2,1,0,0,경북,포항시,차대차,측면충돌,측면충돌,운전자법규위반,중앙선 침범,단일로,기타단일로,승용차,승용차,농기계,농기계,1158898.0,1794575.0,129.265967,36.13521309
2018,2018082518,47,야,토,1,2,1,0,0,경북,포항시,차대차,정면충돌,정면충돌,운전자법규위반,신호위반,교차로,교차로내,특수차,특수차,승합차,승합차,1166248.0,1792489.0,129.3471758,36.11518399
2018,2018100905,40,야,화,1,1,0,0,0,경북,포항시,차대차,추돌,추돌,운전자법규위반,안전운전 의무 불이행,단일로,기타단일로,화물차,화물차,농기계,농기계,1149137.0,1789570.0,129.1565792,36.09165825
2018,2018101216,56,주,금,1,1,0,0,0,경북,포항시,차량단독,공작물충돌,공작물충돌,운전자법규위반,안전운전 의무 불이행,단일로,기타단일로,이륜차,이륜차,없음,없음,1142478.0,1795230.0,129.0836628,36.14366755
2018,2018122219,20,야,토,1,1,0,0,0,경북,포항시,차대사람,차도통행중,차도통행중,운전자법규위반,안전운전 의무 불이행,단일로,기타단일로,승용차,승용차,보행자,보행자,1168831.0,1786884.0,129.3746616,36.06423165
2018,2018101013,13,주,수,1,1,0,0,0,경북,안동시,차대사람,차도통행중,차도통행중,운전자법규위반,안전운전 의무 불이행,교차로,교차로내,승용차,승용차,보행자,보행자,1111295.0,1841407.0,128.7437472,36.56395577
2018,2018031406,12,주,수,1,1,0,0,0,경북,안동시,차대사람,횡단중,횡단중,운전자법규위반,안전운전 의무 불이행,교차로,교차로부근,승합차,승합차,보행자,보행자,1109236.0,1841508.0,128.7207565,36.56510389
2018,2018090105,52,야,토,1,2,1,0,0,경북,안동시,차대차,측면충돌,측면충돌,운전자법규위반,안전운전 의무 불이행,단일로,기타단일로,승용차,승용차,농기계,농기계,1113416.0,1847723.0,128.7683761,36.62063124
2018,2018101720,9,야,수,1,1,0,0,0,경북,김천시,차대사람,차도통행중,차도통행중,운전자법규위반,안전운전 의무 불이행,단일로,기타단일로,승용차,승용차,보행자,보행자,1064696.0,1800320.0,128.2196227,36.19786621
2018,2018071607,0,주,월,1,1,0,0,0,경북,상주시,차대차,측면충돌,측면충돌,운전자법규위반,안전운전 의무 불이행,교차로,교차로내,화물차,화물차,자전거,자전거,1052815.0,1842661.0,128.0903546,36.58028675
2018,2018021015,40,주,토,1,1,0,0,0,경북,상주시,철길건널목,철길건널목,철길건널목,운전자법규위반,철길건널목 통과방법위반,철길건널목,철길건널목,이륜차,이륜차,기타,기타,1059820.0,1824482.0,128.1672429,36.41599727
2018,2018042501,55,야,수,1,1,0,0,0,경북,상주시,차대차,추돌,추돌,운전자법규위반,안전운전 의무 불이행,단일로,기타단일로,승용차,승용차,화물차,화물차,1061084.0,1842808.0,128.1827898,36.58111831
2018,2018073010,10,주,월,1,1,0,0,0,경북,의성군,차대차,측면충돌,측면충돌,운전자법규위반,안전운전 의무 불이행,기타,기타,건설기계,건설기계,농기계,농기계,1104638.0,1816353.0,128.665983,36.33888725
2018,2018102918,0,야,월,1,1,0,0,0,경북,영주시,차대사람,횡단중,횡단중,운전자법규위반,보행자 보호의무 위반,교차로,교차로횡단보도내,화물차,화물차,보행자,보행자,1101311.0,1869498.0,128.635913,36.81825521
2018,2018092209,45,주,토,1,1,0,0,0,경북,영천시,차대차,측면충돌,측면충돌,운전자법규위반,신호위반,교차로,교차로내,이륜차,이륜차,특수차,특수차,1133237.0,1776927.0,128.9778909,35.98001967
2018,2018060919,48,야,토,1,2,0,1,0,경북,영천시,차대차,추돌,추돌,운전자법규위반,안전운전 의무 불이행,단일로,기타단일로,승용차,승용차,농기계,농기계,1138786.0,1779368.0,129.0398495,36.00124582
2018,2018063009,5,주,토,1,1,0,0,0,경북,문경시,차량단독,전도,전도,운전자법규위반,안전운전 의무 불이행,단일로,기타단일로,사륜오토바이(ATV),사륜오토바이(ATV),없음,없음,1052039.0,1860791.0,128.0829121,36.74376185
2018,2018033015,30,주,금,1,1,0,0,0,경북,문경시,차량단독,도로이탈,도로이탈 추락,운전자법규위반,안전운전 의무 불이행,단일로,기타단일로,승용차,승용차,없음,없음,1056496.0,1850960.0,128.1321082,36.6548869
2018,2018100321,45,야,수,1,1,0,0,0,경북,경산시,차대사람,횡단중,횡단중,운전자법규위반,안전운전 의무 불이행,교차로,교차로내,승용차,승용차,보행자,보행자,1119638.0,1766032.0,128.825446,35.88357933
2018,2018021719,23,야,토,1,1,0,0,0,경북,경산시,차대사람,횡단중,횡단중,운전자법규위반,과속,교차로,교차로내,승용차,승용차,보행자,보행자,1122105.0,1751764.0,128.8505902,35.75466717
2018,2018041009,50,주,화,1,1,0,0,0,경북,경산시,차대차,추돌,추돌,운전자법규위반,중앙선 침범,단일로,기타단일로,이륜차,이륜차,승합차,승합차,1112212.0,1759718.0,128.7423044,35.82754434
2018,2018061318,30,야,수,1,1,0,0,0,경북,영덕군,차량단독,전복,전복,운전자법규위반,안전운전 의무 불이행,단일로,기타단일로,농기계,농기계,없음,없음,1162959.0,1841098.0,129.3208169,36.55375261
2018,2018091518,30,야,토,1,1,0,0,0,경북,예천군,차대차,측면충돌,측면충돌,운전자법규위반,안전운전 의무 불이행,교차로,교차로내,승용차,승용차,이륜차,이륜차,1088948.0,1842629.0,128.4941938,36.57731414
2018,2018050105,45,야,화,1,7,5,1,0,경북,청도군,차대차,측면충돌,측면충돌,운전자법규위반,교차로 통행방법 위반,교차로,교차로내,승용차,승용차,승용차,승용차,1113208.0,1740071.0,128.750556,35.65032831
2018,2018042517,20,주,수,1,3,1,1,0,경북,성주군,차대차,정면충돌,정면충돌,운전자법규위반,안전운전 의무 불이행,교차로,교차로내,승용차,승용차,승용차,승용차,1075787.0,1759843.0,128.3391015,35.83216293
2018,2018061013,30,주,일,1,1,0,0,0,경북,성주군,차량단독,공작물충돌,공작물충돌,운전자법규위반,안전운전 의무 불이행,단일로,기타단일로,승용차,승용차,없음,없음,1077295.0,1766732.0,128.3564641,35.89415051
2018,2018021614,50,주,금,1,1,0,0,0,경북,성주군,차량단독,공작물충돌,공작물충돌,운전자법규위반,안전운전 의무 불이행,기타,기타,승용차,승용차,없음,없음,1062653.0,1763005.0,128.1939428,35.86159724
2018,2018071808,51,주,수,1,1,0,0,0,경북,울진군,차량단독,공작물충돌,공작물충돌,운전자법규위반,안전운전 의무 불이행,교차로,교차로부근,승용차,승용차,없음,없음,1170488.0,1855146.0,129.408018,36.67901115
2018,2018081012,5,주,금,1,2,1,0,0,경북,울진군,차대차,측면충돌,측면충돌,운전자법규위반,신호위반,교차로,교차로내,승용차,승용차,승용차,승용차,1170804.0,1877570.0,129.4165783,36.88098841
2018,2018092707,0,주,목,1,1,0,0,0,경북,울진군,차량단독,도로이탈,도로이탈 추락,운전자법규위반,안전운전 의무 불이행,단일로,기타단일로,승용차,승용차,없음,없음,1174957.0,1864316.0,129.4601055,36.76081719
2018,2018042813,10,주,토,1,3,0,2,0,경북,고령군,차량단독,공작물충돌,공작물충돌,운전자법규위반,안전운전 의무 불이행,단일로,기타단일로,승용차,승용차,없음,없음,1072494.0,1754294.0,128.302142,35.78238578
2018,2018112107,50,주,수,1,2,1,0,0,경북,구미시,차대차,측면충돌,측면충돌,운전자법규위반,안전운전 의무 불이행,교차로,교차로내,화물차,화물차,승용차,승용차,1069986.0,1813689.0,128.2796561,36.31801579
2018,2018050908,49,주,수,1,1,0,0,0,경북,구미시,차대차,측면충돌,측면충돌,운전자법규위반,안전운전 의무 불이행,단일로,기타단일로,화물차,화물차,이륜차,이륜차,1081498.0,1790838.0,128.4055115,36.1111205
2018,2018051701,10,야,목,1,1,0,0,0,경북,구미시,차대차,추돌,추돌,운전자법규위반,안전운전 의무 불이행,단일로,교량위,승용차,승용차,승용차,승용차,1079797.0,1792268.0,128.386759,36.12415285
2018,2018042209,10,주,일,1,9,7,1,0,경북,구미시,차대차,측면충돌,측면충돌,운전자법규위반,직진 및 우회전차의 통행방해,교차로,교차로내,화물차,화물차,승용차,승용차,1076979.0,1798962.0,128.3561024,36.18472498
2018,2018121523,36,야,토,1,1,0,0,0,경북,구미시,차대사람,횡단중,횡단중,운전자법규위반,안전운전 의무 불이행,교차로,교차로내,승용차,승용차,보행자,보행자,1074608.0,1793601.0,128.3292273,36.13658254
2018,2018082219,40,야,수,1,1,0,0,0,경북,포항시,차대사람,횡단중,횡단중,운전자법규위반,안전운전 의무 불이행,교차로,교차로횡단보도내,승용차,승용차,보행자,보행자,1184589.0,1778436.0,129.5475673,35.98525058
2018,2018121714,35,주,월,1,1,0,0,0,경북,포항시,차대차,기타,기타,운전자법규위반,안전운전 의무 불이행,교차로,교차로부근,화물차,화물차,자전거,자전거,1167842.0,1776838.0,129.3615542,35.97387697
2018,2018072007,45,주,금,1,5,2,2,0,경북,포항시,차대차,추돌,추돌,운전자법규위반,안전운전 의무 불이행,교차로,교차로부근,승용차,승용차,승합차,승합차,1172627.0,1773570.0,129.413888,35.94359421
2018,2018062310,40,주,토,1,10,0,9,0,경북,영천시,차대차,기타,기타,운전자법규위반,안전운전 의무 불이행,단일로,기타단일로,승용차,승용차,승용차,승용차,1122492.0,1778029.0,128.858907,35.99136124
2018,2018070108,46,주,일,1,2,1,0,0,경북,군위군,차량단독,공작물충돌,공작물충돌,운전자법규위반,안전운전 의무 불이행,단일로,기타단일로,화물차,화물차,없음,없음,1095013.0,1800080.0,128.5567705,36.19320062
2018,2018070323,2,야,화,1,1,0,0,0,대구,달성군,차량단독,기타,기타,운전자법규위반,안전운전 의무 불이행,단일로,기타단일로,승용차,승용차,없음,없음,1088794.0,1756500.0,128.4827238,35.8009345
2018,2018052402,30,야,목,1,1,0,0,0,경북,성주군,차대차,추돌,추돌,운전자법규위반,안전운전 의무 불이행,단일로,기타단일로,화물차,화물차,특수차,특수차,1073830.0,1763627.0,128.3177861,35.86642595