발생년,발생년월일시,발생분,주야,요일,사망자수,사상자수,중상자수,경상자수,부상신고자수,발생지시도,발생지시군구,사고유형_대분류,사고유형_중분류,사고유형,법규위반_대분류,법규위반,도로형태_대분류,도로형태,가해자_당사자종별_대분류,가해자_당사자종별,피해자_당사자종별_대분류,피해자_당사자종별,발생위치X_UTMK,발생위치Y_UTMK,경도,위도
2018,2018080701,0,야,화,1,1,0,0,0,대구,수성구,차대사람,횡단중,횡단중,운전자법규위반,안전운전 의무 불이행,단일로,기타단일로,화물차,화물차,보행자,보행자,1107759.0,1760519.0,128.6931229,35.83526416
2018,2018051913,10,주,토,1,1,0,0,0,경남,창원시(통합),차대차,기타,기타,운전자법규위반,안전운전 의무 불이행,단일로,기타단일로,승용차,승용차,승용차,승용차,1081919.0,1678100.0,128.3987504,35.09470536
2018,2018052111,45,주,월,1,1,0,0,0,경남,창원시(통합),차대사람,횡단중,횡단중,운전자법규위반,안전운전 의무 불이행,교차로,교차로부근,승용차,승용차,보행자,보행자,1089830.0,1680412.0,128.4857836,35.11487587
2018,2018021403,57,야,수,1,1,0,0,0,경남,창원시(통합),차대사람,기타,기타,운전자법규위반,안전운전 의무 불이행,단일로,기타단일로,승용차,승용차,보행자,보행자,1096519.0,1688153.0,128.5600819,35.18404708
2018,2018121906,10,주,수,1,1,0,0,0,경남,진주시,차량단독,전도,전도,운전자법규위반,안전운전 의무 불이행,교차로,교차로부근,이륜차,이륜차,없음,없음,1051826.0,1686764.0,128.0691559,35.17482462
2018,2018092915,20,주,토,1,1,0,0,0,경남,진주시,차대사람,횡단중,횡단중,운전자법규위반,안전운전 의무 불이행,단일로,기타단일로,승용차,승용차,보행자,보행자,1051430.0,1688702.0,128.0649281,35.19231939
2018,2018112114,10,주,수,1,1,0,0,0,경남,창원시(통합),차대사람,기타,기타,운전자법규위반,안전운전 의무 불이행,단일로,기타단일로,화물차,화물차,보행자,보행자,1115471.0,1680738.0,128.767156,35.11520028
2018,2018081310,10,주,월,1,1,0,0,0,경남,밀양시,차대사람,횡단중,횡단중,운전자법규위반,안전운전 의무 불이행,단일로,기타단일로,승합차,승합차,보행자,보행자,1108064.0,1717123.0,128.6906813,35.44403632
2018,2018062010,10,주,수,1,1,0,0,0,경남,밀양시,차량단독,도로이탈,도로이탈 추락,운전자법규위반,안전운전 의무 불이행,단일로,기타단일로,화물차,화물차,없음,없음,1107825.0,1725665.0,128.6891823,35.52106647
2018,2018020906,40,주,금,1,1,0,0,0,경남,김해시,차대사람,횡단중,횡단중,운전자법규위반,신호위반,교차로,교차로횡단보도내,건설기계,건설기계,보행자,보행자,1124806.0,1694591.0,128.8716678,35.23896538
2018,2018121206,38,주,수,1,1,0,0,0,경남,김해시,차대사람,횡단중,횡단중,운전자법규위반,안전운전 의무 불이행,교차로,교차로부근,승용차,승용차,보행자,보행자,1128737.0,1694804.0,128.9148929,35.24038816
2018,2018122220,5,야,토,1,1,0,0,0,경남,김해시,차대사람,횡단중,횡단중,운전자법규위반,보행자 보호의무 위반,단일로,기타단일로,승합차,승합차,보행자,보행자,1125817.0,1693213.0,128.8825655,35.22641703
2018,2018042620,50,야,목,1,1,0,0,0,경남,거창군,차량단독,공작물충돌,공작물충돌,운전자법규위반,안전운전 의무 불이행,단일로,기타단일로,원동기장치자전거,원동기장치자전거,없음,없음,1040469.0,1740047.0,127.9470825,35.65577515
2018,2018052322,25,야,수,1,1,0,0,0,경남,합천군,차대사람,길가장자리구역통행중,길가장자리구역통행중,운전자법규위반,과속,단일로,기타단일로,승용차,승용차,보행자,보행자,1061025.0,1732383.0,128.1735842,35.58562027
2018,2018050909,40,주,수,1,1,0,0,0,경남,창녕군,차대사람,기타,기타,운전자법규위반,안전운전 의무 불이행,단일로,기타단일로,화물차,화물차,보행자,보행자,1089525.0,1729639.0,128.4878237,35.55871411
2018,2018062514,24,주,월,1,2,1,0,0,경남,함양군,차대차,정면충돌,정면충돌,운전자법규위반,중앙선 침범,단일로,기타단일로,화물차,화물차,화물차,화물차,1022244.0,1736122.0,127.7456353,35.6209649
2018,2018061600,15,야,토,1,1,0,0,0,경남,함양군,차대사람,기타,기타,운전자법규위반,안전운전 의무 불이행,교차로,교차로내,승용차,승용차,보행자,보행자,1018228.0,1722166.0,127.7009735,35.49521214
2018,2018090409,36,주,화,1,1,0,0,0,경남,함양군,차대차,측면충돌,측면충돌,운전자법규위반,신호위반,교차로,교차로횡단보도내,화물차,화물차,자전거,자전거,1025524.0,1725056.0,127.781506,35.52110925
2018,2018080621,5,야,월,1,1,0,0,0,경남,함양군,차대차,추돌,추돌,운전자법규위반,안전운전 의무 불이행,단일로,기타단일로,화물차,화물차,농기계,농기계,1019585.0,1722740.0,127.7159489,35.50036184
2018,2018020710,45,주,수,1,2,0,1,0,경남,양산시,차대차,측면충돌,측면충돌,운전자법규위반,안전운전 의무 불이행,단일로,기타단일로,화물차,화물차,화물차,화물차,1142492.0,1705878.0,129.0679442,35.33834366
2018,2018061406,45,주,목,1,1,0,0,0,경남,양산시,차대사람,횡단중,횡단중,운전자법규위반,안전운전 의무 불이행,단일로,기타단일로,승용차,승용차,보행자,보행자,1143029.0,1702875.0,129.0733266,35.3111992
2018,2018121206,50,주,수,1,1,0,0,0,경남,양산시,차대차,정면충돌,정면충돌,운전자법규위반,중앙선 침범,단일로,기타단일로,화물차,화물차,이륜차,이륜차,1151058.0,1713580.0,129.1635922,35.40650326
2018,2018030519,25,야,월,1,2,1,0,0,경남,고성군,차대차,정면충돌,정면충돌,운전자법규위반,과속,단일로,기타단일로,승용차,승용차,승용차,승용차,1073104.0,1665199.0,128.3009122,34.97906175
2018,2018090408,20,주,화,2,17,8,7,0,경남,고성군,차량단독,공작물충돌,공작물충돌,운전자법규위반,안전운전 의무 불이행,단일로,기타단일로,승합차,승합차,없음,없음,1065608.0,1666726.0,128.218914,34.99334422
2018,2018090213,10,주,일,3,8,4,1,0,경남,고성군,차대차,정면충돌,정면충돌,운전자법규위반,중앙선 침범,교차로,교차로부근,승용차,승용차,승용차,승용차,1078090.0,1672400.0,128.3562089,35.04361639
2018,2018092517,15,주,화,1,1,0,0,0,경남,하동군,차대차,측면충돌,측면충돌,운전자법규위반,안전운전 의무 불이행,교차로,교차로내,원동기장치자전거,원동기장치자전거,화물차,화물차,1037149.0,1669486.0,127.9072013,35.01967783
2018,2018072013,40,주,금,1,2,1,0,0,경남,남해군,차대차,정면충돌,정면충돌,운전자법규위반,중앙선 침범,단일로,기타단일로,화물차,화물차,건설기계,건설기계,1044311.0,1646578.0,127.9844885,34.81282207
2018,2018042106,0,주,토,1,2,0,1,0,경남,함안군,차대차,측면충돌,측면충돌,운전자법규위반,신호위반,교차로,교차로내,이륜차,이륜차,화물차,화물차,1084325.0,1694440.0,128.4268143,35.24182844
2018,2018040220,32,야,월,1,1,0,0,0,경남,함안군,차대차,추돌,추돌,운전자법규위반,안전운전 의무 불이행,단일로,기타단일로,승용차,승용차,자전거,자전거,1082609.0,1694556.0,128.4079675,35.24301725
2018,2018102118,20,야,일,1,1,0,0,0,경남,함안군,차대차,추돌,추돌,운전자법규위반,안전운전 의무 불이행,단일로,기타단일로,화물차,화물차,자전거,자전거,1083549.0,1707055.0,128.4195721,35.35562819
2018,2018110506,20,주,월,1,1,0,0,0,경남,의령군,차대사람,차도통행중,차도통행중,운전자법규위반,안전운전 의무 불이행,단일로,지하차도(도로)내,건설기계,건설기계,보행자,보행자,1077948.0,1706590.0,128.3578874,35.35188909
2018,2018021304,0,야,화,1,1,0,0,0,경남,창원시(통합),차대사람,횡단중,횡단중,운전자법규위반,신호위반,단일로,기타단일로,승용차,승용차,보행자,보행자,1108467.0,1692298.0,128.6918305,35.22019547
2018,2018080521,0,야,일,1,1,0,0,0,경남,창원시(통합),차대사람,차도통행중,차도통행중,운전자법규위반,안전운전 의무 불이행,단일로,기타단일로,승용차,승용차,보행자,보행자,1106125.0,1694412.0,128.6663743,35.23950425
2018,2018032701,48,야,화,1,1,0,0,0,경남,창원시(통합),차량단독,공작물충돌,공작물충돌,운전자법규위반,안전운전 의무 불이행,교차로,교차로내,이륜차,이륜차,없음,없음,1091792.0,1694954.0,128.5089304,35.24580625
2018,2018010118,28,야,월,1,1,0,0,0,경남,창원시(통합),차대사람,횡단중,횡단중,운전자법규위반,안전운전 의무 불이행,교차로,교차로부근,승용차,승용차,보행자,보행자,1108112.0,1698821.0,128.6887888,35.27903946
2018,2018112017,10,주,화,1,1,0,0,0,경남,창원시(통합),차대사람,기타,기타,운전자법규위반,안전운전 의무 불이행,기타,기타,승용차,승용차,보행자,보행자,1102121.0,1696945.0,128.6226906,35.26275614
2018,2018110619,20,야,화,1,2,0,0,1,경남,김해시,차대차,측면충돌,측면충돌,운전자법규위반,신호위반,교차로,교차로내,이륜차,이륜차,승용차,승용차,1119996.0,1687132.0,128.8177298,35.17231195
2018,2018041411,50,주,토,1,5,2,2,0,경남,김해시,차대차,측면충돌,측면충돌,운전자법규위반,중앙선 침범,교차로,교차로부근,승용차,승용차,승용차,승용차,1120936.0,1690856.0,128.8285964,35.20577008
2018,2018022705,4,야,화,1,3,1,1,0,경남,창녕군,차대차,추돌,추돌,운전자법규위반,안전운전 의무 불이행,단일로,기타단일로,화물차,화물차,화물차,화물차,1088751.0,1726965.0,128.4789914,35.53467685
2018,2018081705,23,야,금,1,1,0,0,0,경남,김해시,차량단독,전복,전복,운전자법규위반,안전운전 의무 불이행,단일로,기타단일로,특수차,특수차,없음,없음,1110814.0,1698873.0,128.7185008,35.27921265
2018,2018091802,8,야,화,1,1,0,0,0,제주,제주시,차대사람,기타,기타,운전자법규위반,안전운전 의무 불이행,교차로,교차로내,승용차,승용차,보행자,보행자,910121.0,1500751.0,126.532442,33.49484048
2018,2018081603,47,야,목,1,1,0,0,0,제주,제주시,차대사람,기타,기타,운전자법규위반,과속,단일로,기타단일로,승용차,승용차,보행자,보행자,916128.0,1500042.0,126.5971672,33.48893438
2018,2018110820,58,야,목,1,1,0,0,0,제주,서귀포시,차대사람,횡단중,횡단중,운전자법규위반,안전운전 의무 불이행,교차로,교차로내,승용차,승용차,보행자,보행자,920666.0,1475953.0,126.6481324,33.27202619
2018,2018070400,23,야,수,1,1,0,0,0,제주,서귀포시,차량단독,기타,기타,운전자법규위반,안전운전 의무 불이행,단일로,기타단일로,이륜차,이륜차,없음,없음,911086.0,1472639.0,126.5456017,33.2413907
2018,2018020101,15,야,목,1,1,0,0,0,제주,서귀포시,차대사람,기타,기타,운전자법규위반,안전운전 의무 불이행,단일로,기타단일로,승용차,승용차,보행자,보행자,945106.0,1497106.0,126.9092598,33.46433395
2018,2018112916,50,주,목,1,2,1,0,0,제주,서귀포시,차대차,추돌,추돌,운전자법규위반,안전운전 의무 불이행,단일로,기타단일로,승용차,승용차,농기계,농기계,886548.0,1474188.0,126.2820644,33.25305992
2018,2018102807,17,주,일,1,1,0,0,0,제주,제주시,차량단독,전도,전도,운전자법규위반,안전운전 의무 불이행,단일로,기타단일로,자전거,자전거,없음,없음,875641.0,1482179.0,126.1639036,33.32391705
2018,2018111419,25,야,수,1,1,0,0,0,대구,남구,차대사람,횡단중,횡단중,운전자법규위반,안전운전 의무 불이행,교차로,교차로횡단보도내,승용차,승용차,보행자,보행자,1099153.0,1762666.0,128.5981192,35.85552649
2018,2018121413,55,주,금,1,1,0,0,0,대구,동구,차대사람,횡단중,횡단중,운전자법규위반,보행자 보호의무 위반,단일로,기타단일로,화물차,화물차,보행자,보행자,1103305.0,1766885.0,128.6446415,35.89312893
2018,2018083105,45,야,금,1,1,0,0,0,대구,동구,차대사람,기타,기타,운전자법규위반,안전운전 의무 불이행,교차로,교차로횡단보도내,승용차,승용차,보행자,보행자,1100711.0,1764079.0,128.6155496,35.86810497
2018,2018050409,11,주,금,1,1,0,0,0,대구,수성구,차대사람,횡단중,횡단중,운전자법규위반,안전운전 의무 불이행,단일로,기타단일로,승용차,승용차,보행자,보행자,1102124.0,1759369.0,128.6305955,35.82550073
2018,2018042105,30,야,토,1,2,0,1,0,대구,수성구,차대사람,기타,기타,운전자법규위반,안전운전 의무 불이행,단일로,기타단일로,승용차,승용차,보행자,보행자,1101304.2,1763115.0,128.6219967,35.85935388
2018,2018060209,10,주,토,1,1,0,0,0,대구,달성군,차대사람,보도통행중,보도통행중,운전자법규위반,보행자 보호의무 위반,교차로,교차로횡단보도내,화물차,화물차,보행자,보행자,1084060.0,1752407.0,128.4299069,35.7644526
2018,2018060600,30,야,수,1,1,0,0,0,대구,달성군,차대사람,기타,기타,운전자법규위반,안전운전 의무 불이행,단일로,기타단일로,승용차,승용차,보행자,보행자,1080389.0,1765329.0,128.3906017,35.88125308
2018,2018012103,10,야,일,1,1,0,0,0,대구,북구,차대사람,횡단중,횡단중,운전자법규위반,안전운전 의무 불이행,교차로,교차로횡단보도내,승용차,승용차,보행자,보행자,1100343.0,1765603.0,128.611666,35.88188074
2018,2018011307,0,주,토,1,1,0,0,0,대구,서구,차대사람,횡단중,횡단중,운전자법규위반,신호위반,단일로,기타단일로,이륜차,이륜차,보행자,보행자,1094588.0,1764129.0,128.5477432,35.86916631
2018,2018122405,47,야,월,1,1,0,0,0,대구,서구,차대사람,차도통행중,차도통행중,운전자법규위반,안전운전 의무 불이행,단일로,기타단일로,화물차,화물차,보행자,보행자,1096687.8,1763941.9,128.5709762,35.86727459
2018,2018040104,11,야,일,1,1,0,0,0,대구,중구,차대사람,기타,기타,운전자법규위반,안전운전 의무 불이행,교차로,교차로부근,승용차,승용차,보행자,보행자,1099207.9,1763112.7,128.5987827,35.85954771
2018,2018091211,0,주,수,1,1,0,0,0,대구,중구,차대사람,횡단중,횡단중,운전자법규위반,안전운전 의무 불이행,교차로,교차로횡단보도내,건설기계,건설기계,보행자,보행자,1099604.0,1763799.0,128.6032548,35.86569414
2018,2018080306,20,주,금,1,1,0,0,0,대구,중구,차대차,측면충돌,측면충돌,운전자법규위반,안전운전 의무 불이행,단일로,기타단일로,승용차,승용차,자전거,자전거,1099734.0,1763130.0,128.6046108,35.85965023
2018,2018052621,25,야,토,1,1,0,0,0,대구,달서구,차대사람,차도통행중,차도통행중,운전자법규위반,안전운전 의무 불이행,단일로,기타단일로,승용차,승용차,보행자,보행자,1090527.0,1760342.0,128.5023364,35.8354112
2018,2018033010,58,주,금,1,1,0,0,0,대구,북구,차대사람,횡단중,횡단중,운전자법규위반,보행자 보호의무 위반,교차로,교차로횡단보도내,승합차,승합차,보행자,보행자,1098958.0,1770308.0,128.5969098,35.92443467
2018,2018042921,20,야,일,1,7,0,6,0,대구,북구,차대사람,차도통행중,차도통행중,운전자법규위반,과속,단일로,기타단일로,승용차,승용차,보행자,보행자,1094504.0,1768215.0,128.5472978,35.90600809
2018,2018082003,47,야,월,1,1,0,0,0,대구,북구,차대사람,횡단중,횡단중,운전자법규위반,과속,단일로,기타단일로,승용차,승용차,보행자,보행자,1094791.0,1769374.0,128.550616,35.91642818
2018,2018091111,25,주,화,1,1,0,0,0,대구,북구,차대차,추돌,추돌,운전자법규위반,안전운전 의무 불이행,단일로,기타단일로,승용차,승용차,화물차,화물차,1096921.0,1772697.0,128.5746255,35.94617435
2018,2018011408,20,주,일,1,1,0,0,0,인천,동구,차대사람,횡단중,횡단중,운전자법규위반,신호위반,단일로,기타단일로,승용차,승용차,보행자,보행자,924404.0,1942135.0,126.6450349,37.4753521
2018,2018101010,1,주,수,1,10,2,7,0,인천,남구,차대차,추돌,추돌,운전자법규위반,안전운전 의무 불이행,교차로,교차로내,화물차,화물차,승용차,승용차,927370.0,1938669.0,126.6789178,37.44435169
2018,2018110300,50,야,토,1,1,0,0,0,인천,남구,차대차,추돌,추돌,운전자법규위반,보행자 보호의무 위반,단일로,기타단일로,이륜차,이륜차,건설기계,건설기계,925120.0,1940023.0,126.6533465,37.45637552
2018,2018102712,0,주,토,1,1,0,0,0,인천,남구,차대차,정면충돌,정면충돌,운전자법규위반,안전운전 의무 불이행,교차로,교차로부근,이륜차,이륜차,화물차,화물차,925349.0,1940257.0,126.6559118,37.45850303
2018,2018072807,0,주,토,1,2,1,0,0,인천,남동구,차대차,기타,기타,운전자법규위반,중앙선 침범,단일로,기타단일로,승용차,승용차,승용차,승용차,930864.0,1941387.0,126.718159,37.46911652
2018,2018012204,30,야,월,1,1,0,0,0,인천,서구,차대사람,횡단중,횡단중,운전자법규위반,과속,단일로,기타단일로,화물차,화물차,보행자,보행자,927790.0,1942555.0,126.6832845,37.47940834
2018,2018082513,18,주,토,1,1,0,0,0,인천,서구,차량단독,공작물충돌,공작물충돌,운전자법규위반,안전운전 의무 불이행,단일로,기타단일로,화물차,화물차,없음,없음,925907.0,1954607.0,126.660773,37.58787964
2018,2018011207,15,주,금,1,1,0,0,0,인천,계양구,차대사람,횡단중,횡단중,운전자법규위반,보행자 보호의무 위반,교차로,교차로횡단보도내,승용차,승용차,보행자,보행자,932713.0,1952651.0,126.7380354,37.57077362
2018,2018032019,25,야,화,1,1,0,0,0,인천,강화군,차대사람,횡단중,횡단중,운전자법규위반,안전운전 의무 불이행,단일로,기타단일로,승용차,승용차,보행자,보행자,910224.0,1969875.0,126.4812819,37.72407837
2018,2018062004,0,야,수,1,1,0,0,0,인천,연수구,차대차,추돌,추돌,운전자법규위반,안전운전 의무 불이행,교차로,교차로부근,승용차,승용차,건설기계,건설기계,927728.0,1936419.0,126.683185,37.42410082
2018,2018031821,20,야,일,1,1,0,0,0,인천,남동구,차대차,측면충돌,측면충돌,운전자법규위반,신호위반,교차로,교차로내,자전거,자전거,승용차,승용차,929825.0,1933612.0,126.7071498,37.39896289
2018,2018091222,18,야,수,1,1,0,0,0,경기,안산시,차대차,추돌,추돌,운전자법규위반,안전운전 의무 불이행,단일로,기타단일로,승용차,승용차,화물차,화물차,937650.0,1928440.0,126.7959875,37.3529065
2018,2018071015,57,주,화,1,1,0,0,0,인천,계양구,차대차,추돌,추돌,운전자법규위반,안전운전 의무 불이행,단일로,기타단일로,화물차,화물차,화물차,화물차,933642.0,1949600.0,126.7488308,37.54334299
2018,2018012719,15,야,토,1,1,0,0,0,광주,서구,차대사람,길가장자리구역통행중,길가장자리구역통행중,운전자법규위반,안전운전 의무 불이행,단일로,기타단일로,자전거,자전거,보행자,보행자,942307.0,1683584.9,126.866638,35.14583991
2018,2018082820,12,야,화,1,1,0,0,0,광주,남구,차대사람,횡단중,횡단중,운전자법규위반,안전운전 의무 불이행,교차로,교차로횡단보도내,승용차,승용차,보행자,보행자,945757.1531,1683925.493,126.90449,35.149103
2018,2018110109,30,주,목,1,1,0,0,0,광주,북구,차대차,측면충돌,측면충돌,운전자법규위반,교차로 통행방법 위반,교차로,교차로내,이륜차,이륜차,승용차,승용차,943091.0,1690578.0,126.8747617,35.20893885
2018,2018110300,19,야,토,1,2,1,0,0,광주,북구,차량단독,공작물충돌,공작물충돌,운전자법규위반,안전운전 의무 불이행,교차로,교차로내,화물차,화물차,없음,없음,945010.3,1685190.7,126.8962067,35.16047043
2018,2018091618,50,야,일,1,1,0,0,0,광주,북구,차량단독,공작물충돌,공작물충돌,운전자법규위반,안전운전 의무 불이행,단일로,기타단일로,승용차,승용차,없음,없음,943752.0,1694556.0,126.8817515,35.24484408
2018,2018122906,15,주,토,1,3,0,2,0,광주,광산구,차대차,추돌,추돌,운전자법규위반,안전거리 미확보,단일로,교량위,화물차,화물차,화물차,화물차,938098.0,1685303.0,126.8203049,35.16108097
2018,2018110215,50,주,금,1,1,0,0,0,광주,광산구,차대차,기타,기타,운전자법규위반,안전거리 미확보,단일로,기타단일로,자전거,자전거,승용차,승용차,939157.0,1691536.0,126.8314721,35.21734577
2018,2018020118,30,야,목,1,4,0,3,0,광주,광산구,차대차,기타,기타,운전자법규위반,안전운전 의무 불이행,단일로,기타단일로,승용차,승용차,승용차,승용차,937940.0,1685472.0,126.8185575,35.16259503
2018,2018043019,0,야,월,1,1,0,0,0,광주,광산구,차량단독,도로이탈,도로이탈 추락,운전자법규위반,안전운전 의무 불이행,교차로,교차로부근,자전거,자전거,없음,없음,925507.0,1685674.0,126.6820315,35.16357154
2018,2018042001,43,야,금,1,1,0,0,0,광주,광산구,차량단독,도로이탈,도로이탈 추락,운전자법규위반,안전운전 의무 불이행,단일로,기타단일로,승용차,승용차,없음,없음,938043.0,1685313.0,126.8197003,35.16116775
2018,2018122409,55,주,월,1,1,0,0,0,대전,중구,차대사람,횡단중,횡단중,운전자법규위반,보행자 보호의무 위반,교차로,교차로내,승용차,승용차,보행자,보행자,992006.0,1813872.0,127.4109399,36.32217506
2018,2018020902,55,야,금,1,1,0,0,0,대전,중구,차대사람,횡단중,횡단중,운전자법규위반,안전운전 의무 불이행,교차로,교차로부근,화물차,화물차,보행자,보행자,990760.0,1812015.0,127.3970804,36.30542221
2018,2018111213,6,주,월,1,1,0,0,0,대전,동구,차대차,측면충돌,측면충돌,운전자법규위반,안전운전 의무 불이행,교차로,교차로횡단보도내,건설기계,건설기계,자전거,자전거,996679.0,1810309.0,127.4630163,36.29008036
2018,2018102316,30,주,화,1,1,0,0,0,대전,동구,차량단독,도로이탈,도로이탈 추락,운전자법규위반,안전운전 의무 불이행,단일로,기타단일로,화물차,화물차,없음,없음,998345.0,1812844.0,127.481564,36.31293892
2018,2018083005,46,야,목,1,1,0,0,0,대전,동구,차대사람,횡단중,횡단중,운전자법규위반,안전운전 의무 불이행,교차로,교차로내,화물차,화물차,보행자,보행자,993987.0,1815767.0,127.4329953,36.33927373
2018,2018090207,25,주,일,1,5,0,4,0,대전,동구,차대차,추돌,추돌,운전자법규위반,안전운전 의무 불이행,단일로,지하차도(도로)내,승용차,승용차,농기계,농기계,996875.0,1813464.0,127.4651864,36.31852486
2018,2018012819,30,야,일,1,1,0,0,0,대전,대덕구,차대사람,횡단중,횡단중,운전자법규위반,과속,교차로,교차로부근,승용차,승용차,보행자,보행자,991439.0,1827485.0,127.4044731,36.44489619
2018,2018010906,35,주,화,1,1,0,0,0,대전,대덕구,차대사람,차도통행중,차도통행중,운전자법규위반,안전운전 의무 불이행,단일로,기타단일로,승용차,승용차,보행자,보행자,993425.0,1820125.0,127.426696,36.37855914
2018,2018080218,14,야,목,1,1,0,0,0,울산,북구,차량단독,공작물충돌,공작물충돌,운전자법규위반,안전운전 의무 불이행,단일로,기타단일로,이륜차,이륜차,없음,없음,1163980.0,1735748.0,129.3103199,35.60424192
2018,2018031523,20,야,목,1,1,0,0,0,울산,북구,차대사람,기타,기타,운전자법규위반,안전운전 의무 불이행,단일로,기타단일로,승용차,승용차,보행자,보행자,1168490.0,1733493.0,129.3596164,35.58316217
2018,2018022719,20,야,화,1,1,0,0,0,울산,중구,차대사람,횡단중,횡단중,운전자법규위반,안전운전 의무 불이행,단일로,지하차도(도로)내,승용차,승용차,보행자,보행자,1167010.0,1729894.0,129.3425464,35.55097915
2018,2018042102,40,야,토,1,1,0,0,0,울산,남구,차량단독,공작물충돌,공작물충돌,운전자법규위반,안전운전 의무 불이행,단일로,기타단일로,원동기장치자전거,원동기장치자전거,없음,없음,1168000.0,1728980.0,129.3532739,35.54257491
2018,2018012317,30,주,화,1,15,3,11,0,울산,남구,차대차,정면충돌,정면충돌,운전자법규위반,중앙선 침범,교차로,교차로부근,승용차,승용차,승용차,승용차,1167501.0,1727371.0,129.3474392,35.52815916
2018,2018092120,40,야,금,1,1,0,0,0,울산,울주군,차대차,추돌,추돌,운전자법규위반,안전운전 의무 불이행,단일로,기타단일로,승용차,승용차,농기계,농기계,1149848.0,1725369.0,129.1524435,35.51294029
2018,2018052206,30,주,화,1,1,0,0,0,울산,울주군,차량단독,전도,전도,운전자법규위반,안전운전 의무 불이행,단일로,기타단일로,이륜차,이륜차,없음,없음,1159760.0,1712579.0,129.2591915,35.39612394
2018,2018062806,58,주,목,1,11,3,7,0,울산,울주군,차대차,측면충돌,측면충돌,운전자법규위반,중앙선 침범,단일로,기타단일로,승용차,승용차,승합차,승합차,1166702.0,1718090.0,129.3367261,35.44465283
2018,2018073018,20,야,월,1,1,0,0,0,경기,의정부시,차량단독,기타,기타,운전자법규위반,안전운전 의무 불이행,단일로,기타단일로,승용차,승용차,없음,없음,960188.0,1968268.0,127.0483016,37.71313043
2018,2018040600,24,야,금,2,2,0,0,0,경기,의정부시,차량단독,공작물충돌,공작물충돌,운전자법규위반,안전운전 의무 불이행,교차로,교차로내,승용차,승용차,없음,없음,962096.0,1970948.0,127.0698091,37.7373664
2018,2018070716,20,주,토,1,1,0,0,0,경기,고양시,차대차,측면충돌,측면충돌,운전자법규위반,중앙선 침범,단일로,기타단일로,승용차,승용차,이륜차,이륜차,943128.0,1957270.0,126.8556096,37.61310676
2018,2018070209,45,주,월,1,1,0,0,0,경기,고양시,차대사람,횡단중,횡단중,운전자법규위반,보행자 보호의무 위반,교차로,교차로내,승용차,승용차,보행자,보행자,941704.0,1958485.0,126.839379,37.62396821
2018,2018011814,40,주,목,1,1,0,0,0,경기,고양시,차대사람,횡단중,횡단중,운전자법규위반,안전운전 의무 불이행,단일로,기타단일로,화물차,화물차,보행자,보행자,944225.0,1956575.0,126.8680915,37.60690998
2018,2018100708,20,주,일,1,1,0,0,0,경기,고양시,차대사람,기타,기타,운전자법규위반,안전운전 의무 불이행,단일로,기타단일로,승용차,승용차,보행자,보행자,946541.0,1962062.0,126.893928,37.65650167
2018,2018031919,45,야,월,1,1,0,0,0,경기,남양주시,차대차,측면충돌,측면충돌,운전자법규위반,안전운전 의무 불이행,교차로,교차로내,승용차,승용차,이륜차,이륜차,974726.0,1955699.0,127.2136796,37.60035863
2018,2018011619,57,야,화,1,1,0,0,0,경기,남양주시,차대사람,횡단중,횡단중,운전자법규위반,신호위반,교차로,교차로내,건설기계,건설기계,보행자,보행자,982863.0,1961048.0,127.3057348,37.64875907
2018,2018013118,34,야,수,1,1,0,0,0,경기,남양주시,차대사람,차도통행중,차도통행중,운전자법규위반,안전운전 의무 불이행,단일로,기타단일로,승용차,승용차,보행자,보행자,973770.0,1971923.0,127.2022658,37.74656331
2018,2018053012,40,주,수,1,1,0,0,0,경기,남양주시,차대차,기타,기타,운전자법규위반,직진 및 우회전차의 통행방해,교차로,교차로내,승용차,승용차,이륜차,이륜차,977496.0,1961806.0,127.2448716,37.65547531
2018,2018101116,30,주,목,1,1,0,0,0,경기,남양주시,차대사람,기타,기타,운전자법규위반,안전운전 의무 불이행,단일로,기타단일로,승용차,승용차,보행자,보행자,972248.0,1962306.0,127.1853566,37.65983828
2018,2018110821,55,야,목,2,2,0,0,0,경기,파주시,차량단독,공작물충돌,공작물충돌,운전자법규위반,안전운전 의무 불이행,단일로,기타단일로,승용차,승용차,없음,없음,937431.0,1984198.0,126.7887459,37.85542832
2018,2018082001,50,야,월,1,1,0,0,0,경기,파주시,차량단독,공작물충돌,공작물충돌,운전자법규위반,안전운전 의무 불이행,단일로,기타단일로,승용차,승용차,없음,없음,937143.0,1978095.0,126.7860025,37.80040545
2018,2018052506,44,주,금,1,2,1,0,0,경기,파주시,차대차,측면충돌,측면충돌,운전자법규위반,중앙선 침범,단일로,기타단일로,승용차,승용차,승용차,승용차,942627.0,1981355.0,126.8480335,37.83014757