발생년,발생년월일시,발생분,주야,요일,사망자수,사상자수,중상자수,경상자수,부상신고자수,발생지시도,발생지시군구,사고유형_대분류,사고유형_중분류,사고유형,법규위반_대분류,법규위반,도로형태_대분류,도로형태,가해자_당사자종별_대분류,가해자_당사자종별,피해자_당사자종별_대분류,피해자_당사자종별,발생위치X_UTMK,발생위치Y_UTMK,경도,위도
2018,2018022822,1,야,수,1,1,0,0,0,경기,파주시,차량단독,공작물충돌,공작물충돌,운전자법규위반,안전운전 의무 불이행,교차로,교차로부근,승용차,승용차,없음,없음,929516.0,1974753.0,126.6996991,37.76972929
2018,2018103007,8,주,화,1,2,0,0,1,경기,양주시,차대차,측면충돌,측면충돌,운전자법규위반,신호위반,교차로,교차로내,이륜차,이륜차,승합차,승합차,954704.0,1980092.0,126.9853455,37.81944412
2018,2018080810,35,주,수,2,17,4,11,0,경기,양주시,차대차,정면충돌,정면충돌,운전자법규위반,중앙선 침범,단일로,기타단일로,승용차,승용차,승합차,승합차,961026.0,1984560.0,127.0569333,37.86000558
2018,2018091215,45,주,수,1,2,1,0,0,경기,양주시,차대사람,횡단중,횡단중,운전자법규위반,안전운전 의무 불이행,교차로,교차로부근,승용차,승용차,보행자,보행자,954461.0,1982330.0,126.9824438,37.83960265
2018,2018081300,23,야,월,1,2,1,0,0,경기,동두천시,차량단독,공작물충돌,공작물충돌,운전자법규위반,안전운전 의무 불이행,교차로,교차로내,승용차,승용차,없음,없음,963783.0,1988176.0,127.0880934,37.89270983
2018,2018012410,35,주,수,1,1,0,0,0,경기,동두천시,차대차,정면충돌,정면충돌,운전자법규위반,안전운전 의무 불이행,교차로,교차로내,건설기계,건설기계,화물차,화물차,961552.0,1995211.0,127.0623446,37.95602303
2018,2018052107,31,주,월,1,1,0,0,0,경기,구리시,차대차,측면충돌,측면충돌,운전자법규위반,신호위반,단일로,기타단일로,승용차,승용차,자전거,자전거,966520.0,1952341.0,127.1208718,37.56982971
2018,2018022606,7,주,월,1,1,0,0,0,경기,포천시,차량단독,기타,기타,운전자법규위반,안전운전 의무 불이행,단일로,기타단일로,승용차,승용차,없음,없음,982307.0,1991316.0,127.2986934,37.92155928
2018,2018092908,11,주,토,1,2,0,1,0,경기,포천시,차대차,측면충돌,측면충돌,운전자법규위반,신호위반,교차로,교차로내,승용차,승용차,승용차,승용차,974960.0,1986433.0,127.2152714,37.87737641
2018,2018011115,0,주,목,1,1,0,0,0,경기,가평군,차대차,정면충돌,정면충돌,운전자법규위반,중앙선 침범,단일로,기타단일로,승용차,승용차,승합차,승합차,993798.0,1972063.0,127.4296001,37.74818018
2018,2018062511,30,주,월,1,1,0,0,0,경기,가평군,차대차,기타,기타,운전자법규위반,안전운전 의무 불이행,단일로,기타단일로,원동기장치자전거,원동기장치자전거,화물차,화물차,986770.0,1980212.0,127.3496756,37.8215541
2018,2018061515,45,주,금,1,1,0,0,0,경기,연천군,차대차,정면충돌,정면충돌,운전자법규위반,중앙선 침범,단일로,지하차도(도로)내,화물차,화물차,승합차,승합차,967055.0,2022430.0,127.1237293,38.20155292
2018,2018101319,27,야,토,1,1,0,0,0,경기,고양시,차량단독,기타,기타,운전자법규위반,안전운전 의무 불이행,기타,기타,자전거,자전거,없음,없음,935581.0,1964925.0,126.7694285,37.68160114
2018,2018011018,30,야,수,1,2,0,0,1,서울,중구,차대사람,보도통행중,보도통행중,운전자법규위반,기타(운전자법규위반),단일로,기타단일로,승용차,승용차,보행자,보행자,956090.0,1951798.0,127.0027984,37.56449716
2018,2018082120,38,야,화,1,1,0,0,0,서울,중구,차대사람,기타,기타,운전자법규위반,안전운전 의무 불이행,교차로,교차로부근,승합차,승합차,보행자,보행자,954376.0,1951967.0,126.9833806,37.56593706
2018,2018040201,25,야,월,1,1,0,0,0,서울,서대문구,차대차,정면충돌,정면충돌,운전자법규위반,중앙선 침범,단일로,기타단일로,이륜차,이륜차,승용차,승용차,950673.0,1954890.0,126.941255,37.59209148
2018,2018063003,10,야,토,1,1,0,0,0,서울,용산구,차량단독,공작물충돌,공작물충돌,운전자법규위반,안전운전 의무 불이행,단일로,기타단일로,이륜차,이륜차,없음,없음,956761.0,1947988.0,127.0106206,37.53018837
2018,2018022320,10,야,금,1,6,0,5,0,서울,강북구,차대차,정면충돌,정면충돌,운전자법규위반,중앙선 침범,단일로,기타단일로,승용차,승용차,승합차,승합차,958023.0,1959206.0,127.0242605,37.63135713
2018,2018022405,45,야,토,1,1,0,0,0,서울,동대문구,차대사람,횡단중,횡단중,운전자법규위반,안전운전 의무 불이행,교차로,교차로횡단보도내,승용차,승용차,보행자,보행자,960672.0,1951888.0,127.054675,37.56551545
2018,2018030715,20,주,수,1,1,0,0,0,서울,동대문구,차대사람,횡단중,횡단중,운전자법규위반,안전운전 의무 불이행,교차로,교차로횡단보도내,화물차,화물차,보행자,보행자,962041.0,1953347.0,127.0701006,37.57872331
2018,2018120612,54,주,목,1,1,0,0,0,서울,광진구,차대사람,횡단중,횡단중,운전자법규위반,안전운전 의무 불이행,교차로,교차로횡단보도내,승합차,승합차,보행자,보행자,964208.0,1948640.0,127.0948719,37.53638429
2018,2018100910,10,주,화,1,1,0,0,0,서울,마포구,차대사람,횡단중,횡단중,운전자법규위반,신호위반,단일로,기타단일로,건설기계,건설기계,보행자,보행자,951870.0,1951044.0,126.9550659,37.55749033
2018,2018020409,0,주,일,1,1,0,0,0,서울,마포구,차대사람,횡단중,횡단중,운전자법규위반,안전운전 의무 불이행,단일로,기타단일로,승합차,승합차,보행자,보행자,950602.0,1950921.0,126.9407184,37.55631458
2018,2018110115,40,주,목,1,1,0,0,0,서울,영등포구,차대사람,횡단중,횡단중,운전자법규위반,안전운전 의무 불이행,단일로,기타단일로,화물차,화물차,보행자,보행자,946256.0,1945919.0,126.8918818,37.5109877
2018,2018072011,19,주,금,1,1,0,0,0,서울,영등포구,차대차,측면충돌,측면충돌,운전자법규위반,안전운전 의무 불이행,단일로,기타단일로,건설기계,건설기계,자전거,자전거,947506.0,1946469.0,126.9059857,37.51601691
2018,2018082909,25,주,수,1,1,0,0,0,서울,영등포구,차대사람,횡단중,횡단중,운전자법규위반,신호위반,교차로,교차로부근,화물차,화물차,보행자,보행자,949967.0,1946752.0,126.9338134,37.51870441
2018,2018090306,10,주,월,1,3,2,0,0,서울,영등포구,차대사람,보도통행중,보도통행중,운전자법규위반,기타(운전자법규위반),단일로,기타단일로,승용차,승용차,보행자,보행자,947447.0,1947089.0,126.9052737,37.5216017
2018,2018061722,37,야,일,1,1,0,0,0,서울,영등포구,차대차,측면충돌,측면충돌,운전자법규위반,안전운전 의무 불이행,교차로,교차로내,자전거,자전거,승용차,승용차,947126.0,1944265.0,126.9018444,37.49613019
2018,2018080904,35,야,목,1,1,0,0,0,서울,영등포구,차대사람,기타,기타,운전자법규위반,안전운전 의무 불이행,교차로,교차로내,승용차,승용차,보행자,보행자,947067.0,1944315.0,126.9011733,37.49657747
2018,2018031609,27,주,금,1,1,0,0,0,서울,영등포구,차대사람,기타,기타,운전자법규위반,안전운전 의무 불이행,단일로,기타단일로,승합차,승합차,보행자,보행자,946481.0,1946557.0,126.8943811,37.51675117
2018,2018031103,20,야,일,1,2,0,1,0,서울,성동구,차대차,정면충돌,정면충돌,운전자법규위반,중앙선 침범,단일로,기타단일로,이륜차,이륜차,승용차,승용차,958101.0,1951844.0,127.025566,37.56500547
2018,2018011519,35,야,월,1,1,0,0,0,서울,성동구,차대사람,횡단중,횡단중,운전자법규위반,안전운전 의무 불이행,기타,기타,승용차,승용차,보행자,보행자,958632.0,1951659.0,127.0315889,37.56336202
2018,2018071209,53,주,목,1,1,0,0,0,서울,동작구,차대사람,차도통행중,차도통행중,운전자법규위반,기타(운전자법규위반),단일로,기타단일로,화물차,화물차,보행자,보행자,949015.0,1944677.0,126.9231848,37.4999499
2018,2018010407,29,주,목,1,1,0,0,0,서울,중랑구,차대사람,차도통행중,차도통행중,운전자법규위반,안전운전 의무 불이행,교차로,교차로부근,승용차,승용차,보행자,보행자,962641.0,1957216.0,127.0766982,37.61362022
2018,2018022703,26,야,화,1,1,0,0,0,서울,강남구,차대차,측면충돌,측면충돌,운전자법규위반,신호위반,교차로,교차로내,승용차,승용차,승용차,승용차,958528.0,1946177.0,127.0307211,37.51394641
2018,2018053016,55,주,수,1,1,0,0,0,서울,강서구,차대차,측면충돌,측면충돌,운전자법규위반,안전거리 미확보,단일로,기타단일로,자전거,자전거,승용차,승용차,944606.0,1950281.0,126.8728838,37.55020516
2018,2018032212,5,주,목,1,2,1,0,0,서울,강동구,차대사람,횡단중,횡단중,운전자법규위반,안전운전 의무 불이행,단일로,기타단일로,승용차,승용차,보행자,보행자,966878.0,1949043.0,127.1250747,37.5401165
2018,2018031012,16,주,토,1,1,0,0,0,서울,송파구,차대사람,기타,기타,운전자법규위반,안전운전 의무 불이행,교차로,교차로부근,승용차,승용차,보행자,보행자,963866.0,1945672.0,127.0911469,37.50961917
2018,2018071801,40,야,수,1,2,0,1,0,서울,송파구,차대사람,차도통행중,차도통행중,운전자법규위반,안전운전 의무 불이행,교차로,교차로부근,승용차,승용차,보행자,보행자,964380.0,1945037.0,127.0969934,37.50391563
2018,2018092014,8,주,목,1,1,0,0,0,서울,성북구,차대사람,횡단중,횡단중,운전자법규위반,보행자 보호의무 위반,교차로,교차로횡단보도내,건설기계,건설기계,보행자,보행자,960194.0,1957235.0,127.0489718,37.61368876
2018,2018092405,32,야,월,1,2,0,1,0,서울,서초구,차대차,측면충돌,측면충돌,운전자법규위반,중앙선 침범,단일로,기타단일로,승용차,승용차,승용차,승용차,957817.0,1944239.0,127.0227872,37.49644631
2018,2018070618,35,야,금,1,1,0,0,0,서울,도봉구,차대사람,기타,기타,운전자법규위반,안전운전 의무 불이행,교차로,교차로내,건설기계,건설기계,보행자,보행자,959199.0,1960300.0,127.037527,37.64127052
2018,2018100913,30,주,화,1,1,0,0,0,서울,은평구,차대차,기타,기타,운전자법규위반,신호위반,교차로,교차로내,이륜차,이륜차,승합차,승합차,949066.0,1957684.0,126.9228582,37.61718636
2018,2018121800,30,야,화,1,1,0,0,0,서울,은평구,차대사람,차도통행중,차도통행중,운전자법규위반,안전운전 의무 불이행,단일로,기타단일로,승용차,승용차,보행자,보행자,947755.0,1960927.0,126.9077718,37.64634188
2018,2018102909,35,주,월,1,1,0,0,0,서울,강남구,차대차,기타,기타,운전자법규위반,안전거리 미확보,단일로,기타단일로,승합차,승합차,승용차,승용차,961227.0,1943892.0,127.0613815,37.49346819
2018,2018111405,48,야,수,1,1,0,0,0,서울,강남구,차대차,기타,기타,운전자법규위반,신호위반,교차로,교차로내,이륜차,이륜차,화물차,화물차,959935.0,1943965.0,127.0467622,37.494071
2018,2018081107,0,주,토,1,2,1,0,0,부산,북구,차량단독,기타,기타,운전자법규위반,안전운전 의무 불이행,단일로,기타단일로,이륜차,이륜차,없음,없음,1137689.0,1695333.0,129.0133395,35.2439665
2018,2018092420,0,야,월,1,2,0,1,0,부산,영도구,차량단독,공작물충돌,공작물충돌,운전자법규위반,안전운전 의무 불이행,단일로,고가도로위,승용차,승용차,없음,없음,1141940.0,1679337.0,129.0572947,35.09918794
2018,2018072805,20,야,토,1,2,1,0,0,부산,해운대구,차량단독,공작물충돌,공작물충돌,운전자법규위반,안전운전 의무 불이행,단일로,기타단일로,이륜차,이륜차,없음,없음,1152096.0,1686998.0,129.1700904,35.16675744
2018,2018060723,59,야,목,1,1,0,0,0,부산,해운대구,차대사람,기타,기타,운전자법규위반,안전운전 의무 불이행,단일로,기타단일로,화물차,화물차,보행자,보행자,1151448.0,1686276.0,129.1628452,35.16034765
2018,2018081204,59,야,일,1,1,0,0,0,부산,해운대구,차대차,정면충돌,정면충돌,운전자법규위반,신호위반,교차로,교차로내,이륜차,이륜차,승용차,승용차,1148059.0,1688297.0,129.1260114,35.17906899
2018,2018041419,28,야,토,1,1,0,0,0,부산,금정구,차대사람,기타,기타,운전자법규위반,안전운전 의무 불이행,단일로,기타단일로,승용차,승용차,보행자,보행자,1152398.0,1703706.3,129.1765027,35.31730721
2018,2018070204,55,야,월,1,1,0,0,0,부산,연제구,차대사람,횡단중,횡단중,운전자법규위반,과속,단일로,기타단일로,승용차,승용차,보행자,보행자,1144740.0,1687710.0,129.0894711,35.17426173
2018,2018110322,19,야,토,1,1,0,0,0,부산,강서구,차대차,기타,기타,운전자법규위반,중앙선 침범,단일로,기타단일로,승용차,승용차,이륜차,이륜차,1127770.0,1677477.0,128.9015853,35.08431788
2018,2018011722,55,야,수,1,1,0,0,0,부산,사상구,차대차,정면충돌,정면충돌,운전자법규위반,중앙선 침범,단일로,기타단일로,이륜차,이륜차,승용차,승용차,1133596.0,1681988.0,128.9662041,35.12422609
2018,2018012721,10,야,토,1,3,0,2,0,부산,사상구,차대사람,횡단중,횡단중,운전자법규위반,안전운전 의무 불이행,단일로,기타단일로,승용차,승용차,보행자,보행자,1135311.0,1688500.0,128.9860877,35.18269726
2018,2018111613,45,주,금,1,1,0,0,0,부산,사상구,차대사람,기타,기타,운전자법규위반,보행자 보호의무 위반,단일로,기타단일로,건설기계,건설기계,보행자,보행자,1134937.0,1689609.0,128.9821629,35.19274427
2018,2018080214,38,주,목,1,2,0,1,0,부산,기장군,차대차,추돌,추돌,운전자법규위반,과속,단일로,기타단일로,승용차,승용차,화물차,화물차,1157280.0,1704280.0,129.2302973,35.32172144
2018,2018061807,20,주,월,1,6,4,1,0,울산,울주군,차대차,추돌,추돌,운전자법규위반,안전거리 미확보,단일로,기타단일로,특수차,특수차,승용차,승용차,1161806.0,1720822.0,129.283349,35.47008317
2018,2018082718,5,야,월,1,7,3,3,0,경남,양산시,차대차,측면충돌,측면충돌,운전자법규위반,안전운전 의무 불이행,단일로,기타단일로,승합차,승합차,화물차,화물차,1140915.0,1710231.0,129.0513475,35.37780364
2018,2018042305,10,야,월,1,6,3,2,0,경남,김해시,차대차,측면충돌,측면충돌,운전자법규위반,안전운전 의무 불이행,단일로,기타단일로,승용차,승용차,승용차,승용차,1127859.0,1708031.0,128.907309,35.35973232
2018,2018100515,5,주,금,1,1,0,0,0,경기,수원시,차대사람,횡단중,횡단중,운전자법규위반,안전운전 의무 불이행,단일로,기타단일로,승용차,승용차,보행자,보행자,958375.0,1920295.0,127.0304476,37.28065162
2018,2018120918,56,야,일,1,2,0,1,0,경기,수원시,차대사람,횡단중,횡단중,운전자법규위반,안전운전 의무 불이행,단일로,기타단일로,승용차,승용차,보행자,보행자,956446.0,1922056.0,127.0085849,37.29643635
2018,2018042211,0,주,일,1,1,0,0,0,경기,수원시,차대사람,횡단중,횡단중,운전자법규위반,안전운전 의무 불이행,단일로,기타단일로,승용차,승용차,보행자,보행자,955789.0,1921725.0,127.001192,37.29342183
2018,2018081523,25,야,수,1,1,0,0,0,경기,성남시,차대사람,기타,기타,운전자법규위반,안전운전 의무 불이행,단일로,기타단일로,승용차,승용차,보행자,보행자,966312.0,1937308.0,127.1192052,37.43432273
2018,2018121721,10,야,월,1,1,0,0,0,경기,성남시,차대사람,기타,기타,운전자법규위반,안전운전 의무 불이행,교차로,교차로내,승용차,승용차,보행자,보행자,969922.0,1939268.0,127.1599305,37.45211378
2018,2018050420,20,야,금,1,2,0,1,0,경기,평택시,차대차,기타,기타,운전자법규위반,신호위반,교차로,교차로내,승용차,승용차,승용차,승용차,948712.0,1888076.0,126.9236554,36.98975457
2018,2018121906,40,주,수,1,1,0,0,0,경기,평택시,차대사람,횡단중,횡단중,운전자법규위반,안전운전 의무 불이행,교차로,교차로내,승용차,승용차,보행자,보행자,958711.0,1897197.0,127.0355141,37.07246438
2018,2018072904,45,야,일,1,1,0,0,0,경기,평택시,차대사람,횡단중,횡단중,운전자법규위반,과속,단일로,기타단일로,승용차,승용차,보행자,보행자,960258.0,1883484.0,127.0536402,36.94892037
2018,2018071000,0,야,화,1,1,0,0,0,경기,평택시,차대사람,기타,기타,운전자법규위반,안전운전 의무 불이행,교차로,교차로내,승용차,승용차,보행자,보행자,942779.0,1885175.0,126.8572074,36.96326284
2018,2018100218,6,야,화,1,1,0,0,0,경기,평택시,차대차,기타,기타,운전자법규위반,앞지르기 방법위반,단일로,기타단일로,이륜차,이륜차,화물차,화물차,946201.0,1887860.0,126.895455,36.98766721
2018,2018061407,30,주,목,1,1,0,0,0,경기,안성시,차대차,측면충돌,측면충돌,운전자법규위반,안전거리 미확보,단일로,기타단일로,이륜차,이륜차,승용차,승용차,978599.0,1891686.0,127.2594009,37.02345183
2018,2018022114,12,주,수,1,1,0,0,0,경기,안성시,차대사람,차도통행중,차도통행중,운전자법규위반,안전운전 의무 불이행,교차로,교차로부근,화물차,화물차,보행자,보행자,981762.0,1895560.0,127.2948666,37.05844003
2018,2018040615,1,주,금,1,1,0,0,0,경기,안양시,차대사람,횡단중,횡단중,운전자법규위반,안전운전 의무 불이행,교차로,교차로부근,화물차,화물차,보행자,보행자,953694.0,1933762.0,126.9768039,37.40181564
2018,2018100218,10,야,화,1,1,0,0,0,경기,이천시,차대차,측면충돌,측면충돌,운전자법규위반,중앙선 침범,단일로,기타단일로,자전거,자전거,승용차,승용차,994183.0,1923487.0,127.4343551,37.31033731
2018,2018072816,29,주,토,1,1,0,0,0,경기,광주시,차량단독,공작물충돌,공작물충돌,운전자법규위반,안전운전 의무 불이행,단일로,기타단일로,이륜차,이륜차,없음,없음,983384.0,1928115.0,127.312385,37.35192318
2018,2018062119,22,야,목,1,1,0,0,0,경기,여주시,차량단독,공작물충돌,공작물충돌,운전자법규위반,안전운전 의무 불이행,단일로,기타단일로,이륜차,이륜차,없음,없음,1018993.0,1928163.0,127.7144553,37.35231023
2018,2018032713,45,주,화,1,1,0,0,0,경기,여주시,차대차,정면충돌,정면충돌,운전자법규위반,안전운전 의무 불이행,교차로,교차로내,화물차,화물차,화물차,화물차,1005010.0,1913631.0,127.5564715,37.22149983
2018,2018051113,40,주,금,1,1,0,0,0,경기,여주시,차량단독,기타,기타,운전자법규위반,안전운전 의무 불이행,단일로,고가도로위,원동기장치자전거,원동기장치자전거,없음,없음,1010866.0,1933759.0,127.6227735,37.40288241
2018,2018030916,50,주,금,1,2,0,0,1,경기,용인시,차량단독,공작물충돌,공작물충돌,운전자법규위반,안전운전 의무 불이행,단일로,교량위,승용차,승용차,없음,없음,963370.0,1919367.0,127.0868382,37.27249693
2018,2018061210,20,주,화,1,2,0,1,0,경기,김포시,차대차,기타,기타,운전자법규위반,신호위반,교차로,교차로내,화물차,화물차,승용차,승용차,924512.0,1961570.0,126.6442549,37.65052013
2018,2018122007,35,주,목,1,1,0,0,0,경기,김포시,차대차,기타,기타,운전자법규위반,부당한 회전,단일로,기타단일로,특수차,특수차,화물차,화물차,919932.0,1968384.0,126.5915924,37.7115416
2018,2018082515,32,주,토,1,2,1,0,0,경기,김포시,차대사람,보도통행중,보도통행중,운전자법규위반,기타(운전자법규위반),교차로,교차로부근,승용차,승용차,보행자,보행자,931277.0,1956001.0,126.721461,37.6008601
2018,2018111310,50,주,화,1,1,0,0,0,경기,김포시,차대사람,차도통행중,차도통행중,운전자법규위반,과속,단일로,교량위,화물차,화물차,보행자,보행자,924263.0,1960433.0,126.6415504,37.64025249
2018,2018052016,12,주,일,1,1,0,0,0,경기,양평군,차량단독,전도,전도,운전자법규위반,안전운전 의무 불이행,단일로,고가도로위,이륜차,이륜차,없음,없음,997507.0,1944862.0,127.4717943,37.50302232
2018,2018082422,20,야,금,1,1,0,0,0,경기,오산시,차대차,측면충돌,측면충돌,운전자법규위반,신호위반,교차로,교차로내,승용차,승용차,이륜차,이륜차,961787.0,1904179.0,127.0697612,37.13553071
2018,2018121211,13,주,수,1,1,0,0,0,경기,오산시,차대사람,기타,기타,운전자법규위반,교차로 통행방법 위반,교차로,교차로내,승용차,승용차,보행자,보행자,961613.0,1905087.0,127.0677557,37.14370826
2018,2018062514,13,주,월,1,4,3,0,0,경기,광명시,차대차,추돌,추돌,운전자법규위반,안전운전 의무 불이행,교차로,교차로부근,승합차,승합차,승용차,승용차,945893.0,1939431.0,126.8882516,37.45248898
2018,2018042101,5,야,토,1,1,0,0,0,경기,광명시,차대차,추돌,추돌,운전자법규위반,안전운전 의무 불이행,단일로,기타단일로,승용차,승용차,화물차,화물차,946902.0,1937712.0,126.8997828,37.43705369
2018,2018071723,0,야,화,1,1,0,0,0,경기,안산시,차대사람,횡단중,횡단중,운전자법규위반,안전운전 의무 불이행,단일로,기타단일로,승용차,승용차,보행자,보행자,938166.0,1925106.0,126.8020915,37.32289087
2018,2018011023,30,야,수,1,1,0,0,0,경기,안산시,차대사람,횡단중,횡단중,운전자법규위반,과속,단일로,기타단일로,승용차,승용차,보행자,보행자,940581.0,1923712.0,126.829459,37.31048392
2018,2018042404,30,야,화,1,1,0,0,0,경기,과천시,차대사람,차도통행중,차도통행중,운전자법규위반,안전운전 의무 불이행,단일로,기타단일로,승용차,승용차,보행자,보행자,954874.0,1935538.0,126.9900273,37.41788176
2018,2018032210,0,주,목,1,1,0,0,0,경기,성남시,차대사람,기타,기타,운전자법규위반,안전운전 의무 불이행,단일로,기타단일로,승합차,승합차,보행자,보행자,968533.0,1937704.0,127.1442931,37.43797032
2018,2018040916,5,주,월,1,1,0,0,0,경기,시흥시,차대사람,횡단중,횡단중,운전자법규위반,안전운전 의무 불이행,교차로,교차로내,승용차,승용차,보행자,보행자,931966.0,1929778.0,126.7316898,37.36456663
2018,2018051207,55,주,토,1,2,0,1,0,경기,시흥시,차대차,정면충돌,정면충돌,운전자법규위반,중앙선 침범,단일로,기타단일로,승용차,승용차,승용차,승용차,938321.0,1938878.0,126.8026922,37.44703061
2018,2018030711,55,주,수,1,2,0,1,0,경기,안산시,차대차,측면충돌,측면충돌,운전자법규위반,부당한 회전,교차로,교차로내,자전거,자전거,승용차,승용차,942404.0,1924451.0,126.8499729,37.31725957
2018,2018082901,22,야,수,1,1,0,0,0,경기,수원시,차대사람,횡단중,횡단중,운전자법규위반,안전운전 의무 불이행,단일로,기타단일로,승용차,승용차,보행자,보행자,956025.0,1918874.0,127.0040232,37.26773507
2018,2018060216,49,주,토,1,1,0,0,0,경기,수원시,차대차,측면충돌,측면충돌,운전자법규위반,신호위반,교차로,교차로내,승용차,승용차,이륜차,이륜차,953871.0,1919827.0,126.9796709,37.2762208
2018,2018092110,55,주,금,1,2,0,1,0,경기,성남시,차대차,정면충돌,정면충돌,운전자법규위반,안전운전 의무 불이행,단일로,기타단일로,화물차,화물차,화물차,화물차,964480.0,1933753.0,127.0986686,37.40221096
2018,2018121417,20,주,금,1,3,0,2,0,경기,남양주시,차대차,추돌,추돌,운전자법규위반,안전운전 의무 불이행,단일로,기타단일로,승용차,승용차,승용차,승용차,965713.8,1963202.4,127.1112332,37.66769685
2018,2018100920,30,야,화,2,2,0,0,0,경기,화성시,차대차,기타,기타,운전자법규위반,중앙선 침범,단일로,기타단일로,이륜차,이륜차,승용차,승용차,927949.0,1902506.0,126.688968,37.11845656
2018,2018032206,25,주,목,1,1,0,0,0,경기,화성시,차량단독,공작물충돌,공작물충돌,운전자법규위반,안전운전 의무 불이행,단일로,기타단일로,화물차,화물차,없음,없음,949028.0,1901653.0,126.9262857,37.11215347
2018,2018102113,15,주,일,1,2,1,0,0,경기,화성시,차량단독,공작물충돌,공작물충돌,운전자법규위반,안전운전 의무 불이행,단일로,기타단일로,승용차,승용차,없음,없음,926627.0,1907646.0,126.6735846,37.16468206
2018,2018081213,50,주,일,1,1,0,0,0,경기,화성시,차대차,측면충돌,측면충돌,운전자법규위반,안전운전 의무 불이행,교차로,교차로내,승용차,승용차,이륜차,이륜차,931200.0,1911812.0,126.7247031,37.20257955
2018,2018010912,48,주,화,1,1,0,0,0,경기,화성시,차대사람,횡단중,횡단중,운전자법규위반,안전운전 의무 불이행,단일로,기타단일로,화물차,화물차,보행자,보행자,944591.0,1911125.0,126.8756461,37.19727868
2018,2018080320,0,야,금,1,1,0,0,0,경기,의왕시,차대사람,차도통행중,차도통행중,운전자법규위반,안전운전 의무 불이행,교차로,교차로부근,승용차,승용차,보행자,보행자,952585.0,1926491.0,126.9647399,37.33622258
2018,2018042513,30,주,수,1,1,0,0,0,경기,하남시,차대사람,횡단중,횡단중,운전자법규위반,과속,단일로,기타단일로,승용차,승용차,보행자,보행자,976515.0,1943671.0,127.2343314,37.4919917
2018,2018052408,56,주,목,1,1,0,0,0,경기,하남시,차대사람,기타,기타,운전자법규위반,신호위반,교차로,교차로부근,승용차,승용차,보행자,보행자,973459.0,1949238.0,127.1995604,37.54208715
2018,2018031818,55,야,일,1,1,0,0,0,경기,안양시,차대사람,횡단중,횡단중,운전자법규위반,안전운전 의무 불이행,단일로,기타단일로,승합차,승합차,보행자,보행자,947925.0,1933877.0,126.9116167,37.40254579
2018,2018081223,22,야,일,1,1,0,0,0,강원,춘천시,차량단독,전도,전도,운전자법규위반,안전운전 의무 불이행,단일로,지하차도(도로)내,자전거,자전거,없음,없음,1023994.0,1978461.0,127.7725701,37.80555261
2018,2018042216,39,주,일,1,1,0,0,0,강원,강릉시,차대사람,차도통행중,차도통행중,운전자법규위반,안전운전 의무 불이행,교차로,교차로내,화물차,화물차,보행자,보행자,1123277.0,1973172.0,128.8993343,37.74988911
2018,2018120913,15,주,일,1,1,0,0,0,강원,강릉시,차대차,기타,기타,운전자법규위반,안전운전 의무 불이행,단일로,기타단일로,자전거,자전거,승용차,승용차,1115234.0,1991382.0,128.8109605,37.91502422
2018,2018112606,45,주,월,1,1,0,0,0,강원,속초시,차대차,추돌,추돌,운전자법규위반,안전운전 의무 불이행,단일로,기타단일로,승용차,승용차,농기계,농기계,1096778.0,2019777.0,128.6048737,38.17304744
2018,2018121207,41,주,수,1,1,0,0,0,강원,삼척시,차량단독,공작물충돌,공작물충돌,운전자법규위반,안전운전 의무 불이행,단일로,기타단일로,승용차,승용차,없음,없음,1149354.9,1937648.5,129.1879948,37.42595129
2018,2018032813,20,주,수,1,2,1,0,0,강원,영월군,차대차,측면충돌,측면충돌,운전자법규위반,서행 및 일시정지위반,교차로,교차로내,화물차,화물차,이륜차,이륜차,1081373.8,1912936.4,128.4170965,37.21170172
2018,2018051515,45,주,화,2,2,0,0,0,강원,홍천군,차량단독,도로이탈,도로이탈 추락,운전자법규위반,안전운전 의무 불이행,단일로,기타단일로,화물차,화물차,없음,없음,1042637.8,1963669.4,127.9834891,37.67155583
2018,2018090115,5,주,토,1,1,0,0,0,강원,평창군,차대사람,기타,기타,운전자법규위반,안전운전 의무 불이행,단일로,기타단일로,승용차,승용차,보행자,보행자,1071566.7,1937076.7,128.3089083,37.4300834
2018,2018093010,23,주,일,1,1,0,0,0,강원,평창군,차대차,정면충돌,정면충돌,운전자법규위반,안전운전 의무 불이행,단일로,기타단일로,자전거,자전거,화물차,화물차,1108150.4,1958048.9,128.7254246,37.61552351
2018,2018122211,15,주,토,2,8,4,2,0,강원,평창군,차대차,정면충돌,정면충돌,운전자법규위반,중앙선 침범,단일로,기타단일로,승용차,승용차,승용차,승용차,1081260.1,1935501.2,128.4182858,37.41508353