발생년,발생년월일시,발생분,주야,요일,사망자수,사상자수,중상자수,경상자수,부상신고자수,발생지시도,발생지시군구,사고유형_대분류,사고유형_중분류,사고유형,법규위반_대분류,법규위반,도로형태_대분류,도로형태,가해자_당사자종별_대분류,가해자_당사자종별,피해자_당사자종별_대분류,피해자_당사자종별,발생위치X_UTMK,발생위치Y_UTMK,경도,위도
2018,2018091212,15,주,수,1,1,0,0,0,강원,화천군,차량단독,공작물충돌,공작물충돌,운전자법규위반,안전운전 의무 불이행,단일로,터널안,이륜차,이륜차,없음,없음,1020014.0,2014163.0,127.7283524,38.12742638
2018,2018031305,0,야,화,2,2,0,0,0,강원,태백시,차량단독,도로이탈,도로이탈 추락,운전자법규위반,안전운전 의무 불이행,단일로,기타단일로,승용차,승용차,없음,없음,1135884.0,1900835.0,129.029078,37.09630811
2018,2018011917,49,주,금,1,1,0,0,0,강원,태백시,차량단독,전도,전도,운전자법규위반,안전운전 의무 불이행,단일로,기타단일로,사륜오토바이(ATV),사륜오토바이(ATV),없음,없음,1136247.0,1904495.0,129.0338267,37.12923571
2018,2018040820,26,야,일,1,1,0,0,0,강원,정선군,차량단독,공작물충돌,공작물충돌,운전자법규위반,안전운전 의무 불이행,단일로,기타단일로,화물차,화물차,없음,없음,1116673.0,1914274.0,128.8150526,37.22000816
2018,2018090818,24,야,토,1,1,0,0,0,강원,인제군,차량단독,기타,기타,운전자법규위반,안전운전 의무 불이행,단일로,교량위,이륜차,이륜차,없음,없음,1051148.0,1997398.0,128.0823697,37.97510677
2018,2018121119,52,야,화,1,1,0,0,0,강원,인제군,차대사람,횡단중,횡단중,운전자법규위반,안전운전 의무 불이행,교차로,교차로내,승용차,승용차,보행자,보행자,1065229.0,2015686.0,128.244352,38.13901622
2018,2018072814,27,주,토,1,1,0,0,0,강원,인제군,차량단독,도로이탈,도로이탈 추락,운전자법규위반,안전운전 의무 불이행,단일로,기타단일로,이륜차,이륜차,없음,없음,1056036.0,2001964.0,128.1383779,38.01596845
2018,2018082023,40,야,월,2,6,2,1,1,강원,고성군,차대차,정면충돌,정면충돌,운전자법규위반,중앙선 침범,단일로,기타단일로,승용차,승용차,승용차,승용차,1085093.0,2024012.0,128.471997,38.21238962
2018,2018021010,40,주,토,1,2,1,0,0,충북,단양군,차대차,추돌,추돌,운전자법규위반,안전운전 의무 불이행,단일로,기타단일로,승용차,승용차,특수차,특수차,1064853.8,1894665.0,128.2293466,37.04830766
2018,2018080720,35,야,화,1,7,4,2,0,강원,양양군,차대차,추돌,추돌,운전자법규위반,안전운전 의무 불이행,단일로,기타단일로,특수차,특수차,승용차,승용차,1095643.4,2008836.9,128.5904552,38.07458657
2018,2018010900,55,야,화,1,1,0,0,0,강원,홍천군,차량단독,공작물충돌,공작물충돌,운전자법규위반,안전운전 의무 불이행,단일로,기타단일로,화물차,화물차,없음,없음,1044338.8,1973200.3,128.0033576,37.75737709
2018,2018012913,38,주,월,1,1,0,0,0,충북,청주시,차대사람,기타,기타,운전자법규위반,안전운전 의무 불이행,교차로,교차로내,화물차,화물차,보행자,보행자,1003225.0,1858213.0,127.5361146,36.72194377
2018,2018092503,40,야,화,1,1,0,0,0,충북,청주시,차량단독,기타,기타,운전자법규위반,안전운전 의무 불이행,단일로,기타단일로,이륜차,이륜차,없음,없음,998545.0,1849420.0,127.4837231,36.64268001
2018,2018060821,14,야,금,1,1,0,0,0,충북,청주시,차대사람,기타,기타,운전자법규위반,안전운전 의무 불이행,교차로,교차로부근,승용차,승용차,보행자,보행자,999274.0,1851800.0,127.4918761,36.66413644
2018,2018112313,15,주,금,1,1,0,0,0,충북,청주시,차대차,기타,기타,운전자법규위반,신호위반,교차로,교차로내,승합차,승합차,이륜차,이륜차,998512.0,1852960.0,127.4833471,36.67459287
2018,2018070812,50,주,일,1,1,0,0,0,충북,충주시,차량단독,공작물충돌,공작물충돌,운전자법규위반,안전운전 의무 불이행,단일로,기타단일로,이륜차,이륜차,없음,없음,1029934.0,1887972.0,127.8363818,36.98973958
2018,2018072705,10,야,금,1,1,0,0,0,충북,충주시,차량단독,기타,기타,운전자법규위반,안전운전 의무 불이행,기타,기타,자전거,자전거,없음,없음,1039717.0,1886772.0,127.9462519,36.97856015
2018,2018062208,43,주,금,1,1,0,0,0,충북,충주시,차대차,측면충돌,측면충돌,운전자법규위반,안전운전 의무 불이행,교차로,교차로횡단보도내,승용차,승용차,자전거,자전거,1037385.0,1885475.0,127.9199865,36.96696429
2018,2018060517,55,주,화,1,1,0,0,0,충북,충주시,차대차,정면충돌,정면충돌,운전자법규위반,안전운전 의무 불이행,교차로,교차로내,원동기장치자전거,원동기장치자전거,화물차,화물차,1036764.0,1898428.0,127.9136429,37.08374913
2018,2018120419,28,야,화,1,9,0,7,1,충북,제천시,차대차,측면충돌,측면충돌,운전자법규위반,안전운전 의무 불이행,단일로,기타단일로,승용차,승용차,승합차,승합차,1062164.0,1903883.0,128.1998628,37.1315773
2018,2018031900,30,야,월,1,1,0,0,0,충북,제천시,차대차,추돌,추돌,운전자법규위반,안전운전 의무 불이행,교차로,교차로부근,화물차,화물차,화물차,화물차,1064056.5,1904440.1,128.2212153,37.13647103
2018,2018080206,40,주,목,1,2,1,0,0,충북,제천시,차대차,추돌,추돌,운전자법규위반,안전운전 의무 불이행,단일로,기타단일로,화물차,화물차,농기계,농기계,1067291.0,1899606.0,128.2571959,37.09267188
2018,2018081018,55,야,금,1,3,2,0,0,충북,제천시,차대차,정면충돌,정면충돌,운전자법규위반,과속,교차로,교차로부근,승용차,승용차,화물차,화물차,1065232.0,1901969.0,128.2342342,37.11411651
2018,2018070418,0,야,수,1,1,0,0,0,충북,제천시,차대차,측면충돌,측면충돌,운전자법규위반,안전운전 의무 불이행,교차로,교차로내,이륜차,이륜차,승용차,승용차,1059357.0,1889365.0,128.1671156,37.00089854
2018,2018072408,40,주,화,1,1,0,0,0,충북,영동군,차대차,측면충돌,측면충돌,운전자법규위반,안전운전 의무 불이행,단일로,기타단일로,화물차,화물차,이륜차,이륜차,1023598.0,1796288.0,127.7623707,36.16339087
2018,2018121212,40,주,수,1,1,0,0,0,충북,괴산군,차량단독,기타,기타,정비불량,정비불량 제차의 운전금지위반,단일로,기타단일로,화물차,화물차,없음,없음,1028509.0,1867633.0,127.8196032,36.80643911
2018,2018051410,40,주,월,1,1,0,0,0,충북,괴산군,차량단독,도로이탈,도로이탈 추락,운전자법규위반,안전운전 의무 불이행,교차로,교차로부근,원동기장치자전거,원동기장치자전거,없음,없음,1019035.0,1866694.0,127.7133713,36.79821233
2018,2018051719,0,야,목,1,1,0,0,0,충북,보은군,차량단독,도로이탈,도로이탈 추락,운전자법규위반,안전운전 의무 불이행,단일로,지하차도(도로)내,이륜차,이륜차,없음,없음,1021796.7,1833821.5,127.7433937,36.50181113
2018,2018013118,46,야,수,1,1,0,0,0,충북,음성군,차대차,추돌,추돌,운전자법규위반,안전운전 의무 불이행,단일로,기타단일로,화물차,화물차,승합차,승합차,1013908.0,1889485.0,127.6563193,37.00375208
2018,2018103113,40,주,수,1,1,0,0,0,충북,옥천군,차대차,측면충돌,측면충돌,운전자법규위반,교차로 통행방법 위반,교차로,교차로내,이륜차,이륜차,승용차,승용차,1002168.0,1809841.0,127.5241422,36.28586438
2018,2018112607,0,주,월,1,1,0,0,0,충북,옥천군,차대사람,길가장자리구역통행중,길가장자리구역통행중,운전자법규위반,안전운전 의무 불이행,단일로,기타단일로,승용차,승용차,보행자,보행자,1014323.0,1805195.0,127.6594113,36.24387439
2018,2018070121,15,야,일,1,1,0,0,0,충북,옥천군,차대사람,횡단중,횡단중,운전자법규위반,안전운전 의무 불이행,교차로,교차로부근,승용차,승용차,보행자,보행자,1009424.0,1808275.0,127.6049239,36.27170248
2018,2018101018,37,야,수,1,1,0,0,0,충북,옥천군,차대사람,횡단중,횡단중,운전자법규위반,안전운전 의무 불이행,단일로,기타단일로,승용차,승용차,보행자,보행자,1015071.0,1822132.0,127.6680638,36.39655722
2018,2018020908,40,주,금,1,2,1,0,0,충북,단양군,차대차,기타,기타,운전자법규위반,안전거리 미확보,단일로,기타단일로,화물차,화물차,승용차,승용차,1075078.0,1886093.0,128.3434633,36.97028196
2018,2018020623,10,야,화,1,1,0,0,0,충북,진천군,차량단독,공작물충돌,공작물충돌,운전자법규위반,안전운전 의무 불이행,단일로,기타단일로,승용차,승용차,없음,없음,994845.0,1875875.0,127.442153,36.88115336
2018,2018090801,30,야,토,1,1,0,0,0,충북,진천군,차대사람,기타,기타,운전자법규위반,안전운전 의무 불이행,단일로,기타단일로,화물차,화물차,보행자,보행자,994133.0,1867688.0,127.4342265,36.80734617
2018,2018012310,45,주,화,1,3,0,2,0,충북,청주시,차대차,기타,기타,운전자법규위반,안전운전 의무 불이행,교차로,교차로부근,화물차,화물차,화물차,화물차,996998.0,1843154.0,127.4664416,36.58618831
2018,2018101915,45,주,금,1,1,0,0,0,충북,청주시,차대차,측면충돌,측면충돌,운전자법규위반,신호위반,교차로,교차로내,승용차,승용차,화물차,화물차,985051.0,1848713.0,127.3327819,36.63619018
2018,2018112813,30,주,수,1,1,0,0,0,충북,청주시,차대차,측면충돌,측면충돌,운전자법규위반,신호위반,단일로,기타단일로,자전거,자전거,승용차,승용차,998859.0,1846357.0,127.4872404,36.61506751
2018,2018040117,55,주,일,1,1,0,0,0,충북,청주시,차량단독,전도,전도,운전자법규위반,안전운전 의무 불이행,단일로,기타단일로,화물차,화물차,없음,없음,1019274.0,1847851.0,127.7155752,36.62834159
2018,2018122006,34,주,목,1,2,0,1,0,충북,청주시,차대사람,횡단중,횡단중,운전자법규위반,안전운전 의무 불이행,교차로,교차로횡단보도내,승용차,승용차,보행자,보행자,1000227.0,1845104.0,127.5025381,36.60377234
2018,2018061008,24,주,일,1,1,0,0,0,충북,청주시,차대사람,횡단중,횡단중,운전자법규위반,안전운전 의무 불이행,교차로,교차로내,건설기계,건설기계,보행자,보행자,997940.0,1846656.0,127.4769625,36.61776146
2018,2018050807,20,주,화,1,1,0,0,0,충북,청주시,차대사람,기타,기타,운전자법규위반,보행자 보호의무 위반,교차로,교차로횡단보도내,화물차,화물차,보행자,보행자,1001043.0,1846051.0,127.5116633,36.61230903
2018,2018010807,25,주,월,1,1,0,0,0,충북,청주시,차대사람,횡단중,횡단중,운전자법규위반,안전운전 의무 불이행,교차로,교차로부근,승용차,승용차,보행자,보행자,999971.0,1847710.0,127.4996756,36.6272655
2018,2018081711,45,주,금,1,3,0,2,0,충북,진천군,차대차,추돌,추돌,운전자법규위반,안전운전 의무 불이행,단일로,기타단일로,승용차,승용차,승용차,승용차,997869.0,1877808.0,127.4760815,36.89859024
2018,2018083100,15,야,금,1,1,0,0,0,충북,청주시,차대차,추돌,추돌,운전자법규위반,안전운전 의무 불이행,단일로,기타단일로,화물차,화물차,화물차,화물차,998810.0,1838293.0,127.4867049,36.54236993
2018,2018102909,40,주,월,1,19,4,13,1,경기,이천시,차대차,추돌,추돌,운전자법규위반,안전거리 미확보,단일로,기타단일로,승합차,승합차,승용차,승용차,993385.0,1915782.0,127.4254182,37.24087909
2018,2018092318,42,야,일,1,4,1,0,2,충북,충주시,차대차,기타,기타,운전자법규위반,안전거리 미확보,단일로,기타단일로,불명,불명,승용차,승용차,1021618.0,1893793.0,127.7430992,37.04243998
2018,2018102023,59,야,토,1,3,2,0,0,충북,보은군,차대차,추돌,추돌,운전자법규위반,안전운전 의무 불이행,단일로,기타단일로,승용차,승용차,화물차,화물차,1009731.0,1832134.0,127.6086407,36.4867968
2018,2018080716,30,주,화,1,1,0,0,0,충남,서산시,차대사람,기타,기타,운전자법규위반,안전운전 의무 불이행,단일로,기타단일로,건설기계,건설기계,보행자,보행자,905614.0,1863247.0,126.4424933,36.76262996
2018,2018041916,50,주,목,1,1,0,0,0,충남,서산시,차대차,측면충돌,측면충돌,운전자법규위반,신호위반,교차로,교차로내,자전거,자전거,화물차,화물차,914571.0,1856452.0,126.5435948,36.70223232
2018,2018091719,10,야,월,1,1,0,0,0,충남,서산시,차대사람,횡단중,횡단중,운전자법규위반,안전운전 의무 불이행,단일로,기타단일로,화물차,화물차,보행자,보행자,910641.0,1870398.0,126.4979689,36.82757174
2018,2018090116,35,주,토,1,1,0,0,0,충남,천안시,차대차,측면충돌,측면충돌,운전자법규위반,안전운전 의무 불이행,교차로,교차로내,화물차,화물차,이륜차,이륜차,975102.0,1878289.0,127.2205283,36.90259998
2018,2018091004,35,야,월,1,1,0,0,0,충남,천안시,차대사람,횡단중,횡단중,운전자법규위반,안전운전 의무 불이행,단일로,기타단일로,승용차,승용차,보행자,보행자,967633.0,1869633.0,127.1370619,36.82434407
2018,2018021318,40,야,화,1,1,0,0,0,충남,논산시,차대차,추돌,추돌,운전자법규위반,안전운전 의무 불이행,단일로,교량위,승용차,승용차,자전거,자전거,955644.0,1795340.0,127.0068941,36.15411619
2018,2018050500,15,야,토,1,1,0,0,0,충남,논산시,차량단독,공작물충돌,공작물충돌,운전자법규위반,안전운전 의무 불이행,교차로,교차로부근,승용차,승용차,없음,없음,974540.0,1801510.0,127.2167577,36.21042294
2018,2018071712,0,주,화,1,1,0,0,0,충남,논산시,차량단독,전도,전도,운전자법규위반,안전운전 의무 불이행,단일로,기타단일로,원동기장치자전거,원동기장치자전거,없음,없음,958616.0,1804972.0,127.0394245,36.24108357
2018,2018090410,0,주,화,1,1,0,0,0,충남,논산시,차량단독,공작물충돌,공작물충돌,운전자법규위반,안전운전 의무 불이행,단일로,기타단일로,이륜차,이륜차,없음,없음,959820.0,1797406.0,127.0532117,36.17292422
2018,2018090617,30,주,목,1,2,0,1,0,충남,논산시,차량단독,공작물충돌,공작물충돌,운전자법규위반,안전운전 의무 불이행,단일로,기타단일로,화물차,화물차,없음,없음,963325.0,1787131.0,127.0926641,36.0804288
2018,2018043012,15,주,월,1,2,1,0,0,충남,논산시,차대사람,기타,기타,운전자법규위반,안전운전 의무 불이행,단일로,기타단일로,승용차,승용차,보행자,보행자,962742.0,1800978.0,127.0855329,36.20524415
2018,2018040113,13,주,일,1,2,1,0,0,충남,논산시,차량단독,공작물충돌,공작물충돌,운전자법규위반,안전운전 의무 불이행,단일로,기타단일로,화물차,화물차,없음,없음,966732.0,1792078.0,127.1302947,36.12515161
2018,2018090106,40,주,토,1,1,0,0,0,충남,홍성군,차대차,측면충돌,측면충돌,운전자법규위반,교차로 통행방법 위반,교차로,교차로내,승용차,승용차,이륜차,이륜차,925092.0,1846655.0,126.6623259,36.61481027
2018,2018060812,46,주,금,1,1,0,0,0,충남,아산시,차대차,측면충돌,측면충돌,운전자법규위반,안전운전 의무 불이행,교차로,교차로내,화물차,화물차,이륜차,이륜차,952956.0,1878190.0,126.9719604,36.90086285
2018,2018091023,10,야,월,1,1,0,0,0,충남,아산시,차대사람,횡단중,횡단중,운전자법규위반,안전운전 의무 불이행,기타,기타,승용차,승용차,보행자,보행자,953346.0,1865589.0,126.9771117,36.78729316
2018,2018092902,24,야,토,1,1,0,0,0,충남,아산시,차대차,기타,기타,운전자법규위반,안전운전 의무 불이행,단일로,기타단일로,화물차,화물차,이륜차,이륜차,955268.0,1865526.0,126.9986561,36.78681799
2018,2018020108,0,주,목,1,1,0,0,0,충남,아산시,차량단독,기타,기타,운전자법규위반,안전운전 의무 불이행,단일로,기타단일로,이륜차,이륜차,없음,없음,958208.0,1866212.0,127.0315681,36.79313621
2018,2018031820,35,야,일,1,1,0,0,0,충남,보령시,차량단독,공작물충돌,공작물충돌,운전자법규위반,안전운전 의무 불이행,단일로,기타단일로,승용차,승용차,없음,없음,919362.0,1812632.0,126.6018003,36.30765479
2018,2018062908,12,주,금,1,1,0,0,0,충남,보령시,차대사람,횡단중,횡단중,운전자법규위반,신호위반,교차로,교차로부근,승합차,승합차,보행자,보행자,919578.0,1817919.0,126.6036602,36.35533165
2018,2018031602,15,야,금,1,1,0,0,0,충남,보령시,차대사람,길가장자리구역통행중,길가장자리구역통행중,운전자법규위반,안전운전 의무 불이행,단일로,기타단일로,승용차,승용차,보행자,보행자,909932.0,1834964.0,126.4941849,36.50811885
2018,2018120618,20,야,목,1,1,0,0,0,충남,공주시,차대사람,횡단중,횡단중,운전자법규위반,보행자 보호의무 위반,단일로,기타단일로,승용차,승용차,보행자,보행자,966802.0,1830648.0,127.1294315,36.47287431
2018,2018090714,30,주,금,1,2,0,1,0,충남,공주시,차대차,추돌,추돌,운전자법규위반,안전운전 의무 불이행,교차로,교차로부근,승합차,승합차,이륜차,이륜차,960277.0,1830386.0,127.0566123,36.47026401
2018,2018052311,24,주,수,1,1,0,0,0,충남,공주시,차량단독,기타,기타,운전자법규위반,안전운전 의무 불이행,단일로,기타단일로,승용차,승용차,없음,없음,967583.0,1816950.0,127.1387214,36.34941163
2018,2018060400,30,야,월,1,1,0,0,0,충남,공주시,차대차,측면충돌,측면충돌,운전자법규위반,직진 및 우회전차의 통행방해,교차로,교차로내,승용차,승용차,이륜차,이륜차,967814.0,1829718.0,127.1407663,36.46452485
2018,2018010616,27,주,토,1,1,0,0,0,충남,공주시,차대차,측면충돌,측면충돌,운전자법규위반,안전운전 의무 불이행,교차로,교차로부근,화물차,화물차,이륜차,이륜차,958472.0,1822892.0,127.036867,36.40262913
2018,2018012512,0,주,목,1,1,0,0,0,충남,공주시,차대사람,횡단중,횡단중,운전자법규위반,보행자 보호의무 위반,단일로,기타단일로,승용차,승용차,보행자,보행자,967184.0,1828574.0,127.1337834,36.45419024
2018,2018011323,40,야,토,1,1,0,0,0,세종,세종,차대사람,기타,기타,운전자법규위반,안전운전 의무 불이행,단일로,기타단일로,화물차,화물차,보행자,보행자,979979.0,1844464.0,127.2761581,36.59779255
2018,2018090604,43,야,목,1,2,1,0,0,충남,예산군,차량단독,공작물충돌,공작물충돌,운전자법규위반,안전운전 의무 불이행,교차로,교차로내,승용차,승용차,없음,없음,926034.0,1853289.0,126.6722193,36.67468291
2018,2018041413,7,주,토,3,5,0,2,0,충남,예산군,차대차,측면충돌,측면충돌,운전자법규위반,중앙선 침범,교차로,교차로부근,승용차,승용차,승용차,승용차,934714.0,1837931.0,126.7706574,36.53687697
2018,2018110419,20,야,일,1,2,0,1,0,충남,부여군,차대차,정면충돌,정면충돌,운전자법규위반,중앙선 침범,기타,기타,이륜차,이륜차,승용차,승용차,946013.0,1808919.0,126.8988953,36.27604383
2018,2018032312,33,주,금,1,3,0,2,0,충남,부여군,차대차,측면충돌,측면충돌,운전자법규위반,교차로 통행방법 위반,교차로,교차로내,이륜차,이륜차,승합차,승합차,945211.0,1808901.0,126.8899674,36.27583635
2018,2018090219,15,야,일,1,1,0,0,0,충남,당진시,차대사람,횡단중,횡단중,운전자법규위반,안전운전 의무 불이행,단일로,기타단일로,화물차,화물차,보행자,보행자,912003.0,1884931.0,126.5115519,36.95868902
2018,2018042821,8,야,토,1,1,0,0,0,충남,당진시,차대사람,기타,기타,운전자법규위반,안전운전 의무 불이행,단일로,기타단일로,승용차,승용차,보행자,보행자,931643.0,1874312.0,126.7331014,36.86460342
2018,2018082620,30,야,일,1,1,0,0,0,충남,당진시,차대사람,길가장자리구역통행중,길가장자리구역통행중,운전자법규위반,안전운전 의무 불이행,교차로,교차로부근,승용차,승용차,보행자,보행자,914427.0,1875725.0,126.5398175,36.87593623
2018,2018100608,17,주,토,1,1,0,0,0,충남,금산군,차대사람,기타,기타,운전자법규위반,안전운전 의무 불이행,교차로,교차로내,화물차,화물차,보행자,보행자,998766.0,1789677.0,127.4862903,36.10407446
2018,2018070814,10,주,일,1,3,2,0,0,충남,금산군,차량단독,공작물충돌,공작물충돌,운전자법규위반,안전운전 의무 불이행,단일로,기타단일로,승용차,승용차,없음,없음,989081.0,1801028.0,127.3785324,36.20635094
2018,2018031013,43,주,토,1,2,0,1,0,충남,청양군,차량단독,도로이탈,도로이탈 추락,운전자법규위반,안전운전 의무 불이행,교차로,교차로부근,사륜오토바이(ATV),사륜오토바이(ATV),없음,없음,932199.0,1819275.0,126.7441967,36.36852784
2018,2018112805,45,야,수,1,1,0,0,0,충남,청양군,차대사람,횡단중,횡단중,운전자법규위반,안전운전 의무 불이행,단일로,기타단일로,승용차,승용차,보행자,보행자,938388.0,1828516.0,126.8124494,36.45224896
2018,2018111403,55,야,수,1,1,0,0,0,충남,천안시,차대차,측면충돌,측면충돌,운전자법규위반,안전운전 의무 불이행,교차로,교차로내,승합차,승합차,이륜차,이륜차,979060.0,1860021.0,127.2654582,36.73801697
2018,2018010207,50,주,화,1,1,0,0,0,충남,천안시,차대차,측면충돌,측면충돌,운전자법규위반,중앙선 침범,단일로,기타단일로,화물차,화물차,특수차,특수차,988921.0,1868083.0,127.3757904,36.81086031
2018,2018071118,20,야,수,1,2,1,0,0,충남,천안시,차대차,측면충돌,측면충돌,운전자법규위반,안전운전 의무 불이행,교차로,교차로부근,이륜차,이륜차,화물차,화물차,982353.0,1861611.0,127.302305,36.75241741
2018,2018101916,4,주,금,1,1,0,0,0,충남,태안군,차대사람,횡단중,횡단중,운전자법규위반,안전운전 의무 불이행,기타,기타,승용차,승용차,보행자,보행자,888222.0,1861666.0,126.2479028,36.74648967
2018,2018051715,21,주,목,1,1,0,0,0,충북,영동군,차대차,추돌,추돌,운전자법규위반,안전운전 의무 불이행,기타,기타,화물차,화물차,건설기계,건설기계,1032571.0,1804028.7,127.8624556,36.23291673
2018,2018041605,55,야,월,1,1,0,0,0,충남,당진시,차량단독,기타,기타,운전자법규위반,안전운전 의무 불이행,기타,기타,특수차,특수차,없음,없음,921337.0,1873025.0,126.6176232,36.85220073
2018,2018020707,32,주,수,1,1,0,0,0,충북,청주시,차대차,기타,기타,운전자법규위반,안전운전 의무 불이행,단일로,기타단일로,승용차,승용차,화물차,화물차,988052.9,1854081.9,127.3662771,36.68463279
2018,2018103011,20,주,화,1,1,0,0,0,전북,전주시,차대차,측면충돌,측면충돌,운전자법규위반,중앙선 침범,교차로,교차로내,화물차,화물차,이륜차,이륜차,968349.7,1756787.3,127.1496801,35.80703095
2018,2018092200,58,야,토,1,1,0,0,0,전북,전주시,차대사람,차도통행중,차도통행중,운전자법규위반,안전운전 의무 불이행,단일로,기타단일로,승용차,승용차,보행자,보행자,966277.0,1756178.0,127.1267647,35.80146844
2018,2018022420,3,야,토,1,1,0,0,0,전북,전주시,차대차,기타,기타,운전자법규위반,안전운전 의무 불이행,단일로,기타단일로,이륜차,이륜차,특수차,특수차,966319.0,1759391.0,127.1270941,35.83043838
2018,2018042517,40,주,수,1,1,0,0,0,전북,전주시,차대사람,횡단중,횡단중,운전자법규위반,보행자 보호의무 위반,교차로,교차로횡단보도내,승합차,승합차,보행자,보행자,967133.7,1755650.5,127.1362679,35.79674152
2018,2018080315,30,주,금,1,1,0,0,0,전북,전주시,차대사람,횡단중,횡단중,운전자법규위반,안전운전 의무 불이행,단일로,기타단일로,승용차,승용차,보행자,보행자,964463.0,1756458.0,127.1066759,35.80392892
2018,2018120316,45,주,월,1,1,0,0,0,전북,전주시,차대차,측면충돌,측면충돌,운전자법규위반,안전운전 의무 불이행,교차로,교차로내,원동기장치자전거,원동기장치자전거,승용차,승용차,960125.0,1759674.0,127.0585035,35.83275756
2018,2018111506,5,주,목,1,1,0,0,0,전북,전주시,차대사람,횡단중,횡단중,운전자법규위반,안전운전 의무 불이행,단일로,기타단일로,화물차,화물차,보행자,보행자,965796.0,1762560.0,127.1211678,35.85899192
2018,2018100105,10,야,월,1,1,0,0,0,전북,전주시,차대사람,횡단중,횡단중,운전자법규위반,과속,교차로,교차로내,승용차,승용차,보행자,보행자,966300.8,1766441.0,127.1265945,35.89400027
2018,2018092106,0,주,금,1,1,0,0,0,전북,전주시,차대사람,횡단중,횡단중,운전자법규위반,과속,교차로,교차로부근,승합차,승합차,보행자,보행자,967302.0,1760265.0,127.1379415,35.83835165
2018,2018071914,25,주,목,1,1,0,0,0,전북,전주시,차대차,추돌,추돌,운전자법규위반,안전운전 의무 불이행,단일로,기타단일로,승용차,승용차,농기계,농기계,966477.8,1766072.7,127.1285713,35.89068579
2018,2018102905,15,야,월,1,1,0,0,0,전북,군산시,차량단독,공작물충돌,공작물충돌,운전자법규위반,안전운전 의무 불이행,단일로,기타단일로,승용차,승용차,없음,없음,926516.0,1772768.0,126.6852016,35.94885965
2018,2018051521,40,야,화,1,2,1,0,0,전북,군산시,차대차,정면충돌,정면충돌,운전자법규위반,중앙선 침범,단일로,기타단일로,원동기장치자전거,원동기장치자전거,승용차,승용차,940195.0,1771708.0,126.8369455,35.94023709
2018,2018020300,40,야,토,1,1,0,0,0,전북,군산시,차량단독,공작물충돌,공작물충돌,운전자법규위반,안전운전 의무 불이행,기타,기타,승용차,승용차,없음,없음,926805.1,1774749.5,126.6882241,35.96674478
2018,2018122118,15,야,금,1,1,0,0,0,전북,익산시,차대사람,길가장자리구역통행중,길가장자리구역통행중,운전자법규위반,안전운전 의무 불이행,단일로,기타단일로,승합차,승합차,보행자,보행자,955638.0,1780997.0,127.0076345,36.02480696
2018,2018062321,5,야,토,1,1,0,0,0,전북,익산시,차대차,기타,기타,운전자법규위반,교차로 통행방법 위반,교차로,교차로내,승용차,승용차,이륜차,이륜차,952166.1,1773202.8,126.9695726,35.9543734
2018,2018053009,30,주,수,1,1,0,0,0,전북,익산시,차대차,측면충돌,측면충돌,운전자법규위반,중앙선 침범,단일로,기타단일로,자전거,자전거,승용차,승용차,953008.2,1776696.0,126.9787032,35.98590765
2018,2018110717,56,주,수,1,1,0,0,0,전북,익산시,차대사람,횡단중,횡단중,운전자법규위반,안전운전 의무 불이행,교차로,교차로내,화물차,화물차,보행자,보행자,952047.2,1782844.1,126.9676703,36.04128926
2018,2018021519,20,야,목,1,1,0,0,0,전북,익산시,차대사람,횡단중,횡단중,운전자법규위반,안전운전 의무 불이행,단일로,기타단일로,이륜차,이륜차,보행자,보행자,951812.3,1772301.2,126.9657042,35.94622751
2018,2018082108,45,주,화,1,1,0,0,0,전북,정읍시,차대차,측면충돌,측면충돌,운전자법규위반,안전운전 의무 불이행,교차로,교차로내,승용차,승용차,화물차,화물차,932862.7,1735907.9,126.758661,35.61700412
2018,2018092707,5,주,목,1,1,0,0,0,전북,정읍시,차량단독,공작물충돌,공작물충돌,운전자법규위반,안전운전 의무 불이행,단일로,기타단일로,화물차,화물차,없음,없음,944757.1,1742138.0,126.889566,35.67391099
2018,2018020709,45,주,수,1,7,0,6,0,전북,김제시,차대차,추돌,추돌,운전자법규위반,안전운전 의무 불이행,단일로,기타단일로,승용차,승용차,승용차,승용차,960585.0,1755053.0,127.0638244,35.79111338
2018,2018051212,30,주,토,2,5,3,0,0,전북,김제시,차대차,정면충돌,정면충돌,운전자법규위반,중앙선 침범,단일로,기타단일로,승용차,승용차,화물차,화물차,946729.0,1754586.4,126.9105281,35.78625267
2018,2018090812,7,주,토,1,1,0,0,0,전북,김제시,차대사람,기타,기타,운전자법규위반,기타(운전자법규위반),단일로,기타단일로,승용차,승용차,보행자,보행자,942024.3,1758139.3,126.8582133,35.818018