발생년,발생년월일시,발생분,주야,요일,사망자수,사상자수,중상자수,경상자수,부상신고자수,발생지시도,발생지시군구,사고유형_대분류,사고유형_중분류,사고유형,법규위반_대분류,법규위반,도로형태_대분류,도로형태,가해자_당사자종별_대분류,가해자_당사자종별,피해자_당사자종별_대분류,피해자_당사자종별,발생위치X_UTMK,발생위치Y_UTMK,경도,위도
2018,2018072612,0,주,목,1,3,0,2,0,전북,남원시,차대차,측면충돌,측면충돌,운전자법규위반,중앙선 침범,단일로,기타단일로,화물차,화물차,승용차,승용차,1008666.3,1721002.8,127.5955384,35.48485346
2018,2018051417,15,주,월,1,1,0,0,0,전북,남원시,차대차,기타,기타,운전자법규위반,안전운전 의무 불이행,단일로,기타단일로,화물차,화물차,이륜차,이륜차,975719.0,1704491.0,127.2328162,35.33571195
2018,2018040907,10,주,월,1,1,0,0,0,전북,남원시,차대차,측면충돌,측면충돌,운전자법규위반,안전운전 의무 불이행,교차로,교차로내,이륜차,이륜차,농기계,농기계,985146.9,1705174.1,127.3365462,35.34205616
2018,2018020915,40,주,금,1,1,0,0,0,전북,남원시,차대차,기타,기타,운전자법규위반,안전운전 의무 불이행,단일로,기타단일로,사륜오토바이(ATV),사륜오토바이(ATV),화물차,화물차,997554.8,1721637.4,127.4730419,35.49061027
2018,2018052008,40,주,일,1,1,0,0,0,전북,임실군,차량단독,공작물충돌,공작물충돌,운전자법규위반,안전운전 의무 불이행,교차로,교차로내,농기계,농기계,없음,없음,969964.2,1746805.0,127.1679241,35.71707978
2018,2018031512,0,주,목,1,1,0,0,0,전북,무주군,차량단독,기타,기타,운전자법규위반,안전운전 의무 불이행,단일로,교량위,원동기장치자전거,원동기장치자전거,없음,없음,1015916.0,1779083.0,127.6766127,36.00843121
2018,2018091905,35,야,수,1,1,0,0,0,전북,완주군,차대사람,횡단중,횡단중,운전자법규위반,보행자 보호의무 위반,교차로,교차로횡단보도내,화물차,화물차,보행자,보행자,957202.0,1758391.7,127.0262097,35.82107323
2018,2018072412,45,주,화,1,2,1,0,0,전북,완주군,차량단독,공작물충돌,공작물충돌,운전자법규위반,안전운전 의무 불이행,교차로,교차로내,화물차,화물차,없음,없음,958874.0,1767422.0,127.044253,35.90256074
2018,2018121816,20,주,화,1,2,0,1,0,전북,완주군,차대차,측면충돌,측면충돌,운전자법규위반,교차로 통행방법 위반,교차로,교차로내,이륜차,이륜차,승용차,승용차,973739.8,1775141.3,127.208734,35.97266954
2018,2018102605,50,야,금,1,1,0,0,0,전북,완주군,차량단독,공작물충돌,공작물충돌,운전자법규위반,안전운전 의무 불이행,단일로,기타단일로,화물차,화물차,없음,없음,964104.3,1738141.1,127.1035249,35.63876802
2018,2018062921,20,야,금,1,1,0,0,0,전북,남원시,차대차,기타,기타,운전자법규위반,과속,단일로,기타단일로,승용차,승용차,승용차,승용차,983934.0,1709170.0,127.3231201,35.37806785
2018,2018022511,20,주,일,1,1,0,0,0,충남,보령시,차량단독,전도,전도,운전자법규위반,안전운전 의무 불이행,단일로,기타단일로,화물차,화물차,없음,없음,917581.0,1826912.0,126.5804508,36.43622718
2018,2018111416,37,주,수,1,2,1,0,0,전남,신안군,차대차,정면충돌,정면충돌,운전자법규위반,중앙선 침범,단일로,기타단일로,승용차,승용차,화물차,화물차,892747.0,1655970.0,126.3262032,34.89281271
2018,2018051102,58,야,금,1,5,1,3,0,전남,목포시,차대차,기타,기타,운전자법규위반,신호위반,교차로,교차로내,원동기장치자전거,원동기장치자전거,승용차,승용차,902395.0,1646655.0,126.4328607,34.80980151
2018,2018071708,0,주,화,1,1,0,0,0,전남,신안군,차대차,측면충돌,측면충돌,운전자법규위반,교차로 통행방법 위반,단일로,기타단일로,사륜오토바이(ATV),사륜오토바이(ATV),화물차,화물차,874792.0,1643650.0,126.1315859,34.77969059
2018,2018111208,30,주,월,1,1,0,0,0,전남,신안군,차량단독,공작물충돌,공작물충돌,운전자법규위반,안전운전 의무 불이행,교차로,교차로부근,이륜차,이륜차,없음,없음,875842.0,1668342.0,126.1393931,35.0024189
2018,2018070819,30,야,일,1,1,0,0,0,전남,신안군,차량단독,기타,기타,운전자법규위반,기타(운전자법규위반),교차로,교차로부근,승합차,승합차,없음,없음,893389.0,1652338.0,126.3336908,34.86013514
2018,2018050408,2,주,금,1,1,0,0,0,전남,목포시,차대사람,차도통행중,차도통행중,운전자법규위반,안전운전 의무 불이행,단일로,기타단일로,승합차,승합차,보행자,보행자,901631.0,1648302.0,126.424316,34.82457753
2018,2018110304,58,야,토,1,1,0,0,0,전남,여수시,차대사람,횡단중,횡단중,운전자법규위반,안전운전 의무 불이행,단일로,기타단일로,화물차,화물차,보행자,보행자,1020822.0,1639738.3,127.7274974,34.75189527
2018,2018052819,50,야,월,1,1,0,0,0,전남,여수시,차대사람,횡단중,횡단중,운전자법규위반,안전운전 의무 불이행,교차로,교차로횡단보도내,화물차,화물차,보행자,보행자,1013448.0,1640717.0,127.6469464,34.76084482
2018,2018032323,50,야,금,2,2,0,0,0,전남,여수시,차대차,측면충돌,측면충돌,운전자법규위반,신호위반,교차로,교차로내,이륜차,이륜차,승용차,승용차,1019783.0,1640410.0,127.7161613,34.75797317
2018,2018011208,50,주,금,1,2,0,1,0,전남,여수시,차량단독,공작물충돌,공작물충돌,운전자법규위반,안전운전 의무 불이행,단일로,교량위,건설기계,건설기계,없음,없음,1013846.3,1644910.6,127.6513676,34.79865628
2018,2018022416,44,주,토,1,1,0,0,0,전남,여수시,차량단독,공작물충돌,공작물충돌,운전자법규위반,안전운전 의무 불이행,단일로,기타단일로,승용차,승용차,없음,없음,1010509.8,1640794.9,127.6148417,34.76158182
2018,2018032714,30,주,화,1,1,0,0,0,전남,순천시,차대사람,차도통행중,차도통행중,운전자법규위반,안전운전 의무 불이행,단일로,기타단일로,승용차,승용차,보행자,보행자,998651.5,1663745.1,127.4852278,34.96859177
2018,2018060823,10,야,금,1,1,0,0,0,전남,순천시,차대사람,횡단중,횡단중,운전자법규위반,안전운전 의무 불이행,교차로,교차로내,승용차,승용차,보행자,보행자,999943.0,1661234.0,127.4993758,34.94594881
2018,2018032616,10,주,월,1,1,0,0,0,전남,순천시,차량단독,기타,기타,운전자법규위반,안전운전 의무 불이행,단일로,기타단일로,원동기장치자전거,원동기장치자전거,없음,없음,995906.1,1685046.5,127.4550481,35.16066641
2018,2018100212,0,주,화,1,3,0,1,1,전남,순천시,차대차,측면충돌,측면충돌,운전자법규위반,신호위반,교차로,교차로부근,이륜차,이륜차,화물차,화물차,1001356.0,1665511.0,127.5148572,34.98451572
2018,2018112009,8,주,화,1,1,0,0,0,전남,순천시,차대차,기타,기타,운전자법규위반,안전운전 의무 불이행,단일로,기타단일로,자전거,자전거,승용차,승용차,1002078.0,1661287.0,127.5227574,34.94642461
2018,2018082011,10,주,월,1,4,2,1,0,전남,나주시,차대차,정면충돌,정면충돌,운전자법규위반,중앙선 침범,단일로,기타단일로,승용차,승용차,화물차,화물차,938921.4,1664990.3,126.8308421,34.97797743
2018,2018050817,0,주,화,1,1,0,0,0,전남,나주시,차량단독,도로이탈,도로이탈 추락,운전자법규위반,안전운전 의무 불이행,단일로,기타단일로,농기계,농기계,없음,없음,925205.6,1677834.7,126.6794316,35.0928675
2018,2018041210,44,주,목,1,1,0,0,0,전남,나주시,차량단독,전도,전도,운전자법규위반,안전운전 의무 불이행,단일로,기타단일로,이륜차,이륜차,없음,없음,928717.4,1667952.1,126.7188052,35.00401536
2018,2018031219,25,야,월,1,2,0,1,0,전남,나주시,차대차,측면충돌,측면충돌,운전자법규위반,중앙선 침범,단일로,기타단일로,농기계,농기계,승용차,승용차,918292.2,1673565.6,126.6040135,35.05383935
2018,2018013106,0,주,수,1,3,2,0,0,전남,장흥군,차대차,정면충돌,정면충돌,운전자법규위반,중앙선 침범,단일로,기타단일로,사륜오토바이(ATV),사륜오토바이(ATV),승용차,승용차,949186.0,1609933.0,126.9466117,34.48207039
2018,2018033112,20,주,토,1,6,1,4,0,전남,장흥군,차대차,정면충돌,정면충돌,운전자법규위반,과속,교차로,교차로내,승용차,승용차,승용차,승용차,947461.9,1631678.0,126.926491,34.67807192
2018,2018032908,0,주,목,1,1,0,0,0,전남,장흥군,차대사람,횡단중,횡단중,운전자법규위반,보행자 보호의무 위반,단일로,기타단일로,승용차,승용차,보행자,보행자,945577.1,1631515.2,126.9059278,34.67650535
2018,2018081700,56,야,금,1,1,0,0,0,전남,장흥군,차량단독,도로이탈,도로이탈 기타,운전자법규위반,안전운전 의무 불이행,단일로,기타단일로,이륜차,이륜차,없음,없음,955098.8,1626336.0,127.0101364,34.63026348
2018,2018100714,30,주,일,1,1,0,0,0,전남,고흥군,차량단독,기타,기타,운전자법규위반,안전운전 의무 불이행,단일로,기타단일로,이륜차,이륜차,없음,없음,967725.0,1609685.0,127.1485152,34.48058135
2018,2018052419,14,야,목,1,1,0,0,0,전남,해남군,차량단독,기타,기타,운전자법규위반,안전운전 의무 불이행,단일로,기타단일로,화물차,화물차,없음,없음,910059.0,1596673.0,126.5219366,34.35983314
2018,2018030900,6,야,금,1,1,0,0,0,전남,보성군,차대사람,기타,기타,운전자법규위반,안전운전 의무 불이행,단일로,기타단일로,승용차,승용차,보행자,보행자,991708.0,1649254.4,127.4093089,34.83788774
2018,2018112108,55,주,수,1,1,0,0,0,전남,보성군,차대사람,횡단중,횡단중,운전자법규위반,안전운전 의무 불이행,교차로,교차로내,화물차,화물차,보행자,보행자,961718.0,1641534.0,127.0816596,34.76758234
2018,2018112410,0,주,토,1,1,0,0,0,전남,보성군,차대차,측면충돌,측면충돌,운전자법규위반,안전운전 의무 불이행,교차로,교차로내,이륜차,이륜차,승용차,승용차,984421.0,1649220.0,127.3296106,34.837492
2018,2018092402,0,야,월,1,1,0,0,0,전남,영광군,차량단독,공작물충돌,공작물충돌,운전자법규위반,안전운전 의무 불이행,단일로,기타단일로,승용차,승용차,없음,없음,910036.6,1704898.3,126.5100749,35.33562656
2018,2018081322,30,야,월,1,1,0,0,0,전남,영광군,차량단독,전도,전도,운전자법규위반,안전운전 의무 불이행,단일로,기타단일로,이륜차,이륜차,없음,없음,908401.8,1689368.8,126.4938212,35.19546941
2018,2018013018,0,야,화,1,2,1,0,0,전남,함평군,차량단독,도로이탈,도로이탈 추락,운전자법규위반,안전운전 의무 불이행,단일로,기타단일로,화물차,화물차,없음,없음,918762.0,1681252.0,126.6084107,35.12317953
2018,2018061706,0,주,일,1,1,0,0,0,전남,영암군,차량단독,공작물충돌,공작물충돌,운전자법규위반,안전운전 의무 불이행,기타,기타,승용차,승용차,없음,없음,930496.2,1642273.3,126.7404316,34.77259837
2018,2018050117,20,주,화,8,19,7,4,0,전남,영암군,차대차,측면충돌,측면충돌,운전자법규위반,안전운전 의무 불이행,단일로,기타단일로,승합차,승합차,승용차,승용차,925926.2,1652275.5,126.6896101,34.86246448
2018,2018020717,27,주,수,1,1,0,0,0,전남,장성군,차량단독,공작물충돌,공작물충돌,운전자법규위반,안전운전 의무 불이행,교차로,교차로내,승용차,승용차,없음,없음,934188.6,1695637.7,126.7765559,35.25401447
2018,2018102406,10,주,수,1,1,0,0,0,전남,장성군,차대사람,횡단중,횡단중,운전자법규위반,안전운전 의무 불이행,교차로,교차로내,승용차,승용차,보행자,보행자,945735.0,1712188.0,126.9023777,35.4039318
2018,2018082102,34,야,화,1,1,0,0,0,전남,강진군,차량단독,도로이탈,도로이탈 기타,운전자법규위반,안전운전 의무 불이행,단일로,기타단일로,이륜차,이륜차,없음,없음,933041.8,1626533.2,126.7694975,34.63083794
2018,2018051117,8,주,금,2,4,2,0,0,전남,강진군,차대차,정면충돌,정면충돌,운전자법규위반,중앙선 침범,단일로,기타단일로,승용차,승용차,승합차,승합차,935045.0,1615150.0,126.7922213,34.52832029
2018,2018082315,20,주,목,2,3,1,0,0,전남,담양군,차대차,정면충돌,정면충돌,운전자법규위반,중앙선 침범,교차로,교차로부근,화물차,화물차,화물차,화물차,959827.0,1696172.0,127.0583548,35.26018883
2018,2018080516,0,주,일,1,1,0,0,0,전남,곡성군,차량단독,도로이탈,도로이탈 추락,운전자법규위반,안전운전 의무 불이행,교차로,교차로부근,이륜차,이륜차,없음,없음,981524.4,1695906.7,127.2968908,35.25843212
2018,2018011623,50,야,화,1,2,1,0,0,전남,무안군,차량단독,전복,전복,운전자법규위반,안전운전 의무 불이행,교차로,교차로부근,승용차,승용차,없음,없음,906351.6,1648996.7,126.4758516,34.83128654
2018,2018033013,0,주,금,1,1,0,0,0,전남,무안군,차량단독,전도,전도,운전자법규위반,안전운전 의무 불이행,교차로,교차로부근,농기계,농기계,없음,없음,897861.0,1675198.7,126.3798035,35.06670132
2018,2018091411,50,주,금,1,2,0,1,0,전남,무안군,차대차,측면충돌,측면충돌,운전자법규위반,중앙선 침범,교차로,교차로부근,화물차,화물차,승용차,승용차,902150.6,1669411.0,126.4275238,35.01494595
2018,2018061300,10,야,수,1,1,0,0,0,전남,진도군,차량단독,공작물충돌,공작물충돌,운전자법규위반,안전운전 의무 불이행,단일로,기타단일로,승용차,승용차,없음,없음,882137.4,1605733.3,126.2171161,34.4387192
2018,2018021201,52,야,월,1,1,0,0,0,전남,광양시,차대차,측면충돌,측면충돌,운전자법규위반,과속,교차로,교차로내,승용차,승용차,승용차,승용차,1009381.0,1663274.0,127.602759,34.96430106
2018,2018052813,50,주,월,1,1,0,0,0,전남,구례군,차량단독,도로이탈,도로이탈 추락,운전자법규위반,안전운전 의무 불이행,단일로,기타단일로,승용차,승용차,없음,없음,1003879.0,1681947.3,127.5425777,35.13272109
2018,2018121323,38,야,목,1,1,0,0,0,전남,담양군,차량단독,공작물충돌,공작물충돌,운전자법규위반,안전운전 의무 불이행,단일로,기타단일로,승용차,승용차,없음,없음,956748.0,1694441.0,127.0245977,35.24445255
2018,2018073000,1,야,월,1,1,0,0,0,전남,순천시,차량단독,공작물충돌,공작물충돌,운전자법규위반,안전운전 의무 불이행,단일로,기타단일로,승용차,승용차,없음,없음,995617.0,1654375.0,127.4520355,34.88408785
2018,2018042400,30,야,화,1,1,0,0,0,경북,경주시,차량단독,공작물충돌,공작물충돌,운전자법규위반,안전운전 의무 불이행,단일로,기타단일로,승용차,승용차,없음,없음,1146853.0,1763815.0,129.1264482,35.85989377
2018,2018110322,38,야,토,1,1,0,0,0,경북,경주시,차대사람,차도통행중,차도통행중,운전자법규위반,안전운전 의무 불이행,교차로,교차로내,승용차,승용차,보행자,보행자,1151612.0,1762097.0,129.1788093,35.84368569
2018,2018050922,45,야,수,2,2,0,0,0,경북,경주시,차량단독,공작물충돌,공작물충돌,운전자법규위반,과속,단일로,기타단일로,승용차,승용차,없음,없음,1160766.0,1755789.0,129.2788607,35.78538026
2018,2018011109,45,주,목,1,1,0,0,0,경북,경주시,차량단독,도로이탈,도로이탈 추락,운전자법규위반,안전운전 의무 불이행,교차로,교차로부근,승용차,승용차,없음,없음,1163647.0,1761028.0,129.3117969,35.8321169
2018,2018093011,0,주,일,1,4,1,2,0,경북,경주시,차대차,추돌,추돌,운전자법규위반,안전운전 의무 불이행,단일로,기타단일로,이륜차,이륜차,승용차,승용차,1153899.0,1756660.0,129.2030763,35.79432984
2018,2018092114,10,주,금,2,3,1,0,0,경북,경주시,차대차,측면충돌,측면충돌,운전자법규위반,안전운전 의무 불이행,교차로,교차로내,승용차,승용차,화물차,화물차,1159028.0,1758121.0,129.2601016,35.80667912
2018,2018040516,50,주,목,1,1,0,0,0,경북,경주시,차대사람,길가장자리구역통행중,길가장자리구역통행중,운전자법규위반,안전운전 의무 불이행,교차로,교차로부근,승합차,승합차,보행자,보행자,1153575.0,1751908.0,129.198581,35.75155407
2018,2018121412,40,주,금,2,2,0,0,0,경북,경주시,차량단독,공작물충돌,공작물충돌,운전자법규위반,안전운전 의무 불이행,교차로,교차로부근,화물차,화물차,없음,없음,1161215.0,1760263.0,129.2847287,35.8256257
2018,2018102422,45,야,수,1,1,0,0,0,경북,포항시,차량단독,공작물충돌,공작물충돌,운전자법규위반,안전운전 의무 불이행,단일로,기타단일로,승용차,승용차,없음,없음,1170823.0,1788353.0,129.3970874,36.07712073
2018,2018032518,45,야,일,2,3,1,0,0,경북,포항시,차량단독,공작물충돌,공작물충돌,운전자법규위반,안전운전 의무 불이행,단일로,교량위,승용차,승용차,없음,없음,1166143.0,1793298.0,129.3461804,36.12249193
2018,2018011101,40,야,목,1,2,0,1,0,경북,포항시,차대사람,횡단중,횡단중,운전자법규위반,안전운전 의무 불이행,교차로,교차로횡단보도내,승용차,승용차,보행자,보행자,1167343.0,1782160.0,129.3571467,36.0219203
2018,2018051509,20,주,화,1,1,0,0,0,경북,포항시,차대차,측면충돌,측면충돌,운전자법규위반,신호위반,교차로,교차로내,이륜차,이륜차,화물차,화물차,1165789.0,1791113.0,129.3417887,36.10286322
2018,2018092119,50,야,금,1,2,1,0,0,경북,포항시,차대사람,차도통행중,차도통행중,운전자법규위반,과속,단일로,기타단일로,승용차,승용차,보행자,보행자,1166853.0,1785090.0,129.3523297,36.0484071
2018,2018050504,22,야,토,1,1,0,0,0,경북,포항시,차대사람,횡단중,횡단중,운전자법규위반,안전운전 의무 불이행,단일로,기타단일로,승용차,승용차,보행자,보행자,1167541.0,1783423.0,129.3596106,36.03326733
2018,2018060219,30,야,토,1,1,0,0,0,경북,안동시,차량단독,도로이탈,도로이탈 추락,운전자법규위반,안전운전 의무 불이행,단일로,기타단일로,농기계,농기계,없음,없음,1117929.0,1837850.0,128.8173223,36.53110114
2018,2018081720,0,야,금,1,1,0,0,0,경북,안동시,차대차,추돌,추돌,운전자법규위반,안전운전 의무 불이행,단일로,기타단일로,승용차,승용차,농기계,농기계,1121931.0,1838286.0,128.8620841,36.53452853
2018,2018063009,10,주,토,1,1,0,0,0,경북,안동시,차대사람,차도통행중,차도통행중,운전자법규위반,안전운전 의무 불이행,단일로,기타단일로,승용차,승용차,보행자,보행자,1115158.0,1846801.0,128.7877149,36.61211255
2018,2018102715,30,주,토,1,1,0,0,0,경북,안동시,차량단독,도로이탈,도로이탈 추락,운전자법규위반,안전운전 의무 불이행,단일로,기타단일로,농기계,농기계,없음,없음,1095097.0,1835772.0,128.5620664,36.51491516
2018,2018082113,28,주,화,1,2,0,1,0,경북,안동시,차대차,정면충돌,정면충돌,운전자법규위반,중앙선 침범,단일로,기타단일로,화물차,화물차,화물차,화물차,1117325.0,1850432.0,128.8124958,36.6445731
2018,2018012115,15,주,일,1,1,0,0,0,경북,김천시,차대차,측면충돌,측면충돌,운전자법규위반,차로위반(진로변경 위반),단일로,기타단일로,화물차,화물차,이륜차,이륜차,1060210.0,1790610.0,128.1689835,36.11061923
2018,2018073115,50,주,화,1,2,0,1,0,경북,김천시,차대차,측면충돌,측면충돌,운전자법규위반,중앙선 침범,단일로,기타단일로,화물차,화물차,건설기계,건설기계,1060092.0,1794904.0,128.1680005,36.14933753
2018,2018110513,35,주,월,1,1,0,0,0,경북,김천시,차대사람,횡단중,횡단중,운전자법규위반,신호위반,단일로,기타단일로,화물차,화물차,보행자,보행자,1055775.0,1789742.0,128.1196482,36.103059
2018,2018110513,25,주,월,1,1,0,0,0,경북,상주시,차대사람,길가장자리구역통행중,길가장자리구역통행중,운전자법규위반,안전운전 의무 불이행,단일로,기타단일로,화물차,화물차,보행자,보행자,1071548.0,1818764.0,128.2975219,36.3636499
2018,2018072110,21,주,토,1,1,0,0,0,경북,상주시,차량단독,전도,전도,운전자법규위반,안전운전 의무 불이행,단일로,기타단일로,사륜오토바이(ATV),사륜오토바이(ATV),없음,없음,1036113.0,1827843.0,127.9029753,36.4474817
2018,2018110920,19,야,금,1,2,1,0,0,경북,상주시,차대차,측면충돌,측면충돌,운전자법규위반,안전운전 의무 불이행,단일로,기타단일로,화물차,화물차,화물차,화물차,1061587.0,1840848.0,128.1882551,36.5634177
2018,2018040500,35,야,목,1,1,0,0,0,경북,칠곡군,차량단독,기타,기타,운전자법규위반,안전운전 의무 불이행,단일로,기타단일로,승용차,승용차,없음,없음,1081288.0,1780556.0,128.4021196,36.01844872
2018,2018071904,30,야,목,1,1,0,0,0,경북,칠곡군,차량단독,도로이탈,도로이탈 추락,운전자법규위반,안전운전 의무 불이행,단일로,기타단일로,화물차,화물차,없음,없음,1074130.0,1784828.0,128.3230898,36.0575318
2018,2018091419,0,야,금,1,1,0,0,0,경북,칠곡군,차대사람,기타,기타,운전자법규위반,안전운전 의무 불이행,단일로,기타단일로,승용차,승용차,보행자,보행자,1089695.0,1774722.0,128.4947464,35.96511955
2018,2018013008,10,주,화,1,2,0,1,0,경북,칠곡군,차대차,추돌,추돌,운전자법규위반,안전운전 의무 불이행,단일로,기타단일로,승용차,승용차,건설기계,건설기계,1082809.0,1777066.0,128.4186324,35.98685899
2018,2018012014,50,주,토,1,1,0,0,0,경북,영천시,차량단독,공작물충돌,공작물충돌,운전자법규위반,안전운전 의무 불이행,단일로,기타단일로,승용차,승용차,없음,없음,1117357.0,1783202.0,128.8027209,36.03862023
2018,2018082411,44,주,금,1,1,0,0,0,경북,영천시,차대사람,길가장자리구역통행중,길가장자리구역통행중,운전자법규위반,안전운전 의무 불이행,교차로,교차로부근,화물차,화물차,보행자,보행자,1137107.0,1778975.0,129.0211587,35.99794147
2018,2018091705,20,야,월,1,2,0,1,0,경북,문경시,차대차,추돌,추돌,운전자법규위반,안전운전 의무 불이행,단일로,기타단일로,화물차,화물차,원동기장치자전거,원동기장치자전거,1054590.0,1857392.0,128.1112426,36.71297876
2018,2018021218,50,야,월,1,1,0,0,0,경북,문경시,차대사람,차도통행중,차도통행중,운전자법규위반,안전운전 의무 불이행,단일로,기타단일로,승용차,승용차,보행자,보행자,1072200.0,1851967.0,128.3078939,36.66290209
2018,2018091909,0,주,수,1,2,0,1,0,경북,문경시,차대차,측면충돌,측면충돌,운전자법규위반,안전운전 의무 불이행,교차로,교차로내,화물차,화물차,이륜차,이륜차,1049448.0,1848721.0,128.0531106,36.6350957
2018,2018122312,5,주,일,1,3,1,1,0,경북,경산시,차대차,추돌,추돌,운전자법규위반,안전운전 의무 불이행,단일로,기타단일로,화물차,화물차,화물차,화물차,1120735.0,1756612.0,128.8361715,35.79853535
2018,2018082920,45,야,수,1,1,0,0,0,경북,경산시,차대사람,차도통행중,차도통행중,운전자법규위반,안전운전 의무 불이행,단일로,기타단일로,승용차,승용차,보행자,보행자,1113053.0,1759140.0,128.7515313,35.82223763
2018,2018062016,40,주,수,1,1,0,0,0,경북,경산시,차대차,측면충돌,측면충돌,운전자법규위반,안전운전 의무 불이행,단일로,기타단일로,승용차,승용차,자전거,자전거,1110942.0,1759376.0,128.7281996,35.824606
2018,2018090920,23,야,일,1,1,0,0,0,경북,경산시,차대차,측면충돌,측면충돌,운전자법규위반,신호위반,교차로,교차로내,이륜차,이륜차,화물차,화물차,1111487.0,1758562.0,128.7341182,35.81720671
2018,2018102014,10,주,토,1,3,0,0,2,경북,영덕군,차대사람,기타,기타,운전자법규위반,안전운전 의무 불이행,단일로,기타단일로,이륜차,이륜차,보행자,보행자,1168046.0,1826398.0,129.3744343,36.4204189
2018,2018111409,45,주,수,1,1,0,0,0,경북,예천군,차량단독,기타,기타,운전자법규위반,안전운전 의무 불이행,교차로,교차로부근,사륜오토바이(ATV),사륜오토바이(ATV),없음,없음,1070818.0,1847456.0,128.2920147,36.62234333
2018,2018082516,26,주,토,1,1,0,0,0,경북,고령군,차대차,측면충돌,측면충돌,운전자법규위반,중앙선 침범,단일로,기타단일로,승합차,승합차,건설기계,건설기계,1075834.0,1750192.0,128.3387071,35.74515271
2018,2018042517,50,주,수,1,1,0,0,0,경북,청송군,차대차,추돌,추돌,운전자법규위반,안전운전 의무 불이행,단일로,기타단일로,화물차,화물차,이륜차,이륜차,1141346.0,1839154.0,129.0790577,36.53967688
2018,2018041817,0,주,수,1,1,0,0,0,경북,청송군,차대차,추돌,추돌,운전자법규위반,안전운전 의무 불이행,교차로,교차로부근,이륜차,이륜차,화물차,화물차,1141320.0,1815314.0,129.0744215,36.32483777
2018,2018061614,50,주,토,1,2,0,1,0,경북,청송군,차량단독,공작물충돌,공작물충돌,운전자법규위반,안전운전 의무 불이행,단일로,기타단일로,화물차,화물차,없음,없음,1140106.0,1819086.0,129.0615797,36.35900867
2018,2018062806,40,주,목,1,1,0,0,0,경북,구미시,차량단독,공작물충돌,공작물충돌,운전자법규위반,안전운전 의무 불이행,단일로,기타단일로,화물차,화물차,없음,없음,1080360.0,1790528.0,128.3928371,36.10842085
2018,2018042112,0,주,토,1,1,0,0,0,경북,구미시,차대차,측면충돌,측면충돌,운전자법규위반,안전운전 의무 불이행,단일로,기타단일로,승용차,승용차,자전거,자전거,1072712.0,1803619.0,128.3090844,36.22703654
2018,2018010521,29,야,금,1,1,0,0,0,경북,포항시,차대사람,길가장자리구역통행중,길가장자리구역통행중,운전자법규위반,안전운전 의무 불이행,교차로,교차로부근,화물차,화물차,보행자,보행자,1168669.0,1783399.0,129.3721197,36.03285628
2018,2018063022,15,야,토,1,1,0,0,0,경북,포항시,차대사람,기타,기타,운전자법규위반,안전운전 의무 불이행,단일로,기타단일로,승용차,승용차,보행자,보행자,1167375.0,1780572.0,129.3571658,36.00760506
2018,2018080405,13,야,토,1,1,0,0,0,경북,포항시,차대사람,횡단중,횡단중,운전자법규위반,신호위반,단일로,기타단일로,화물차,화물차,보행자,보행자,1168798.0,1781547.0,129.3731556,36.01614541
2018,2018122117,45,주,금,1,1,0,0,0,경북,포항시,차대사람,횡단중,횡단중,운전자법규위반,안전운전 의무 불이행,단일로,기타단일로,승용차,승용차,보행자,보행자,1166852.0,1778635.0,129.3509574,35.99024001
2018,2018091323,13,야,목,1,3,1,1,0,경북,상주시,차대차,기타,기타,운전자법규위반,안전운전 의무 불이행,단일로,기타단일로,화물차,화물차,화물차,화물차,1048238.0,1825744.0,128.0381395,36.42802606
2018,2018082121,48,야,화,1,5,0,4,0,대구,달성군,차대차,추돌,추돌,운전자법규위반,안전운전 의무 불이행,단일로,기타단일로,화물차,화물차,화물차,화물차,1085496.0,1738553.0,128.4443166,35.63943268
2018,2018121015,50,주,월,1,1,0,0,0,경북,구미시,차량단독,공작물충돌,공작물충돌,운전자법규위반,안전운전 의무 불이행,단일로,기타단일로,승용차,승용차,없음,없음,1077489.0,1791069.0,128.3609955,36.11353128
2018,2018100400,30,야,목,1,2,0,0,1,경북,군위군,차대차,기타,기타,운전자법규위반,안전운전 의무 불이행,단일로,기타단일로,화물차,화물차,특수차,특수차,1105983.0,1785158.0,128.6767515,36.05755674
2018,2018052221,26,야,화,1,3,0,2,0,대구,북구,차대차,기타,기타,운전자법규위반,안전운전 의무 불이행,단일로,기타단일로,승용차,승용차,화물차,화물차,1092060.0,1766799.0,128.5200534,35.89347647
2018,2018021011,36,주,토,1,1,0,0,0,경남,창원시(통합),차량단독,전도,전도,운전자법규위반,안전운전 의무 불이행,단일로,기타단일로,농기계,농기계,없음,없음,1099433.0,1681078.0,128.5912297,35.11997756
2018,2018071621,30,야,월,1,1,0,0,0,경남,진주시,차대차,측면충돌,측면충돌,운전자법규위반,안전운전 의무 불이행,단일로,기타단일로,승용차,승용차,자전거,자전거,1056800.0,1691561.0,128.1241086,35.21780834