발생년,발생년월일시,발생분,주야,요일,사망자수,사상자수,중상자수,경상자수,부상신고자수,발생지시도,발생지시군구,사고유형_대분류,사고유형_중분류,사고유형,법규위반_대분류,법규위반,도로형태_대분류,도로형태,가해자_당사자종별_대분류,가해자_당사자종별,피해자_당사자종별_대분류,피해자_당사자종별,발생위치X_UTMK,발생위치Y_UTMK,경도,위도
2018,2018111906,10,주,월,1,1,0,0,0,서울,동대문구,차대차,기타,기타,운전자법규위반,안전운전 의무 불이행,교차로,교차로내,화물차,화물차,자전거,자전거,961188.5,1955305.2,127.0603422,37.59633754
2018,2018100912,12,주,화,1,1,0,0,0,서울,동대문구,차대차,기타,기타,운전자법규위반,안전거리 미확보,교차로,교차로횡단보도내,자전거,자전거,화물차,화물차,958590.0,1952836.0,127.0310469,37.57396874
2018,2018121117,20,주,화,1,1,0,0,0,서울,동대문구,차대사람,기타,기타,운전자법규위반,보행자 보호의무 위반,교차로,교차로부근,이륜차,이륜차,보행자,보행자,959962.0,1952954.0,127.0465774,37.57509301
2018,2018071101,12,야,수,1,1,0,0,0,서울,광진구,차대사람,차도통행중,차도통행중,운전자법규위반,안전운전 의무 불이행,기타,기타,승용차,승용차,보행자,보행자,961461.0,1948201.0,127.0638025,37.53231667
2018,2018030308,10,주,토,1,1,0,0,0,서울,광진구,차량단독,공작물충돌,공작물충돌,운전자법규위반,안전운전 의무 불이행,단일로,교량위,승용차,승용차,없음,없음,965454.9,1949710.3,127.1089348,37.5460789
2018,2018102602,35,야,금,1,1,0,0,0,서울,마포구,차량단독,공작물충돌,공작물충돌,운전자법규위반,안전운전 의무 불이행,단일로,기타단일로,승용차,승용차,없음,없음,946642.0,1951330.0,126.8958559,37.55978005
2018,2018082703,20,야,월,1,1,0,0,0,서울,마포구,차량단독,공작물충돌,공작물충돌,운전자법규위반,안전운전 의무 불이행,단일로,기타단일로,승용차,승용차,없음,없음,946689.0,1951370.0,126.8963851,37.56014329
2018,2018051900,50,야,토,1,1,0,0,0,서울,영등포구,차대차,기타,기타,운전자법규위반,중앙선 침범,단일로,교량위,승용차,승용차,원동기장치자전거,원동기장치자전거,945392.0,1947321.0,126.8820019,37.52357336
2018,2018010721,51,야,일,1,1,0,0,0,서울,영등포구,차대사람,횡단중,횡단중,운전자법규위반,과속,단일로,기타단일로,승용차,승용차,보행자,보행자,948462.0,1946568.0,126.9167962,37.51696312
2018,2018082720,28,야,월,1,1,0,0,0,서울,관악구,차량단독,기타,기타,운전자법규위반,안전운전 의무 불이행,단일로,기타단일로,자전거,자전거,없음,없음,947812.0,1942891.0,126.9097021,37.48378509
2018,2018082604,0,야,일,1,1,0,0,0,서울,관악구,차대사람,횡단중,횡단중,운전자법규위반,신호위반,교차로,교차로내,이륜차,이륜차,보행자,보행자,947823.0,1942588.0,126.909848,37.48105471
2018,2018110122,35,야,목,1,1,0,0,0,서울,금천구,차대사람,횡단중,횡단중,운전자법규위반,신호위반,교차로,교차로횡단보도내,승용차,승용차,보행자,보행자,946765.0,1941301.0,126.897975,37.46939434
2018,2018041405,4,야,토,1,1,0,0,0,서울,동작구,차대사람,기타,기타,운전자법규위반,안전운전 의무 불이행,단일로,기타단일로,이륜차,이륜차,보행자,보행자,952659.0,1945575.0,126.9643514,37.50823792
2018,2018030304,50,야,토,1,2,0,1,0,서울,중랑구,차대사람,횡단중,횡단중,운전자법규위반,과속,교차로,교차로횡단보도내,승용차,승용차,보행자,보행자,962906.0,1952859.0,127.0799215,37.57436009
2018,2018112312,30,주,금,1,2,0,1,0,서울,중랑구,차대차,측면충돌,측면충돌,운전자법규위반,신호위반,교차로,교차로내,이륜차,이륜차,승용차,승용차,964432.0,1955676.0,127.0970658,37.59981081
2018,2018081315,23,주,월,1,1,0,0,0,서울,중랑구,차대사람,횡단중,횡단중,운전자법규위반,중앙선 침범,단일로,기타단일로,화물차,화물차,보행자,보행자,964105.0,1954840.0,127.0934024,37.592263
2018,2018032218,55,야,목,1,1,0,0,0,서울,중랑구,차대사람,횡단중,횡단중,운전자법규위반,보행자 보호의무 위반,단일로,기타단일로,특수차,특수차,보행자,보행자,964088.0,1956382.0,127.0931342,37.60616082
2018,2018093012,16,주,일,1,1,0,0,0,서울,강남구,차대차,측면충돌,측면충돌,운전자법규위반,안전운전 의무 불이행,단일로,기타단일로,승합차,승합차,자전거,자전거,958821.0,1948046.0,127.0339317,37.53080546
2018,2018111418,7,야,수,1,1,0,0,0,서울,강동구,차대사람,길가장자리구역통행중,길가장자리구역통행중,운전자법규위반,안전운전 의무 불이행,단일로,지하차도(도로)내,건설기계,건설기계,보행자,보행자,966773.0,1950260.0,127.123831,37.55108203
2018,2018040809,34,주,일,1,1,0,0,0,서울,강동구,차대사람,길가장자리구역통행중,길가장자리구역통행중,운전자법규위반,안전운전 의무 불이행,단일로,지하차도(도로)내,승용차,승용차,보행자,보행자,967868.0,1947946.0,127.1363288,37.53026382
2018,2018012706,53,주,토,1,1,0,0,0,서울,송파구,차대사람,횡단중,횡단중,운전자법규위반,신호위반,단일로,기타단일로,승용차,승용차,보행자,보행자,966388.6,1946238.3,127.1196634,37.51481883
2018,2018072109,23,주,토,1,3,0,2,0,서울,송파구,차대차,측면충돌,측면충돌,운전자법규위반,신호위반,교차로,교차로부근,승용차,승용차,승합차,승합차,964926.0,1945678.0,127.1031401,37.50971415
2018,2018111520,45,야,목,1,4,0,3,0,서울,구로구,차량단독,공작물충돌,공작물충돌,운전자법규위반,안전운전 의무 불이행,교차로,교차로부근,승용차,승용차,없음,없음,941821.0,1944702.0,126.8417986,37.4997498
2018,2018011020,27,야,수,1,1,0,0,0,서울,구로구,차대사람,횡단중,횡단중,운전자법규위반,안전운전 의무 불이행,교차로,교차로내,승합차,승합차,보행자,보행자,941837.0,1944718.0,126.8419783,37.49989502
2018,2018012611,5,주,금,1,2,1,0,0,서울,구로구,차대사람,횡단중,횡단중,운전자법규위반,보행자 보호의무 위반,교차로,교차로횡단보도내,건설기계,건설기계,보행자,보행자,946296.0,1942580.0,126.8925782,37.48089507
2018,2018112110,28,주,수,1,1,0,0,0,서울,서초구,차대사람,기타,기타,운전자법규위반,안전운전 의무 불이행,교차로,교차로횡단보도내,건설기계,건설기계,보행자,보행자,958161.0,1943306.0,127.0267318,37.48805249
2018,2018072605,39,야,목,1,1,0,0,0,서울,양천구,차대차,기타,기타,운전자법규위반,안전운전 의무 불이행,단일로,기타단일로,승용차,승용차,화물차,화물차,941251.0,1948001.0,126.8350866,37.5294477
2018,2018012601,22,야,금,1,1,0,0,0,서울,노원구,차대사람,횡단중,횡단중,운전자법규위반,안전운전 의무 불이행,단일로,기타단일로,승용차,승용차,보행자,보행자,960789.0,1964243.0,127.055337,37.67687864
2018,2018060902,13,야,토,1,1,0,0,0,서울,노원구,차량단독,공작물충돌,공작물충돌,운전자법규위반,안전운전 의무 불이행,단일로,기타단일로,화물차,화물차,없음,없음,961183.0,1959465.0,127.0600591,37.63383052
2018,2018061301,43,야,수,1,2,0,0,1,서울,노원구,차대사람,횡단중,횡단중,운전자법규위반,안전운전 의무 불이행,단일로,지하차도(도로)내,승용차,승용차,보행자,보행자,961985.0,1959488.0,127.0691473,37.63407136
2018,2018022710,30,주,화,1,1,0,0,0,서울,노원구,차대차,측면충돌,측면충돌,운전자법규위반,안전거리 미확보,단일로,지하차도(도로)내,자전거,자전거,건설기계,건설기계,961887.0,1962117.0,127.0678994,37.65776297
2018,2018022605,15,야,월,1,1,0,0,0,서울,동작구,차대사람,기타,기타,운전자법규위반,안전운전 의무 불이행,단일로,기타단일로,승합차,승합차,보행자,보행자,954195.2,1942744.9,126.9819086,37.48280691
2018,2018032012,7,주,화,1,1,0,0,0,부산,서구,차량단독,기타,기타,운전자법규위반,안전운전 의무 불이행,단일로,기타단일로,승합차,승합차,없음,없음,1138139.4,1677330.2,129.0152749,35.08162672
2018,2018050608,38,주,일,1,1,0,0,0,부산,서구,차량단독,공작물충돌,공작물충돌,운전자법규위반,안전운전 의무 불이행,단일로,기타단일로,승용차,승용차,없음,없음,1137641.0,1680430.0,129.0103248,35.10963699
2018,2018042105,17,야,토,2,2,0,0,0,부산,남구,차대차,정면충돌,정면충돌,운전자법규위반,중앙선 침범,단일로,기타단일로,이륜차,이륜차,승용차,승용차,1143669.0,1683241.8,129.0769363,35.13414008
2018,2018062405,30,야,일,1,2,1,0,0,부산,동래구,차대차,기타,기타,운전자법규위반,신호위반,교차로,교차로내,이륜차,이륜차,승용차,승용차,1144184.0,1690739.0,129.0838973,35.20164421
2018,2018040507,15,주,목,1,2,1,0,0,부산,해운대구,차량단독,도로이탈,도로이탈 기타,운전자법규위반,안전운전 의무 불이행,단일로,기타단일로,이륜차,이륜차,없음,없음,1147744.0,1687798.0,129.1224639,35.17461761
2018,2018051118,5,야,금,1,1,0,0,0,부산,부산진구,차대사람,횡단중,횡단중,운전자법규위반,안전운전 의무 불이행,단일로,기타단일로,승용차,승용차,보행자,보행자,1139610.0,1686872.0,129.0330122,35.16743411
2018,2018061303,20,야,수,1,4,1,2,0,부산,부산진구,차대차,기타,기타,운전자법규위반,신호위반,교차로,교차로내,이륜차,이륜차,승용차,승용차,1142602.0,1684927.0,129.0655196,35.14948204
2018,2018090523,20,야,수,1,1,0,0,0,부산,금정구,차대사람,횡단중,횡단중,운전자법규위반,신호위반,교차로,교차로부근,승합차,승합차,보행자,보행자,1144769.0,1693779.0,129.0908561,35.22896144
2018,2018031901,40,야,월,1,1,0,0,0,부산,금정구,차대사람,기타,기타,운전자법규위반,과속,단일로,기타단일로,승합차,승합차,보행자,보행자,1144442.0,1693037.0,129.0871337,35.22232049
2018,2018030302,15,야,토,1,5,2,2,0,부산,금정구,차대차,정면충돌,정면충돌,운전자법규위반,중앙선 침범,단일로,기타단일로,승용차,승용차,승용차,승용차,1146294.0,1695683.0,129.1079472,35.24590182
2018,2018043009,35,주,월,1,1,0,0,0,부산,사상구,차대사람,횡단중,횡단중,운전자법규위반,안전운전 의무 불이행,단일로,기타단일로,이륜차,이륜차,보행자,보행자,1136635.0,1684650.0,128.999987,35.14781373
2018,2018073010,18,주,월,1,1,0,0,0,부산,기장군,차량단독,공작물충돌,공작물충돌,운전자법규위반,안전운전 의무 불이행,교차로,교차로부근,이륜차,이륜차,없음,없음,1158379.1,1703790.4,129.2422893,35.31713516
2018,2018120609,46,주,목,1,1,0,0,0,부산,기장군,차대사람,횡단중,횡단중,운전자법규위반,안전운전 의무 불이행,교차로,교차로부근,화물차,화물차,보행자,보행자,1156195.0,1695130.0,129.2166239,35.23942306
2018,2018110209,29,주,금,1,2,1,0,0,울산,울주군,차대차,기타,기타,운전자법규위반,안전운전 의무 불이행,단일로,기타단일로,화물차,화물차,화물차,화물차,1158934.0,1725148.0,129.2525551,35.50953467
2018,2018052820,25,야,월,1,1,0,0,0,경기,수원시,차대차,기타,기타,운전자법규위반,보행자 보호의무 위반,단일로,기타단일로,승용차,승용차,승용차,승용차,956257.0,1920436.0,127.0065479,37.28182536
2018,2018051905,50,야,토,1,1,0,0,0,경기,수원시,차대차,기타,기타,운전자법규위반,기타(운전자법규위반),기타,기타,승용차,승용차,승용차,승용차,956468.0,1920706.0,127.0089122,37.28426895
2018,2018111721,25,야,토,1,1,0,0,0,경기,수원시,차대차,추돌,추돌,운전자법규위반,안전운전 의무 불이행,단일로,기타단일로,승용차,승용차,특수차,특수차,954729.0,1920880.0,126.9892845,37.28575431
2018,2018012422,35,야,수,1,1,0,0,0,경기,수원시,차대사람,횡단중,횡단중,운전자법규위반,과속,교차로,교차로부근,승용차,승용차,보행자,보행자,954255.0,1920706.0,126.9839481,37.28416275
2018,2018052512,10,주,금,1,1,0,0,0,경기,성남시,차대사람,횡단중,횡단중,운전자법규위반,신호위반,단일로,기타단일로,승합차,승합차,보행자,보행자,967103.0,1937825.0,127.1281231,37.43901121
2018,2018042709,8,주,금,1,2,1,0,0,경기,성남시,차대차,기타,기타,운전자법규위반,안전거리 미확보,단일로,기타단일로,승용차,승용차,승용차,승용차,966977.0,1938772.0,127.1266564,37.44754256
2018,2018010107,25,주,월,1,1,0,0,0,경기,평택시,차량단독,전도,전도,운전자법규위반,안전운전 의무 불이행,단일로,기타단일로,이륜차,이륜차,없음,없음,951581.0,1884103.0,126.956149,36.95409383
2018,2018040320,30,야,화,1,1,0,0,0,경기,평택시,차대사람,횡단중,횡단중,운전자법규위반,중앙선 침범,단일로,기타단일로,화물차,화물차,보행자,보행자,963835.0,1890866.0,127.0934602,37.01560762
2018,2018041814,50,주,수,1,3,0,2,0,경기,평택시,차대차,추돌,추돌,운전자법규위반,안전운전 의무 불이행,단일로,기타단일로,이륜차,이륜차,승용차,승용차,947777.0,1880853.0,126.9136483,36.92459481
2018,2018051920,25,야,토,1,1,0,0,0,경기,평택시,차대사람,기타,기타,운전자법규위반,안전운전 의무 불이행,단일로,기타단일로,승용차,승용차,보행자,보행자,959093.0,1890508.0,127.0401751,37.01218599
2018,2018010611,10,주,토,1,1,0,0,0,경기,평택시,차량단독,공작물충돌,공작물충돌,운전자법규위반,안전운전 의무 불이행,단일로,기타단일로,승용차,승용차,없음,없음,947310.0,1888270.0,126.9078877,36.99142574
2018,2018090213,20,주,일,1,1,0,0,0,경기,평택시,차량단독,공작물충돌,공작물충돌,운전자법규위반,안전운전 의무 불이행,교차로,교차로내,이륜차,이륜차,없음,없음,942736.7,1887490.2,126.8565566,36.98412925
2018,2018010208,18,주,화,1,1,0,0,0,경기,평택시,차대사람,보도통행중,보도통행중,운전자법규위반,보행자 보호의무 위반,교차로,교차로횡단보도내,승용차,승용차,보행자,보행자,965572.0,1888508.0,127.1130936,36.99441737
2018,2018070111,55,주,일,1,1,0,0,0,경기,안성시,차대차,정면충돌,정면충돌,운전자법규위반,안전운전 의무 불이행,교차로,교차로내,농기계,농기계,이륜차,이륜차,980506.0,1887512.0,127.2809481,36.98586743
2018,2018032319,39,야,금,1,1,0,0,0,경기,안성시,차대사람,차도통행중,차도통행중,운전자법규위반,안전운전 의무 불이행,단일로,기타단일로,승용차,승용차,보행자,보행자,998444.0,1900260.0,127.482489,37.10098334
2018,2018102415,28,주,수,1,2,0,1,0,경기,안성시,차대차,추돌,추돌,운전자법규위반,안전운전 의무 불이행,단일로,기타단일로,화물차,화물차,건설기계,건설기계,977512.0,1894648.0,127.247092,37.05012674
2018,2018070301,0,야,화,1,1,0,0,0,경기,안양시,차대사람,횡단중,횡단중,운전자법규위반,안전운전 의무 불이행,교차로,교차로횡단보도내,승합차,승합차,보행자,보행자,951296.0,1934201.0,126.9496818,37.40564953
2018,2018030219,25,야,금,1,1,0,0,0,경기,광주시,차대차,기타,기타,운전자법규위반,신호위반,교차로,교차로부근,이륜차,이륜차,승합차,승합차,978433.0,1935588.0,127.2562647,37.41918114
2018,2018111711,40,주,토,1,1,0,0,0,경기,광주시,차량단독,공작물충돌,공작물충돌,운전자법규위반,안전운전 의무 불이행,교차로,교차로내,화물차,화물차,없음,없음,973879.0,1930999.0,127.2049613,37.37769995
2018,2018032813,20,주,수,1,1,0,0,0,경기,광주시,차량단독,공작물충돌,공작물충돌,운전자법규위반,안전운전 의무 불이행,단일로,기타단일로,승용차,승용차,없음,없음,982588.0,1936586.0,127.3031978,37.42826433
2018,2018061719,27,야,일,1,1,0,0,0,경기,광주시,차량단독,공작물충돌,공작물충돌,운전자법규위반,안전운전 의무 불이행,기타,기타,승용차,승용차,없음,없음,985747.0,1925328.0,127.3391197,37.32684081
2018,2018050205,30,야,수,1,3,0,2,0,경기,광주시,차대차,추돌,추돌,운전자법규위반,안전운전 의무 불이행,단일로,기타단일로,화물차,화물차,화물차,화물차,980357.0,1941159.0,127.2778598,37.4694392
2018,2018091604,0,야,일,1,1,0,0,0,경기,광주시,차대사람,횡단중,횡단중,운전자법규위반,신호위반,단일로,기타단일로,승용차,승용차,보행자,보행자,977823.0,1935344.0,127.2493782,37.41696738
2018,2018090217,47,주,일,1,1,0,0,0,경기,광주시,차대차,측면충돌,측면충돌,운전자법규위반,교차로 통행방법 위반,교차로,교차로내,이륜차,이륜차,승용차,승용차,983297.0,1941261.0,127.3111054,37.47041642
2018,2018081914,25,주,일,1,1,0,0,0,경기,여주시,차대차,기타,기타,운전자법규위반,중앙선 침범,단일로,기타단일로,자전거,자전거,승용차,승용차,1007151.0,1922262.0,127.5806873,37.2992859
2018,2018030107,0,주,목,1,1,0,0,0,경기,여주시,차량단독,도로이탈,도로이탈 기타,운전자법규위반,안전운전 의무 불이행,단일로,기타단일로,화물차,화물차,없음,없음,1021633.0,1915978.0,127.7439091,37.24241814
2018,2018062806,20,주,목,1,2,1,0,0,경기,용인시,차량단독,공작물충돌,공작물충돌,운전자법규위반,안전운전 의무 불이행,기타,기타,승용차,승용차,없음,없음,967904.0,1918063.0,127.1380339,37.26091031
2018,2018080321,10,야,금,1,1,0,0,0,경기,용인시,차대사람,횡단중,횡단중,운전자법규위반,보행자 보호의무 위반,교차로,교차로횡단보도내,승용차,승용차,보행자,보행자,973447.0,1915150.0,127.2006487,37.23482734
2018,2018112923,15,야,목,1,1,0,0,0,경기,용인시,차량단독,기타,기타,운전자법규위반,안전운전 의무 불이행,단일로,기타단일로,승합차,승합차,없음,없음,969250.0,1914833.0,127.1533467,37.23184088
2018,2018101815,30,주,목,1,1,0,0,0,경기,김포시,차대차,기타,기타,운전자법규위반,신호위반,교차로,교차로내,이륜차,이륜차,이륜차,이륜차,915994.0,1960208.0,126.5478617,37.63750558
2018,2018011118,55,야,목,1,12,1,9,1,경기,김포시,차대차,기타,기타,운전자법규위반,안전운전 의무 불이행,단일로,기타단일로,승합차,승합차,화물차,화물차,936519.0,1955228.0,126.7809084,37.59426999
2018,2018051217,50,주,토,1,1,0,0,0,경기,양평군,차량단독,도로이탈,도로이탈 추락,운전자법규위반,안전운전 의무 불이행,단일로,기타단일로,승용차,승용차,없음,없음,989455.0,1960754.0,127.3804658,37.64620851
2018,2018090315,0,주,월,1,4,2,1,0,경기,양평군,차대차,정면충돌,정면충돌,운전자법규위반,중앙선 침범,단일로,기타단일로,승용차,승용차,승용차,승용차,984847.0,1951451.0,127.3284242,37.56229174
2018,2018062914,50,주,금,1,1,0,0,0,경기,양평군,차량단독,공작물충돌,공작물충돌,운전자법규위반,안전운전 의무 불이행,단일로,기타단일로,승용차,승용차,없음,없음,996215.0,1945107.0,127.4571755,37.50522627
2018,2018012618,40,야,금,1,1,0,0,0,경기,양평군,차대사람,횡단중,횡단중,운전자법규위반,안전운전 의무 불이행,단일로,기타단일로,화물차,화물차,보행자,보행자,995176.0,1945831.0,127.4454152,37.51174731
2018,2018082502,30,야,토,1,1,0,0,0,경기,부천시,차대사람,횡단중,횡단중,운전자법규위반,안전거리 미확보,교차로,교차로내,승용차,승용차,보행자,보행자,939257.0,1943048.0,126.8129295,37.48467707
2018,2018032404,55,야,토,1,1,0,0,0,경기,부천시,차대사람,횡단중,횡단중,운전자법규위반,안전운전 의무 불이행,기타,기타,승용차,승용차,보행자,보행자,937716.0,1941603.0,126.7956226,37.47155062
2018,2018122700,10,야,목,1,1,0,0,0,경기,오산시,차대사람,횡단중,횡단중,운전자법규위반,과속,단일로,기타단일로,승용차,승용차,보행자,보행자,961421.0,1905704.0,127.065562,37.14926196
2018,2018091019,20,야,월,1,1,0,0,0,경기,화성시,차대사람,횡단중,횡단중,운전자법규위반,안전운전 의무 불이행,교차로,교차로내,승합차,승합차,보행자,보행자,966830.0,1911739.0,127.1262035,37.20386886
2018,2018080220,1,야,목,1,1,0,0,0,경기,화성시,차대사람,기타,기타,운전자법규위반,과속,교차로,교차로횡단보도내,승용차,승용차,보행자,보행자,962188.0,1911366.0,127.0739124,37.20033008
2018,2018052403,50,야,목,1,1,0,0,0,경기,부천시,차량단독,공작물충돌,공작물충돌,운전자법규위반,안전운전 의무 불이행,단일로,기타단일로,이륜차,이륜차,없음,없음,935015.0,1946184.0,126.7646742,37.51265284
2018,2018060121,55,야,금,1,1,0,0,0,경기,광명시,차량단독,기타,기타,운전자법규위반,안전운전 의무 불이행,단일로,지하차도(도로)내,이륜차,이륜차,없음,없음,946478.0,1938014.0,126.8949683,37.43975126
2018,2018112308,50,주,금,1,1,0,0,0,경기,광명시,차대차,측면충돌,측면충돌,운전자법규위반,신호위반,교차로,교차로내,승용차,승용차,이륜차,이륜차,943358.0,1935359.0,126.8599044,37.41563539
2018,2018110605,12,야,화,1,1,0,0,0,경기,안산시,차량단독,공작물충돌,공작물충돌,운전자법규위반,안전운전 의무 불이행,단일로,기타단일로,화물차,화물차,없음,없음,938498.0,1922683.0,126.8060392,37.30107371
2018,2018082018,1,야,월,1,1,0,0,0,경기,안산시,차대사람,횡단중,횡단중,운전자법규위반,안전운전 의무 불이행,교차로,교차로횡단보도내,특수차,특수차,보행자,보행자,939022.0,1926364.0,126.8116489,37.33428616
2018,2018062017,5,주,수,1,1,0,0,0,경기,안산시,차대차,추돌,추돌,운전자법규위반,안전운전 의무 불이행,교차로,교차로내,건설기계,건설기계,자전거,자전거,936035.0,1921994.0,126.7783092,37.29469736
2018,2018042415,45,주,화,1,1,0,0,0,경기,안산시,차대사람,횡단중,횡단중,운전자법규위반,보행자 보호의무 위반,단일로,기타단일로,승합차,승합차,보행자,보행자,939483.0,1927616.0,126.8167503,37.34560094
2018,2018112204,45,야,목,1,1,0,0,0,경기,수원시,차대사람,횡단중,횡단중,운전자법규위반,과속,단일로,기타단일로,승용차,승용차,보행자,보행자,958195.0,1919265.0,127.0284751,37.27135943
2018,2018092121,55,야,금,1,1,0,0,0,경기,수원시,차대사람,차도통행중,차도통행중,운전자법규위반,안전운전 의무 불이행,단일로,기타단일로,승용차,승용차,보행자,보행자,958124.0,1917427.0,127.0277777,37.25478902
2018,2018101504,40,야,월,1,1,0,0,0,경기,성남시,차량단독,공작물충돌,공작물충돌,운전자법규위반,안전운전 의무 불이행,단일로,터널안,승용차,승용차,없음,없음,967183.0,1935880.0,127.129114,37.42148263
2018,2018022723,28,야,화,1,1,0,0,0,경기,성남시,차대사람,차도통행중,차도통행중,운전자법규위반,안전운전 의무 불이행,교차로,교차로부근,승용차,승용차,보행자,보행자,968071.0,1930900.0,127.1393648,37.37662575
2018,2018042102,30,야,토,1,3,0,2,0,경기,시흥시,차대차,측면충돌,측면충돌,운전자법규위반,신호위반,교차로,교차로내,이륜차,이륜차,승용차,승용차,931964.0,1928700.0,126.7317663,37.3548504
2018,2018051715,0,주,목,1,1,0,0,0,경기,시흥시,차대차,추돌,추돌,운전자법규위반,안전운전 의무 불이행,단일로,기타단일로,승용차,승용차,화물차,화물차,930042.0,1926645.0,126.7102598,37.33618566
2018,2018020919,25,야,금,1,1,0,0,0,경기,시흥시,차대사람,길가장자리구역통행중,길가장자리구역통행중,운전자법규위반,안전운전 의무 불이행,교차로,교차로내,승용차,승용차,보행자,보행자,944451.0,1930909.0,126.8725899,37.3755925
2018,2018062521,40,야,월,1,3,1,1,0,경기,시흥시,차대사람,횡단중,횡단중,운전자법규위반,신호위반,교차로,교차로내,화물차,화물차,보행자,보행자,942161.0,1931238.0,126.8467007,37.37841783
2018,2018052404,50,야,목,1,1,0,0,0,경기,시흥시,차대사람,기타,기타,운전자법규위반,안전운전 의무 불이행,단일로,기타단일로,승용차,승용차,보행자,보행자,936796.0,1927369.0,126.7864367,37.34319558
2018,2018081814,50,주,토,1,1,0,0,0,경기,시흥시,차량단독,공작물충돌,공작물충돌,운전자법규위반,안전운전 의무 불이행,단일로,기타단일로,이륜차,이륜차,없음,없음,930835.0,1929161.0,126.7189761,37.35892193
2018,2018032507,5,주,일,1,3,0,2,0,경기,안산시,차량단독,공작물충돌,공작물충돌,운전자법규위반,과속,단일로,기타단일로,승용차,승용차,없음,없음,942875.0,1922822.0,126.8554137,37.30260585
2018,2018092606,30,주,수,1,3,0,2,0,경기,화성시,차대차,기타,기타,운전자법규위반,안전거리 미확보,단일로,기타단일로,화물차,화물차,화물차,화물차,946133.0,1918934.0,126.8924561,37.26775593
2018,2018011204,30,야,금,1,2,0,0,1,경기,성남시,차대차,추돌,추돌,운전자법규위반,안전운전 의무 불이행,단일로,기타단일로,승용차,승용차,승용차,승용차,964498.0,1933691.0,127.0988749,37.40165281
2018,2018041516,15,주,일,1,1,0,0,0,경기,구리시,차량단독,전복,전복,운전자법규위반,안전운전 의무 불이행,단일로,터널안,승용차,승용차,없음,없음,967101.0,1953337.0,127.1274062,37.57882796
2018,2018112320,10,야,금,1,1,0,0,0,경기,화성시,차대사람,기타,기타,운전자법규위반,안전운전 의무 불이행,기타,기타,승용차,승용차,보행자,보행자,950478.0,1911876.0,126.9419285,37.20437899
2018,2018090317,53,주,월,1,3,0,2,0,경기,화성시,차량단독,공작물충돌,공작물충돌,운전자법규위반,안전운전 의무 불이행,단일로,기타단일로,화물차,화물차,없음,없음,946679.0,1902548.0,126.8997842,37.12008991
2018,2018021721,45,야,토,1,1,0,0,0,경기,화성시,차량단독,공작물충돌,공작물충돌,운전자법규위반,안전운전 의무 불이행,단일로,기타단일로,화물차,화물차,없음,없음,945867.0,1916138.0,126.8896595,37.24253867
2018,2018032815,40,주,수,1,1,0,0,0,경기,화성시,차대사람,기타,기타,운전자법규위반,안전운전 의무 불이행,교차로,교차로부근,건설기계,건설기계,보행자,보행자,945060.0,1907753.0,126.8811786,37.16691247
2018,2018102320,10,야,화,1,1,0,0,0,경기,화성시,차량단독,전복,전복,운전자법규위반,안전운전 의무 불이행,단일로,기타단일로,승용차,승용차,없음,없음,944453.0,1906596.0,126.8744279,37.15644779
2018,2018050610,15,주,일,1,1,0,0,0,경기,화성시,차량단독,공작물충돌,공작물충돌,운전자법규위반,안전운전 의무 불이행,단일로,기타단일로,화물차,화물차,없음,없음,946693.0,1914800.0,126.8990678,37.23052614
2018,2018112814,13,주,수,1,1,0,0,0,경기,의왕시,차대사람,횡단중,횡단중,운전자법규위반,안전운전 의무 불이행,단일로,기타단일로,승합차,승합차,보행자,보행자,955759.0,1932532.0,127.0002084,37.39083
2018,2018111506,45,주,목,1,1,0,0,0,경기,하남시,차대차,측면충돌,측면충돌,운전자법규위반,안전거리 미확보,단일로,기타단일로,화물차,화물차,자전거,자전거,973622.0,1951066.0,127.2013397,37.55856845
2018,2018102215,45,주,월,1,1,0,0,0,경기,안양시,차대차,측면충돌,측면충돌,운전자법규위반,안전운전 의무 불이행,교차로,교차로내,건설기계,건설기계,자전거,자전거,948081.0,1934538.0,126.9133328,37.40851237
2018,2018050507,10,주,토,1,1,0,0,0,경기,안양시,차대차,정면충돌,정면충돌,운전자법규위반,교차로 통행방법 위반,교차로,교차로내,승용차,승용차,이륜차,이륜차,947741.0,1934977.0,126.90946,37.41245009
2018,2018101723,15,야,수,1,2,1,0,0,강원,춘천시,차량단독,도로이탈,도로이탈 기타,운전자법규위반,안전운전 의무 불이행,단일로,기타단일로,이륜차,이륜차,없음,없음,1012838.8,1980242.8,127.64588,37.82183729
2018,2018120623,59,야,목,1,1,0,0,0,강원,춘천시,차대사람,횡단중,횡단중,운전자법규위반,안전운전 의무 불이행,단일로,기타단일로,승합차,승합차,보행자,보행자,1019791.0,1985711.0,127.7250231,37.87099822