발생년,발생년월일시,발생분,주야,요일,사망자수,사상자수,중상자수,경상자수,부상신고자수,발생지시도,발생지시군구,사고유형_대분류,사고유형_중분류,사고유형,법규위반_대분류,법규위반,도로형태_대분류,도로형태,가해자_당사자종별_대분류,가해자_당사자종별,피해자_당사자종별_대분류,피해자_당사자종별,발생위치X_UTMK,발생위치Y_UTMK,경도,위도
2018,2018080811,10,주,수,1,1,0,0,0,강원,강릉시,차량단독,도로이탈,도로이탈 추락,운전자법규위반,안전운전 의무 불이행,교차로,교차로내,사륜오토바이(ATV),사륜오토바이(ATV),없음,없음,1132335.0,1958533.0,128.9994635,37.61672211
2018,2018052713,55,주,일,1,3,0,2,0,강원,강릉시,차대차,측면충돌,측면충돌,운전자법규위반,중앙선 침범,단일로,기타단일로,화물차,화물차,승합차,승합차,1126287.2,1976477.2,128.9340688,37.77925981
2018,2018060706,3,주,목,1,1,0,0,0,강원,원주시,차대차,정면충돌,정면충돌,운전자법규위반,중앙선 침범,단일로,기타단일로,승용차,승용차,승용차,승용차,1039876.0,1932864.0,127.9504995,37.39402063
2018,2018010917,53,주,화,1,1,0,0,0,강원,원주시,차대사람,횡단중,횡단중,운전자법규위반,과속,단일로,기타단일로,승용차,승용차,보행자,보행자,1046363.0,1937744.0,128.0240902,37.43770419
2018,2018060810,45,주,금,1,2,0,0,1,강원,영월군,차대차,측면충돌,측면충돌,운전자법규위반,서행 및 일시정지위반,교차로,교차로내,화물차,화물차,사륜오토바이(ATV),사륜오토바이(ATV),1076878.0,1908823.0,128.36601,37.17500866
2018,2018091717,0,주,월,1,2,0,0,1,강원,영월군,차량단독,도로이탈,도로이탈 추락,운전자법규위반,안전운전 의무 불이행,단일로,지하차도(도로)내,사륜오토바이(ATV),사륜오토바이(ATV),없음,없음,1082363.0,1916410.0,128.4286275,37.24292208
2018,2018052316,20,주,수,1,1,0,0,0,강원,횡성군,차량단독,도로이탈,도로이탈 추락,운전자법규위반,안전운전 의무 불이행,단일로,기타단일로,사륜오토바이(ATV),사륜오토바이(ATV),없음,없음,1058965.0,1952768.0,128.1677411,37.57239877
2018,2018081005,55,야,금,1,1,0,0,0,강원,고성군,차대사람,횡단중,횡단중,운전자법규위반,보행자 보호의무 위반,교차로,교차로횡단보도내,승용차,승용차,보행자,보행자,1093568.0,2027634.0,128.5692678,38.24418598
2018,2018032919,45,야,목,1,1,0,0,0,강원,양구군,차대차,추돌,추돌,운전자법규위반,안전운전 의무 불이행,단일로,기타단일로,이륜차,이륜차,화물차,화물차,1048233.5,2014466.8,128.0503373,38.1290973
2018,2018050513,0,주,토,1,1,0,0,0,강원,동해시,차대차,기타,기타,운전자법규위반,안전운전 의무 불이행,단일로,기타단일로,이륜차,이륜차,승용차,승용차,1141724.7,1946905.6,129.1035718,37.51055925
2018,2018100102,5,야,월,1,1,0,0,0,강원,동해시,차대사람,횡단중,횡단중,운전자법규위반,안전운전 의무 불이행,교차로,교차로부근,승용차,승용차,보행자,보행자,1141828.0,1948789.7,129.1051039,37.52751929
2018,2018030420,53,야,일,3,8,4,1,0,강원,홍천군,차대차,추돌,추돌,운전자법규위반,안전운전 의무 불이행,단일로,교량위,승용차,승용차,승용차,승용차,1030033.0,1967414.0,127.8407148,37.70580602
2018,2018120921,35,야,일,1,2,0,1,0,강원,원주시,차대차,추돌,추돌,운전자법규위반,안전운전 의무 불이행,단일로,기타단일로,화물차,화물차,화물차,화물차,1038819.1,1940163.3,127.9389434,37.45985785
2018,2018061302,55,야,수,1,1,0,0,0,충북,청주시,차대사람,횡단중,횡단중,운전자법규위반,안전운전 의무 불이행,단일로,기타단일로,승용차,승용차,보행자,보행자,999084.0,1849340.0,127.4897529,36.64195948
2018,2018060607,25,주,수,1,1,0,0,0,충북,청주시,차대차,정면충돌,정면충돌,운전자법규위반,신호위반,교차로,교차로내,화물차,화물차,승용차,승용차,992414.0,1857627.0,127.4150553,36.71663623
2018,2018080810,30,주,수,1,1,0,0,0,충북,청주시,차대사람,기타,기타,운전자법규위반,안전운전 의무 불이행,단일로,기타단일로,화물차,화물차,보행자,보행자,998684.0,1849684.0,127.4852777,36.64506016
2018,2018100706,10,주,일,1,1,0,0,0,충북,청주시,차대사람,횡단중,횡단중,운전자법규위반,중앙선 침범,교차로,교차로부근,화물차,화물차,보행자,보행자,998274.0,1855517.0,127.4806778,36.69764359
2018,2018111423,12,야,수,1,1,0,0,0,충북,청주시,차량단독,공작물충돌,공작물충돌,운전자법규위반,안전운전 의무 불이행,교차로,교차로내,승용차,승용차,없음,없음,997607.0,1856530.0,127.4732077,36.70677422
2018,2018112320,53,야,금,1,2,1,0,0,충북,청주시,차대차,측면충돌,측면충돌,운전자법규위반,신호위반,교차로,교차로내,승용차,승용차,화물차,화물차,992419.0,1857633.0,127.4151112,36.71669036
2018,2018080109,45,주,수,1,3,0,2,0,충북,청주시,차대차,정면충돌,정면충돌,운전자법규위반,중앙선 침범,교차로,교차로내,승용차,승용차,승용차,승용차,998508.0,1852908.0,127.4833024,36.67412409
2018,2018050121,40,야,화,1,1,0,0,0,충북,충주시,차량단독,전도,전도,운전자법규위반,안전운전 의무 불이행,교차로,교차로부근,이륜차,이륜차,없음,없음,1020651.9,1888800.8,127.7320983,36.99746043
2018,2018073110,10,주,화,1,2,0,1,0,충북,제천시,차량단독,도로이탈,도로이탈 기타,운전자법규위반,안전운전 의무 불이행,단일로,기타단일로,화물차,화물차,없음,없음,1046679.0,1902519.0,128.0254504,37.12018344
2018,2018031310,24,주,화,1,1,0,0,0,충북,제천시,차대사람,횡단중,횡단중,운전자법규위반,신호위반,교차로,교차로부근,화물차,화물차,보행자,보행자,1062090.0,1900432.0,128.1987438,37.10047635
2018,2018122608,25,주,수,1,3,2,0,0,충북,제천시,차대차,측면충돌,측면충돌,운전자법규위반,중앙선 침범,단일로,기타단일로,승용차,승용차,승용차,승용차,1052207.0,1879957.0,128.0861103,36.91651909
2018,2018071606,25,주,월,1,2,0,1,0,충북,제천시,차대차,측면충돌,측면충돌,운전자법규위반,안전운전 의무 불이행,교차로,교차로내,이륜차,이륜차,승용차,승용차,1063661.9,1903331.3,128.2166786,37.12650378
2018,2018081010,11,주,금,1,1,0,0,0,충북,괴산군,차대사람,횡단중,횡단중,운전자법규위반,안전운전 의무 불이행,교차로,교차로내,승용차,승용차,보행자,보행자,1012132.0,1864022.0,127.6359504,36.77423862
2018,2018060221,5,야,토,1,1,0,0,0,충북,보은군,차대사람,길가장자리구역통행중,길가장자리구역통행중,운전자법규위반,안전운전 의무 불이행,단일로,지하차도(도로)내,화물차,화물차,보행자,보행자,1013981.0,1843106.0,127.6562882,36.58565785
2018,2018082814,50,주,화,1,1,0,0,0,충북,보은군,차량단독,기타,기타,운전자법규위반,교차로 통행방법 위반,교차로,교차로내,이륜차,이륜차,없음,없음,1020439.8,1823587.5,127.7279718,36.40957968
2018,2018020718,35,야,수,1,1,0,0,0,충북,음성군,차대사람,기타,기타,운전자법규위반,안전운전 의무 불이행,교차로,교차로내,승용차,승용차,보행자,보행자,999493.0,1887559.0,127.4943028,36.98649307
2018,2018080112,50,주,수,1,1,0,0,0,충북,옥천군,차대차,추돌,추돌,운전자법규위반,안전거리 미확보,단일로,기타단일로,화물차,화물차,화물차,화물차,1011477.0,1806189.0,127.6277507,36.25287386
2018,2018032714,50,주,화,1,1,0,0,0,충북,단양군,차대사람,횡단중,횡단중,운전자법규위반,보행자 보호의무 위반,단일로,기타단일로,승용차,승용차,보행자,보행자,1077344.0,1887557.0,128.3690681,36.98329405
2018,2018061702,30,야,일,1,1,0,0,0,충북,단양군,차대사람,기타,기타,운전자법규위반,안전운전 의무 불이행,단일로,기타단일로,승용차,승용차,보행자,보행자,1087694.4,1898038.2,128.4865758,37.0768533
2018,2018081609,20,주,목,1,1,0,0,0,충북,진천군,차대차,측면충돌,측면충돌,운전자법규위반,신호위반,교차로,교차로내,특수차,특수차,이륜차,이륜차,995650.0,1873801.0,127.4511982,36.86246109
2018,2018041207,20,주,목,1,4,1,2,0,충북,진천군,차대차,기타,기타,운전자법규위반,안전거리 미확보,교차로,교차로부근,승용차,승용차,승용차,승용차,1000971.0,1863466.0,127.5108803,36.76930358
2018,2018021305,50,야,화,1,1,0,0,0,충북,청주시,차대사람,횡단중,횡단중,운전자법규위반,안전운전 의무 불이행,교차로,교차로횡단보도내,화물차,화물차,보행자,보행자,993693.0,1847450.0,127.4294608,36.62490072
2018,2018021321,8,야,화,1,1,0,0,0,충북,청주시,차대사람,횡단중,횡단중,운전자법규위반,안전운전 의무 불이행,단일로,기타단일로,승용차,승용차,보행자,보행자,995043.0,1848441.0,127.4445531,36.63384255
2018,2018042113,55,주,토,1,1,0,0,0,충북,청주시,차량단독,도로이탈,도로이탈 추락,운전자법규위반,안전운전 의무 불이행,단일로,기타단일로,화물차,화물차,없음,없음,992078.0,1845135.0,127.411422,36.60401892
2018,2018091619,0,야,일,1,5,3,1,0,충북,청주시,차대차,측면충돌,측면충돌,운전자법규위반,신호위반,교차로,교차로내,승용차,승용차,승용차,승용차,993140.0,1854569.0,127.4232122,36.68907427
2018,2018120410,10,주,화,1,1,0,0,0,충북,청주시,차량단독,전도,전도,운전자법규위반,안전운전 의무 불이행,단일로,기타단일로,이륜차,이륜차,없음,없음,983015.0,1845248.0,127.3100841,36.60491921
2018,2018012619,0,야,금,1,1,0,0,0,충북,청주시,차대사람,횡단중,횡단중,운전자법규위반,안전운전 의무 불이행,단일로,지하차도(도로)내,승용차,승용차,보행자,보행자,1000513.0,1844226.0,127.5057354,36.59585703
2018,2018070815,30,주,일,1,3,1,1,0,충북,청주시,차량단독,공작물충돌,공작물충돌,운전자법규위반,안전운전 의무 불이행,단일로,지하차도(도로)내,승용차,승용차,없음,없음,1006071.0,1841977.0,127.5678565,36.57556299
2018,2018040214,2,주,월,1,1,0,0,0,충북,청주시,차량단독,공작물충돌,공작물충돌,운전자법규위반,안전운전 의무 불이행,단일로,기타단일로,화물차,화물차,없음,없음,1000233.0,1835883.0,127.5026024,36.52064415
2018,2018071809,20,주,수,1,1,0,0,0,경기,광주시,차대차,추돌,추돌,운전자법규위반,안전운전 의무 불이행,단일로,기타단일로,화물차,화물차,특수차,특수차,979347.0,1939169.0,127.2664937,37.45148001
2018,2018040413,25,주,수,1,12,0,1,10,충남,서산시,차대차,측면충돌,측면충돌,운전자법규위반,교차로 통행방법 위반,교차로,교차로내,승합차,승합차,화물차,화물차,913685.0,1851740.0,126.5342081,36.65968
2018,2018102206,30,주,월,1,1,0,0,0,충남,서산시,차대사람,횡단중,횡단중,운전자법규위반,과속,단일로,기타단일로,승용차,승용차,보행자,보행자,906810.0,1864911.0,126.4556879,36.77774639
2018,2018062221,50,야,금,1,1,0,0,0,충남,서산시,차대차,추돌,추돌,운전자법규위반,안전운전 의무 불이행,단일로,기타단일로,화물차,화물차,이륜차,이륜차,901669.0,1864815.0,126.3980983,36.77636148
2018,2018092507,40,주,화,1,1,0,0,0,충남,서산시,차대차,측면충돌,측면충돌,운전자법규위반,신호위반,교차로,교차로내,특수차,특수차,화물차,화물차,910818.0,1870816.0,126.4999044,36.83135601
2018,2018072800,5,야,토,2,3,1,0,0,충남,천안시,차대차,정면충돌,정면충돌,운전자법규위반,중앙선 침범,단일로,기타단일로,승용차,승용차,승용차,승용차,964946.0,1880958.0,127.1064091,36.92633645
2018,2018123112,20,주,월,1,3,0,2,0,충남,천안시,차대차,추돌,추돌,운전자법규위반,안전운전 의무 불이행,단일로,기타단일로,화물차,화물차,화물차,화물차,968489.0,1876939.0,127.1463569,36.89023274
2018,2018021502,20,야,목,1,2,0,1,0,충남,천안시,차대차,추돌,추돌,운전자법규위반,안전운전 의무 불이행,교차로,교차로부근,이륜차,이륜차,승용차,승용차,965106.0,1868354.0,127.1087853,36.81272467
2018,2018122417,55,주,월,1,1,0,0,0,충남,논산시,차대사람,차도통행중,차도통행중,운전자법규위반,안전운전 의무 불이행,단일로,기타단일로,승용차,승용차,보행자,보행자,961209.0,1790664.0,127.0689891,36.11219854
2018,2018101018,16,야,수,1,1,0,0,0,충남,논산시,차대사람,횡단중,횡단중,운전자법규위반,안전운전 의무 불이행,단일로,기타단일로,승용차,승용차,보행자,보행자,964292.0,1792420.0,127.1031642,36.12814817
2018,2018030214,35,주,금,1,1,0,0,0,충남,논산시,차량단독,전복,전복,운전자법규위반,안전운전 의무 불이행,단일로,기타단일로,화물차,화물차,없음,없음,966848.0,1789000.0,127.1317134,36.0974056
2018,2018010623,35,야,토,1,1,0,0,0,충남,홍성군,차대사람,차도통행중,차도통행중,운전자법규위반,과속,단일로,기타단일로,승용차,승용차,보행자,보행자,921184.0,1834399.0,126.6198825,36.5040191
2018,2018101707,10,주,수,1,1,0,0,0,충남,홍성군,차대차,측면충돌,측면충돌,운전자법규위반,중앙선 침범,단일로,기타단일로,이륜차,이륜차,화물차,화물차,925437.0,1845071.0,126.6663373,36.60055905
2018,2018101812,35,주,목,1,2,1,0,0,충남,홍성군,차대사람,기타,기타,운전자법규위반,안전운전 의무 불이행,교차로,교차로부근,화물차,화물차,보행자,보행자,917326.0,1843454.0,126.575835,36.5853148
2018,2018121705,57,야,월,1,1,0,0,0,충남,홍성군,차대사람,횡단중,횡단중,운전자법규위반,중앙선 침범,단일로,기타단일로,승용차,승용차,보행자,보행자,930811.0,1843729.0,126.7265377,36.5888671
2018,2018092519,40,야,화,1,1,0,0,0,충남,홍성군,차대사람,횡단중,횡단중,운전자법규위반,안전운전 의무 불이행,단일로,기타단일로,승합차,승합차,보행자,보행자,921913.0,1837380.0,126.6277206,36.53094995
2018,2018102618,10,야,금,1,1,0,0,0,충남,홍성군,차대사람,횡단중,횡단중,운전자법규위반,과속,기타,기타,승용차,승용차,보행자,보행자,923630.0,1840147.0,126.6466245,36.55603075
2018,2018121807,6,주,화,1,1,0,0,0,충남,홍성군,차대사람,횡단중,횡단중,운전자법규위반,안전운전 의무 불이행,교차로,교차로내,승용차,승용차,보행자,보행자,924847.0,1848298.0,126.6594256,36.62960104
2018,2018122020,30,야,목,1,1,0,0,0,충남,아산시,차대사람,기타,기타,운전자법규위반,안전운전 의무 불이행,단일로,기타단일로,승용차,승용차,보행자,보행자,961900.0,1867751.0,127.0728723,36.80716527
2018,2018040505,50,야,목,1,1,0,0,0,충남,아산시,차대사람,기타,기타,운전자법규위반,안전운전 의무 불이행,교차로,교차로부근,승용차,승용차,보행자,보행자,956744.0,1862719.0,127.0153574,36.761583
2018,2018032014,30,주,화,1,1,0,0,0,충남,서천군,차대차,추돌,추돌,운전자법규위반,신호위반,교차로,교차로부근,화물차,화물차,자전거,자전거,925647.0,1788827.0,126.6740575,36.09356533
2018,2018022610,35,주,월,1,1,0,0,0,충남,공주시,차대사람,기타,기타,운전자법규위반,중앙선 침범,교차로,교차로부근,승용차,승용차,보행자,보행자,966172.0,1827972.0,127.1225163,36.44872799
2018,2018020919,45,야,금,1,1,0,0,0,충남,공주시,차대차,기타,기타,운전자법규위반,안전운전 의무 불이행,단일로,기타단일로,화물차,화물차,화물차,화물차,951010.0,1839939.0,126.9525718,36.55595288
2018,2018102410,35,주,수,1,1,0,0,0,충남,공주시,차대차,측면충돌,측면충돌,운전자법규위반,과속,교차로,교차로내,화물차,화물차,농기계,농기계,952726.0,1842672.0,126.9715783,36.58067655
2018,2018030906,0,주,금,1,1,0,0,0,세종,세종,차량단독,공작물충돌,공작물충돌,운전자법규위반,안전운전 의무 불이행,단일로,기타단일로,화물차,화물차,없음,없음,974578.0,1826718.0,127.2163581,36.43768275
2018,2018120918,20,야,일,1,1,0,0,0,충남,예산군,차대차,정면충돌,정면충돌,운전자법규위반,직진 및 우회전차의 통행방해,교차로,교차로내,화물차,화물차,이륜차,이륜차,925068.0,1855439.0,126.6611991,36.69398725
2018,2018112614,50,주,월,1,1,0,0,0,충남,예산군,차대사람,횡단중,횡단중,운전자법규위반,안전운전 의무 불이행,교차로,교차로내,승용차,승용차,보행자,보행자,941779.0,1853381.0,126.8484087,36.67660667
2018,2018080210,50,주,목,1,3,0,2,0,충남,예산군,차대차,추돌,추돌,운전자법규위반,안전거리 미확보,교차로,교차로내,화물차,화물차,승용차,승용차,940952.0,1858075.0,126.8387914,36.71886874
2018,2018012209,7,주,월,1,1,0,0,0,충남,예산군,차대차,측면충돌,측면충돌,운전자법규위반,안전운전 의무 불이행,단일로,기타단일로,승합차,승합차,자전거,자전거,940270.0,1859616.0,126.8310345,36.732717
2018,2018090413,55,주,화,1,1,0,0,0,충남,부여군,차대사람,횡단중,횡단중,운전자법규위반,안전운전 의무 불이행,단일로,기타단일로,화물차,화물차,보행자,보행자,929474.0,1810726.0,126.7145966,36.29126604
2018,2018033102,0,야,토,2,3,1,0,0,충남,부여군,차량단독,도로이탈,도로이탈 추락,운전자법규위반,과속,단일로,기타단일로,승용차,승용차,없음,없음,942847.0,1790245.0,126.8650069,36.10751351
2018,2018031722,53,야,토,1,1,0,0,0,충남,부여군,차대차,기타,기타,운전자법규위반,과속,단일로,기타단일로,승용차,승용차,승용차,승용차,953088.0,1806474.0,126.9778137,36.25437174
2018,2018031712,10,주,토,1,3,1,1,0,충남,당진시,차대차,측면충돌,측면충돌,운전자법규위반,안전운전 의무 불이행,단일로,기타단일로,승용차,승용차,화물차,화물차,918877.0,1888522.0,126.5883706,36.99167347
2018,2018060620,15,야,수,1,2,0,1,0,충남,당진시,차대차,추돌,추돌,운전자법규위반,안전운전 의무 불이행,교차로,교차로부근,승용차,승용차,승용차,승용차,918031.0,1888265.0,126.5788926,36.98928367
2018,2018042817,58,주,토,1,1,0,0,0,충남,금산군,차대차,측면충돌,측면충돌,운전자법규위반,교차로 통행방법 위반,교차로,교차로내,화물차,화물차,이륜차,이륜차,1001035.0,1790508.0,127.5114999,36.11156681
2018,2018011318,0,야,토,1,1,0,0,0,충남,금산군,차대차,정면충돌,정면충돌,운전자법규위반,중앙선 침범,단일로,기타단일로,승용차,승용차,화물차,화물차,1004208.0,1790484.0,127.5467552,36.11134186
2018,2018042008,35,주,금,1,1,0,0,0,충남,천안시,차대사람,기타,기타,운전자법규위반,안전운전 의무 불이행,단일로,기타단일로,승용차,승용차,보행자,보행자,968587.0,1867880.0,127.1478315,36.80857376
2018,2018100114,5,주,월,1,1,0,0,0,충남,천안시,차대차,측면충돌,측면충돌,운전자법규위반,신호위반,교차로,교차로내,승용차,승용차,승용차,승용차,969520.0,1868305.0,127.1582741,36.81243546
2018,2018062606,40,주,화,1,1,0,0,0,충남,태안군,차량단독,도로이탈,도로이탈 기타,운전자법규위반,안전운전 의무 불이행,단일로,기타단일로,승용차,승용차,없음,없음,886244.0,1863818.0,126.22543,36.76564953
2018,2018110713,10,주,수,1,1,0,0,0,충남,공주시,차대차,추돌,추돌,운전자법규위반,안전운전 의무 불이행,단일로,기타단일로,화물차,화물차,화물차,화물차,960802.0,1810070.0,127.0634968,36.28713467
2018,2018110511,15,주,월,1,1,0,0,0,대전,대덕구,차대차,추돌,추돌,운전자법규위반,안전운전 의무 불이행,단일로,기타단일로,승용차,승용차,화물차,화물차,992695.0,1824916.0,127.4185122,36.42174632
2018,2018031101,15,야,일,1,1,0,0,0,충북,청주시,차대차,추돌,추돌,운전자법규위반,안전운전 의무 불이행,단일로,기타단일로,승용차,승용차,승용차,승용차,993848.0,1838198.0,127.4312683,36.54149443
2018,2018032115,10,주,수,1,4,1,2,0,대전,동구,차량단독,기타,기타,운전자법규위반,안전운전 의무 불이행,단일로,기타단일로,승용차,승용차,없음,없음,996456.0,1810418.0,127.4605324,36.29106225
2018,2018032322,40,야,금,1,1,0,0,0,전북,전주시,차대사람,횡단중,횡단중,운전자법규위반,안전운전 의무 불이행,교차로,교차로부근,화물차,화물차,보행자,보행자,967586.0,1755859.0,127.1412649,35.79863641
2018,2018062513,40,주,월,1,1,0,0,0,전북,전주시,차대사람,기타,기타,운전자법규위반,안전운전 의무 불이행,단일로,기타단일로,화물차,화물차,보행자,보행자,968226.0,1758591.0,127.1482393,35.82328921
2018,2018010420,5,야,목,1,1,0,0,0,전북,전주시,차대사람,횡단중,횡단중,운전자법규위반,과속,교차로,교차로횡단보도내,승용차,승용차,보행자,보행자,964977.4,1756265.1,127.1123776,35.80220822
2018,2018101301,55,야,토,1,1,0,0,0,전북,전주시,차량단독,기타,기타,운전자법규위반,안전운전 의무 불이행,단일로,기타단일로,이륜차,이륜차,없음,없음,964718.0,1760705.0,127.1093106,35.84222908
2018,2018070416,30,주,수,1,1,0,0,0,전북,전주시,차대차,측면충돌,측면충돌,운전자법규위반,신호위반,교차로,교차로내,이륜차,이륜차,승용차,승용차,966533.6,1760390.2,127.1294281,35.83945452
2018,2018120919,40,야,일,1,1,0,0,0,전북,군산시,차대사람,횡단중,횡단중,운전자법규위반,과속,교차로,교차로횡단보도내,승용차,승용차,보행자,보행자,928794.0,1777435.0,126.7100391,35.99110206
2018,2018010407,20,주,목,1,1,0,0,0,전북,군산시,차대사람,횡단중,횡단중,운전자법규위반,안전운전 의무 불이행,단일로,기타단일로,승용차,승용차,보행자,보행자,930266.8,1775325.6,126.7265626,35.97219198
2018,2018060121,12,야,금,1,1,0,0,0,전북,군산시,차량단독,기타,기타,운전자법규위반,안전운전 의무 불이행,단일로,기타단일로,이륜차,이륜차,없음,없음,926581.0,1772080.0,126.6859859,35.94266214
2018,2018122407,17,주,월,1,1,0,0,0,전북,익산시,차대차,측면충돌,측면충돌,운전자법규위반,직진 및 우회전차의 통행방해,교차로,교차로내,자전거,자전거,승용차,승용차,951178.5,1772958.6,126.9586366,35.95212289
2018,2018102920,6,야,월,1,1,0,0,0,전북,익산시,차대사람,기타,기타,운전자법규위반,안전운전 의무 불이행,단일로,기타단일로,화물차,화물차,보행자,보행자,951656.4,1775161.4,126.9638014,35.97200625
2018,2018051018,0,야,목,1,1,0,0,0,전북,익산시,차량단독,전도,전도,운전자법규위반,안전운전 의무 불이행,교차로,교차로내,화물차,화물차,없음,없음,952605.2,1785420.6,126.9737099,36.06454499
2018,2018060120,30,야,금,1,4,2,1,0,전북,정읍시,차대차,정면충돌,정면충돌,운전자법규위반,중앙선 침범,단일로,기타단일로,승용차,승용차,승용차,승용차,943379.2,1727376.3,126.8753764,35.54074141
2018,2018111210,30,주,월,1,1,0,0,0,전북,정읍시,차량단독,전도,전도,운전자법규위반,안전운전 의무 불이행,단일로,기타단일로,자전거,자전거,없음,없음,941737.2,1745842.9,126.8559295,35.70713998
2018,2018013120,10,야,수,1,1,0,0,0,전북,김제시,차대사람,횡단중,횡단중,운전자법규위반,안전운전 의무 불이행,단일로,기타단일로,승합차,승합차,보행자,보행자,935871.5,1757336.0,126.7901711,35.81039289
2018,2018042702,10,야,금,1,1,0,0,0,전북,김제시,차대차,추돌,추돌,운전자법규위반,안전운전 의무 불이행,단일로,기타단일로,승용차,승용차,농기계,농기계,959337.0,1755315.9,127.0500008,35.79343279
2018,2018091311,30,주,목,1,2,0,1,0,전북,김제시,차대차,측면충돌,측면충돌,운전자법규위반,직진 및 우회전차의 통행방해,교차로,교차로내,이륜차,이륜차,화물차,화물차,950351.4,1747799.5,126.9510306,35.72525249
2018,2018111606,35,주,금,1,1,0,0,0,전북,남원시,차대차,기타,기타,운전자법규위반,중앙선 침범,단일로,기타단일로,건설기계,건설기계,자전거,자전거,981650.5,1702511.6,127.2981293,35.31799053
2018,2018012210,20,주,월,1,1,0,0,0,전북,남원시,차대차,추돌,추돌,운전자법규위반,안전운전 의무 불이행,단일로,기타단일로,이륜차,이륜차,화물차,화물차,984015.9,1705080.5,127.3241018,35.34119471
2018,2018112118,5,야,수,1,1,0,0,0,전북,고창군,차대사람,차도통행중,차도통행중,운전자법규위반,안전운전 의무 불이행,단일로,기타단일로,승용차,승용차,보행자,보행자,917764.0,1704732.0,126.5951113,35.33479357
2018,2018102718,15,야,토,2,2,0,0,0,전북,고창군,차대차,추돌,추돌,운전자법규위반,안전운전 의무 불이행,단일로,기타단일로,화물차,화물차,농기계,농기계,910408.0,1719081.8,126.5126032,35.46353136
2018,2018090419,10,야,화,1,1,0,0,0,전북,고창군,차대사람,기타,기타,운전자법규위반,안전운전 의무 불이행,교차로,교차로내,승합차,승합차,보행자,보행자,914012.0,1725764.0,126.5516103,35.52409288
2018,2018092521,20,야,화,1,1,0,0,0,전북,부안군,차대사람,차도통행중,차도통행중,운전자법규위반,안전운전 의무 불이행,단일로,기타단일로,승용차,승용차,보행자,보행자,930677.1,1749807.8,126.7333314,35.7421694
2018,2018022307,45,주,금,1,4,1,2,0,전북,진안군,차대차,측면충돌,측면충돌,운전자법규위반,안전운전 의무 불이행,단일로,기타단일로,승용차,승용차,승용차,승용차,991458.0,1760719.0,127.4054105,35.84295316
2018,2018062417,8,주,일,1,1,0,0,0,전북,순창군,차대차,측면충돌,측면충돌,운전자법규위반,안전운전 의무 불이행,단일로,기타단일로,화물차,화물차,자전거,자전거,975624.3,1714519.4,127.2314747,35.42613346
2018,2018011920,0,야,금,1,1,0,0,0,전북,무주군,차대사람,횡단중,횡단중,운전자법규위반,과속,단일로,지하차도(도로)내,승용차,승용차,보행자,보행자,1026923.6,1777843.2,127.7987158,35.99701136
2018,2018071119,32,야,수,1,2,1,0,0,전북,완주군,차대차,추돌,추돌,운전자법규위반,안전운전 의무 불이행,교차로,교차로부근,승용차,승용차,원동기장치자전거,원동기장치자전거,968658.4,1772790.2,127.1524672,35.95132237
2018,2018020212,10,주,금,1,1,0,0,0,전북,완주군,차량단독,전도,전도,운전자법규위반,안전운전 의무 불이행,단일로,기타단일로,특수차,특수차,없음,없음,970599.7,1765046.4,127.1742795,35.88156526
2018,2018050700,40,야,월,1,1,0,0,0,충남,당진시,차대차,추돌,추돌,운전자법규위반,안전운전 의무 불이행,단일로,교량위,승합차,승합차,승용차,승용차,920595.0,1872256.0,126.6093813,36.84520722
2018,2018071800,30,야,수,1,1,0,0,0,전북,부안군,차대차,추돌,추돌,운전자법규위반,안전운전 의무 불이행,단일로,기타단일로,화물차,화물차,화물차,화물차,927133.0,1734775.0,126.6955005,35.60638443
2018,2018011223,15,야,금,1,4,1,1,1,충남,당진시,차대차,추돌,추돌,운전자법규위반,안전운전 의무 불이행,단일로,기타단일로,승용차,승용차,건설기계,건설기계,923638.0,1873959.0,126.6433373,36.86080824
2018,2018091413,40,주,금,1,1,0,0,0,전남,목포시,차량단독,기타,기타,운전자법규위반,기타(운전자법규위반),단일로,기타단일로,승용차,승용차,없음,없음,901899.0,1645347.0,126.4275914,34.79796071
2018,2018121420,54,야,금,1,1,0,0,0,전남,목포시,차대사람,기타,기타,운전자법규위반,안전운전 의무 불이행,단일로,기타단일로,승용차,승용차,보행자,보행자,898466.2,1645573.6,126.3900439,34.79966733
2018,2018010721,8,야,일,1,1,0,0,0,전남,목포시,차대사람,횡단중,횡단중,운전자법규위반,안전운전 의무 불이행,교차로,교차로횡단보도내,승용차,승용차,보행자,보행자,899340.0,1646930.0,126.399432,34.81198345