발생년,발생년월일시,발생분,주야,요일,사망자수,사상자수,중상자수,경상자수,부상신고자수,발생지시도,발생지시군구,사고유형_대분류,사고유형_중분류,사고유형,법규위반_대분류,법규위반,도로형태_대분류,도로형태,가해자_당사자종별_대분류,가해자_당사자종별,피해자_당사자종별_대분류,피해자_당사자종별,발생위치X_UTMK,발생위치Y_UTMK,경도,위도
2018,2018101204,45,야,금,1,1,0,0,0,전남,여수시,차량단독,공작물충돌,공작물충돌,운전자법규위반,안전운전 의무 불이행,단일로,기타단일로,승합차,승합차,없음,없음,1019121.0,1643253.0,127.7089926,34.78362318
2018,2018102306,40,주,화,1,1,0,0,0,전남,여수시,차대사람,횡단중,횡단중,운전자법규위반,과속,단일로,기타단일로,승용차,승용차,보행자,보행자,1012367.2,1644486.9,127.6351919,34.79485451
2018,2018100912,35,주,화,1,1,0,0,0,전남,나주시,차량단독,도로이탈,도로이탈 추락,운전자법규위반,안전운전 의무 불이행,교차로,교차로부근,사륜오토바이(ATV),사륜오토바이(ATV),없음,없음,918028.6,1669794.9,126.6014955,35.0198203
2018,2018102012,25,주,토,1,1,0,0,0,전남,나주시,차량단독,전도,전도,운전자법규위반,안전운전 의무 불이행,교차로,교차로부근,농기계,농기계,없음,없음,925539.2,1677343.7,126.6831354,35.08846516
2018,2018123106,55,주,월,1,1,0,0,0,전남,나주시,차대사람,횡단중,횡단중,운전자법규위반,과속,교차로,교차로부근,승용차,승용차,보행자,보행자,933906.0,1669917.0,126.7755073,35.02208489
2018,2018052020,8,야,일,1,2,0,1,0,전남,나주시,차대차,추돌,추돌,운전자법규위반,과속,단일로,기타단일로,승용차,승용차,농기계,농기계,919069.6,1660908.3,126.6137687,34.9397792
2018,2018020702,19,야,수,1,2,0,1,0,전남,나주시,차량단독,전도,전도,운전자법규위반,안전운전 의무 불이행,단일로,기타단일로,승용차,승용차,없음,없음,928006.6,1674761.9,126.7104257,35.06536576
2018,2018031515,57,주,목,1,2,1,0,0,전남,고흥군,차대차,정면충돌,정면충돌,운전자법규위반,중앙선 침범,단일로,기타단일로,승용차,승용차,화물차,화물차,993178.0,1614050.0,127.4256708,34.52042853
2018,2018062508,10,주,월,2,3,1,0,0,전남,고흥군,차대차,정면충돌,정면충돌,운전자법규위반,중앙선 침범,단일로,기타단일로,승용차,승용차,화물차,화물차,974633.0,1615153.0,127.2235818,34.53008536
2018,2018122111,30,주,금,1,1,0,0,0,전남,해남군,차량단독,기타,기타,운전자법규위반,안전운전 의무 불이행,단일로,기타단일로,화물차,화물차,없음,없음,903420.0,1628439.0,126.4461523,34.64565811
2018,2018090822,0,야,토,1,1,0,0,0,전남,해남군,차대사람,횡단중,횡단중,운전자법규위반,안전운전 의무 불이행,단일로,기타단일로,승용차,승용차,보행자,보행자,890949.0,1621190.0,126.3110298,34.57904884
2018,2018081818,40,야,토,1,1,0,0,0,전남,해남군,차량단독,도로이탈,도로이탈 추락,운전자법규위반,안전운전 의무 불이행,단일로,기타단일로,이륜차,이륜차,없음,없음,924063.0,1619529.0,126.6721758,34.56705444
2018,2018051611,35,주,수,1,1,0,0,0,전남,보성군,차대사람,차도통행중,차도통행중,운전자법규위반,안전운전 의무 불이행,단일로,기타단일로,승용차,승용차,보행자,보행자,968658.0,1641908.0,127.1574837,34.77119188
2018,2018111414,30,주,수,1,1,0,0,0,전남,보성군,차량단독,전도,전도,운전자법규위반,안전운전 의무 불이행,단일로,기타단일로,사륜오토바이(ATV),사륜오토바이(ATV),없음,없음,965182.4,1659831.7,127.118757,34.93270539
2018,2018091719,10,야,월,1,1,0,0,0,전남,영광군,차대사람,차도통행중,차도통행중,운전자법규위반,안전운전 의무 불이행,단일로,기타단일로,화물차,화물차,보행자,보행자,911382.0,1691448.0,126.5263297,35.21448268
2018,2018081506,24,주,수,1,1,0,0,0,전남,영광군,차대차,기타,기타,운전자법규위반,안전운전 의무 불이행,단일로,기타단일로,화물차,화물차,불명,불명,903739.0,1711136.0,126.4400537,35.39127437
2018,2018060711,30,주,목,1,1,0,0,0,전남,화순군,차량단독,공작물충돌,공작물충돌,운전자법규위반,안전운전 의무 불이행,단일로,기타단일로,승용차,승용차,없음,없음,964759.0,1674257.0,127.1135099,35.06276714
2018,2018071923,39,야,목,1,2,1,0,0,전남,화순군,차량단독,기타,기타,운전자법규위반,안전운전 의무 불이행,단일로,기타단일로,원동기장치자전거,원동기장치자전거,없음,없음,954833.0,1675553.0,127.0045835,35.07405749
2018,2018042608,45,주,목,1,1,0,0,0,전남,함평군,차량단독,공작물충돌,공작물충돌,운전자법규위반,안전운전 의무 불이행,단일로,기타단일로,승용차,승용차,없음,없음,916310.0,1674245.0,126.5822112,35.05980247
2018,2018102007,0,주,토,1,1,0,0,0,전남,영암군,차대사람,횡단중,횡단중,운전자법규위반,보행자 보호의무 위반,단일로,기타단일로,화물차,화물차,보행자,보행자,910249.4,1638051.7,126.519641,34.73295298
2018,2018012311,0,주,화,1,1,0,0,0,전남,영암군,차대차,기타,기타,운전자법규위반,안전운전 의무 불이행,교차로,교차로내,화물차,화물차,원동기장치자전거,원동기장치자전거,926787.4,1645679.9,126.6996069,34.80305565
2018,2018072810,10,주,토,1,1,0,0,0,전남,장성군,차대차,정면충돌,정면충돌,운전자법규위반,중앙선 침범,단일로,기타단일로,이륜차,이륜차,건설기계,건설기계,920952.4,1700557.2,126.6305943,35.29741137
2018,2018111316,10,주,화,1,1,0,0,0,전남,강진군,차량단독,공작물충돌,공작물충돌,운전자법규위반,안전운전 의무 불이행,단일로,기타단일로,사륜오토바이(ATV),사륜오토바이(ATV),없음,없음,928171.0,1634649.0,126.7156728,34.70368901
2018,2018103016,40,주,화,1,1,0,0,0,전남,담양군,차대차,측면충돌,측면충돌,운전자법규위반,안전운전 의무 불이행,교차로,교차로내,화물차,화물차,이륜차,이륜차,952062.0,1692445.0,126.97321,35.22624193
2018,2018092317,30,주,일,1,1,0,0,0,전남,담양군,차량단독,기타,기타,운전자법규위반,안전운전 의무 불이행,단일로,기타단일로,자전거,자전거,없음,없음,952752.3,1703398.2,126.9801648,35.32503597
2018,2018110707,0,주,수,1,2,1,0,0,전남,완도군,차대차,측면충돌,측면충돌,운전자법규위반,신호위반,단일로,기타단일로,승용차,승용차,화물차,화물차,933489.2,1595896.5,126.7767674,34.35460151
2018,2018022209,40,주,목,1,1,0,0,0,전남,무안군,차대사람,횡단중,횡단중,운전자법규위반,안전운전 의무 불이행,단일로,기타단일로,승용차,승용차,보행자,보행자,906261.1,1647129.9,126.4750706,34.81444666
2018,2018091310,45,주,목,1,1,0,0,0,전남,진도군,차대차,기타,기타,운전자법규위반,교차로 통행방법 위반,교차로,교차로내,사륜오토바이(ATV),사륜오토바이(ATV),화물차,화물차,887557.4,1601057.3,126.2767125,34.39716391
2018,2018082204,45,야,수,1,1,0,0,0,전남,광양시,차대차,측면충돌,측면충돌,운전자법규위반,중앙선 침범,단일로,기타단일로,승용차,승용차,특수차,특수차,1019599.0,1659686.0,127.7146016,34.93180015
2018,2018080223,45,야,목,1,2,1,0,0,전남,구례군,차량단독,공작물충돌,공작물충돌,운전자법규위반,안전운전 의무 불이행,교차로,교차로내,승용차,승용차,없음,없음,996783.0,1691187.0,127.4646527,35.21603947
2018,2018020812,48,주,목,1,1,0,0,0,전북,익산시,차량단독,공작물충돌,공작물충돌,운전자법규위반,안전운전 의무 불이행,단일로,기타단일로,화물차,화물차,없음,없음,962124.0,1770220.0,127.0801344,35.92791831
2018,2018031719,48,야,토,1,1,0,0,0,경북,경주시,차대사람,기타,기타,운전자법규위반,안전운전 의무 불이행,단일로,기타단일로,승용차,승용차,보행자,보행자,1154166.0,1762182.0,129.2070952,35.84405336
2018,2018050719,0,야,월,1,1,0,0,0,경북,경주시,차대차,측면충돌,측면충돌,운전자법규위반,안전운전 의무 불이행,단일로,기타단일로,원동기장치자전거,원동기장치자전거,승합차,승합차,1155593.0,1781179.0,129.2266094,36.01502796
2018,2018082020,50,야,월,1,2,1,0,0,경북,포항시,차대차,정면충돌,정면충돌,운전자법규위반,중앙선 침범,단일로,기타단일로,승용차,승용차,화물차,화물차,1164364.0,1784619.0,129.3246126,36.04458645
2018,2018090305,40,야,월,1,1,0,0,0,경북,안동시,차대사람,횡단중,횡단중,운전자법규위반,신호위반,교차로,교차로내,승용차,승용차,보행자,보행자,1106765.0,1841674.0,128.6931706,36.5668796
2018,2018011119,30,야,목,1,1,0,0,0,경북,김천시,차대차,추돌,추돌,운전자법규위반,안전운전 의무 불이행,단일로,기타단일로,승용차,승용차,이륜차,이륜차,1047588.0,1793604.0,128.0289297,36.13831223
2018,2018112016,35,주,화,1,1,0,0,0,경북,김천시,차량단독,전도,전도,운전자법규위반,안전운전 의무 불이행,교차로,교차로부근,농기계,농기계,없음,없음,1047525.0,1791390.0,128.0280957,36.1183553
2018,2018120211,0,주,일,1,1,0,0,0,경북,김천시,차대사람,횡단중,횡단중,운전자법규위반,교차로 통행방법 위반,교차로,교차로내,화물차,화물차,보행자,보행자,1056511.0,1791754.0,128.1279689,36.12115508
2018,2018050817,0,주,화,1,1,0,0,0,경북,상주시,차대사람,횡단중,횡단중,운전자법규위반,안전운전 의무 불이행,단일로,기타단일로,화물차,화물차,보행자,보행자,1037610.0,1840382.0,127.92029,36.56046247
2018,2018100508,52,주,금,1,1,0,0,0,경북,상주시,차량단독,도로이탈,도로이탈 추락,운전자법규위반,안전운전 의무 불이행,단일로,기타단일로,승용차,승용차,없음,없음,1060873.0,1820640.0,128.1786863,36.38129655
2018,2018082503,40,야,토,1,2,1,0,0,경북,의성군,차대차,추돌,추돌,운전자법규위반,안전운전 의무 불이행,단일로,교량위,승용차,승용차,농기계,농기계,1104534.0,1826401.0,128.6661761,36.42946614
2018,2018101017,10,주,수,1,1,0,0,0,경북,의성군,차대차,측면충돌,측면충돌,운전자법규위반,안전운전 의무 불이행,단일로,기타단일로,이륜차,이륜차,화물차,화물차,1111290.0,1804395.0,128.7383869,36.23035891
2018,2018101112,30,주,목,1,3,2,0,0,경북,의성군,차대차,정면충돌,정면충돌,운전자법규위반,중앙선 침범,기타,기타,이륜차,이륜차,승용차,승용차,1105680.0,1803227.0,128.6758158,36.22046069
2018,2018080323,15,야,금,1,1,0,0,0,경북,영주시,차대사람,기타,기타,운전자법규위반,안전운전 의무 불이행,단일로,기타단일로,승용차,승용차,보행자,보행자,1099320.5,1868749.0,128.6135013,36.81171555
2018,2018081711,3,주,금,1,1,0,0,0,경북,영천시,차량단독,공작물충돌,공작물충돌,운전자법규위반,안전운전 의무 불이행,단일로,기타단일로,건설기계,건설기계,없음,없음,1129402.0,1796793.0,128.9386219,36.15958821
2018,2018011721,30,야,수,1,1,0,0,0,경북,문경시,차대사람,길가장자리구역통행중,길가장자리구역통행중,운전자법규위반,안전운전 의무 불이행,단일로,기타단일로,승용차,승용차,보행자,보행자,1073108.0,1862928.0,128.3191014,36.76163459
2018,2018100904,35,야,화,1,1,0,0,0,경북,문경시,차대차,추돌,추돌,운전자법규위반,안전운전 의무 불이행,단일로,기타단일로,승용차,승용차,화물차,화물차,1061586.0,1844487.0,128.1885352,36.59622122
2018,2018082914,25,주,수,2,2,0,0,0,경북,경산시,차량단독,기타,기타,운전자법규위반,안전운전 의무 불이행,단일로,기타단일로,화물차,화물차,없음,없음,1124718.0,1752155.0,128.8795457,35.75786359
2018,2018122315,20,주,일,1,1,0,0,0,경북,경산시,차대차,측면충돌,측면충돌,운전자법규위반,중앙선 침범,단일로,기타단일로,화물차,화물차,이륜차,이륜차,1116721.0,1764921.0,128.7929738,35.87391721
2018,2018040521,31,야,목,1,1,0,0,0,경북,경산시,차대사람,횡단중,횡단중,운전자법규위반,보행자 보호의무 위반,단일로,기타단일로,승용차,승용차,보행자,보행자,1111129.0,1758938.0,128.7302084,35.82063665
2018,2018011119,14,야,목,1,4,1,2,0,경북,경산시,차대차,기타,기타,운전자법규위반,안전운전 의무 불이행,단일로,기타단일로,승용차,승용차,승용차,승용차,1120176.0,1765060.0,128.8312583,35.87475211
2018,2018022415,15,주,토,1,1,0,0,0,경북,경산시,차량단독,공작물충돌,공작물충돌,운전자법규위반,안전운전 의무 불이행,단일로,기타단일로,화물차,화물차,없음,없음,1115559.0,1754020.0,128.7785276,35.77579395
2018,2018092318,54,야,일,1,1,0,0,0,경북,영덕군,차대사람,횡단중,횡단중,운전자법규위반,안전운전 의무 불이행,교차로,교차로내,화물차,화물차,보행자,보행자,1168585.0,1819723.0,129.3789951,36.36017936
2018,2018042805,55,야,토,1,1,0,0,0,경북,영덕군,차대차,정면충돌,정면충돌,운전자법규위반,안전운전 의무 불이행,교차로,교차로내,이륜차,이륜차,승용차,승용차,1168712.0,1819433.0,129.380347,36.35754404
2018,2018102611,40,주,금,1,1,0,0,0,경북,영덕군,차대차,기타,기타,운전자법규위반,중앙선 침범,단일로,기타단일로,자전거,자전거,승용차,승용차,1165811.0,1839844.0,129.3523989,36.54196278
2018,2018032611,9,주,월,1,1,0,0,0,경북,영덕군,차대차,측면충돌,측면충돌,운전자법규위반,안전운전 의무 불이행,교차로,교차로내,승용차,승용차,건설기계,건설기계,1168419.0,1825763.0,129.378455,36.41463189
2018,2018102623,50,야,금,1,2,1,0,0,경북,예천군,차대사람,기타,기타,운전자법규위반,과속,단일로,기타단일로,승용차,승용차,보행자,보행자,1087484.0,1848689.0,128.4785223,36.63207258
2018,2018112516,10,주,일,1,3,2,0,0,경북,예천군,차대차,측면충돌,측면충돌,운전자법규위반,안전운전 의무 불이행,교차로,교차로내,화물차,화물차,화물차,화물차,1082432.0,1854239.0,128.4226185,36.68254974
2018,2018121721,0,야,월,1,1,0,0,0,경북,청도군,차량단독,도로이탈,도로이탈 추락,운전자법규위반,안전운전 의무 불이행,단일로,기타단일로,이륜차,이륜차,없음,없음,1132251.0,1758537.0,128.9639016,35.81440221
2018,2018072720,20,야,금,1,1,0,0,0,경북,청도군,차대사람,기타,기타,운전자법규위반,안전운전 의무 불이행,단일로,기타단일로,승용차,승용차,보행자,보행자,1112923.0,1738889.0,128.7472427,35.63970601
2018,2018050421,50,야,금,1,1,0,0,0,경북,성주군,차량단독,전도,전도,운전자법규위반,안전운전 의무 불이행,단일로,기타단일로,이륜차,이륜차,없음,없음,1068285.0,1778882.0,128.2576826,36.00435599
2018,2018052420,20,야,목,1,1,0,0,0,경북,성주군,차대차,정면충돌,정면충돌,운전자법규위반,중앙선 침범,단일로,기타단일로,원동기장치자전거,원동기장치자전거,화물차,화물차,1080514.0,1770099.0,128.3924691,35.92424432
2018,2018111015,20,주,토,1,1,0,0,0,경북,성주군,차량단독,도로이탈,도로이탈 기타,운전자법규위반,안전운전 의무 불이행,교차로,교차로부근,화물차,화물차,없음,없음,1063029.0,1774832.0,128.1990446,35.96819826
2018,2018111917,35,주,월,1,1,0,0,0,경북,성주군,차대사람,횡단중,횡단중,운전자법규위반,안전운전 의무 불이행,단일로,기타단일로,승용차,승용차,보행자,보행자,1074782.0,1769002.0,128.3288349,35.91481022
2018,2018050620,26,야,일,1,9,3,5,0,경북,고령군,차대차,정면충돌,정면충돌,운전자법규위반,중앙선 침범,단일로,기타단일로,승용차,승용차,승용차,승용차,1064769.0,1739830.0,128.2155049,35.652523
2018,2018100823,10,야,월,1,1,0,0,0,경북,구미시,차대사람,횡단중,횡단중,운전자법규위반,과속,단일로,기타단일로,승용차,승용차,보행자,보행자,1083015.0,1793643.0,128.4226606,36.13627785
2018,2018051923,2,야,토,2,4,0,2,0,경북,구미시,차대사람,횡단중,횡단중,운전자법규위반,안전운전 의무 불이행,단일로,기타단일로,승합차,승합차,보행자,보행자,1077006.0,1791936.0,128.3557142,36.12138552
2018,2018071019,43,야,화,1,1,0,0,0,경북,구미시,차대차,측면충돌,측면충돌,운전자법규위반,안전운전 의무 불이행,교차로,교차로부근,화물차,화물차,자전거,자전거,1077375.0,1788950.0,128.3595208,36.09443808
2018,2018050810,8,주,화,1,1,0,0,0,경북,구미시,차대차,기타,기타,운전자법규위반,안전운전 의무 불이행,단일로,교량위,건설기계,건설기계,원동기장치자전거,원동기장치자전거,1077070.0,1792511.0,128.3564816,36.12656392
2018,2018030304,33,야,토,1,1,0,0,0,경북,포항시,차량단독,기타,기타,운전자법규위반,안전운전 의무 불이행,단일로,기타단일로,이륜차,이륜차,없음,없음,1173279.0,1778940.0,129.422286,35.99186732
2018,2018101408,14,주,일,1,2,0,1,0,경북,포항시,차대사람,횡단중,횡단중,운전자법규위반,신호위반,교차로,교차로내,승용차,승용차,보행자,보행자,1165465.0,1780616.0,129.3359918,36.00832778
2018,2018102004,20,야,토,1,1,0,0,0,경북,포항시,차대차,기타,기타,운전자법규위반,신호위반,교차로,교차로횡단보도내,승용차,승용차,화물차,화물차,1169219.0,1780497.0,129.3776007,36.00661074
2018,2018071300,2,야,금,1,6,0,4,1,대구,달성군,차대차,기타,기타,운전자법규위반,기타(운전자법규위반),단일로,기타단일로,불명,불명,화물차,화물차,1086941.0,1771597.0,128.4638653,35.93719777
2018,2018061701,36,야,일,1,4,1,2,0,경북,고령군,차량단독,기타,기타,운전자법규위반,안전운전 의무 불이행,단일로,기타단일로,승용차,승용차,없음,없음,1071026.0,1746421.0,128.2852026,35.71151419
2018,2018031817,0,주,일,1,3,1,1,0,경북,청도군,차대차,측면충돌,측면충돌,운전자법규위반,안전운전 의무 불이행,단일로,기타단일로,화물차,화물차,화물차,화물차,1115109.0,1732259.0,128.7704366,35.57968876
2018,2018042102,5,야,토,1,1,0,0,0,경북,김천시,차량단독,공작물충돌,공작물충돌,운전자법규위반,안전운전 의무 불이행,단일로,기타단일로,특수차,특수차,없음,없음,1068981.4,1795659.2,128.2668765,36.15555365
2018,2018042015,0,주,금,1,6,2,3,0,경북,구미시,차대차,추돌,추돌,운전자법규위반,안전운전 의무 불이행,단일로,기타단일로,화물차,화물차,승용차,승용차,1068050.0,1808059.0,128.2575996,36.26740168
2018,2018051410,37,주,월,1,1,0,0,0,경북,포항시,차대차,정면충돌,정면충돌,운전자법규위반,중앙선 침범,단일로,기타단일로,이륜차,이륜차,승용차,승용차,1152547.0,1788721.0,129.1942777,36.08347765
2018,2018101520,4,야,월,2,12,8,2,0,경북,상주시,차대차,추돌,추돌,운전자법규위반,안전운전 의무 불이행,단일로,기타단일로,화물차,화물차,승합차,승합차,1058066.0,1842440.0,128.1490292,36.57798943
2018,2018112622,50,야,월,1,1,0,0,0,경남,창원시(통합),차대사람,횡단중,횡단중,운전자법규위반,신호위반,교차로,교차로내,승합차,승합차,보행자,보행자,1096361.0,1690170.0,128.5585827,35.20224674
2018,2018060904,31,야,토,1,2,0,1,0,경남,진주시,차대차,측면충돌,측면충돌,운전자법규위반,신호위반,교차로,교차로내,승용차,승용차,승용차,승용차,1053268.0,1688595.0,128.0851096,35.19125875
2018,2018070219,55,야,월,1,1,0,0,0,경남,진주시,차대사람,횡단중,횡단중,운전자법규위반,안전운전 의무 불이행,교차로,교차로내,승합차,승합차,보행자,보행자,1056170.0,1688077.0,128.116949,35.18642993
2018,2018121704,45,야,월,1,2,1,0,0,경남,창원시(통합),차대차,기타,기타,운전자법규위반,안전운전 의무 불이행,단일로,기타단일로,화물차,화물차,승용차,승용차,1114303.0,1680076.0,128.7542499,35.10936558
2018,2018111720,10,야,토,1,1,0,0,0,경남,창원시(통합),차대사람,횡단중,횡단중,운전자법규위반,안전운전 의무 불이행,교차로,교차로내,이륜차,이륜차,보행자,보행자,1108472.0,1684926.0,128.6909153,35.15373481
2018,2018051511,20,주,화,1,1,0,0,0,경남,통영시,차대차,측면충돌,측면충돌,운전자법규위반,신호위반,교차로,교차로내,원동기장치자전거,원동기장치자전거,화물차,화물차,1085158.0,1650988.0,128.4315102,34.84998727
2018,2018080719,24,야,화,1,1,0,0,0,경남,사천시,차대사람,횡단중,횡단중,운전자법규위반,과속,교차로,교차로횡단보도내,승용차,승용차,보행자,보행자,1052935.0,1661663.0,128.0797322,34.94843393
2018,2018101222,20,야,금,1,1,0,0,0,경남,사천시,차대사람,횡단중,횡단중,운전자법규위반,보행자 보호의무 위반,교차로,교차로부근,승용차,승용차,보행자,보행자,1051957.0,1659556.0,128.0688906,34.92948558
2018,2018031412,35,주,수,1,1,0,0,0,경남,사천시,차대사람,기타,기타,운전자법규위반,안전운전 의무 불이행,단일로,기타단일로,승용차,승용차,보행자,보행자,1056993.0,1662128.0,128.124204,34.95240661
2018,2018122006,51,주,목,1,1,0,0,0,경남,밀양시,차대사람,길가장자리구역통행중,길가장자리구역통행중,운전자법규위반,안전운전 의무 불이행,단일로,기타단일로,승용차,승용차,보행자,보행자,1115189.0,1715026.0,128.7688734,35.42433308
2018,2018050416,55,주,금,1,1,0,0,0,경남,밀양시,차대사람,길가장자리구역통행중,길가장자리구역통행중,운전자법규위반,안전운전 의무 불이행,단일로,기타단일로,화물차,화물차,보행자,보행자,1117081.0,1723979.0,128.7909994,35.50481873
2018,2018071711,5,주,화,1,1,0,0,0,경남,거창군,차대사람,차도통행중,차도통행중,운전자법규위반,안전운전 의무 불이행,단일로,기타단일로,화물차,화물차,보행자,보행자,1046953.0,1742394.0,128.0188492,35.67664866
2018,2018112009,50,주,화,1,1,0,0,0,경남,거창군,차대차,측면충돌,측면충돌,운전자법규위반,직진 및 우회전차의 통행방해,교차로,교차로내,이륜차,이륜차,승용차,승용차,1037545.0,1746732.0,127.9150925,35.71616389
2018,2018090610,20,주,목,1,1,0,0,0,경남,합천군,차대사람,횡단중,횡단중,운전자법규위반,안전운전 의무 불이행,교차로,교차로횡단보도내,화물차,화물차,보행자,보행자,1060721.0,1730378.0,128.1700783,35.56756197
2018,2018080416,16,주,토,1,4,0,3,0,경남,창녕군,차량단독,공작물충돌,공작물충돌,운전자법규위반,안전운전 의무 불이행,단일로,기타단일로,승용차,승용차,없음,없음,1094122.0,1722650.0,128.5377284,35.49528086
2018,2018020519,20,야,월,1,1,0,0,0,경남,함양군,차대사람,길가장자리구역통행중,길가장자리구역통행중,운전자법규위반,안전운전 의무 불이행,단일로,기타단일로,승용차,승용차,보행자,보행자,1025597.0,1728141.0,127.7824085,35.54892337
2018,2018041719,15,야,화,1,1,0,0,0,경남,양산시,차량단독,공작물충돌,공작물충돌,운전자법규위반,안전운전 의무 불이행,교차로,교차로내,화물차,화물차,없음,없음,1143338.0,1719425.0,129.0796307,35.46032729
2018,2018032918,50,야,목,1,1,0,0,0,경남,고성군,차대사람,차도통행중,차도통행중,운전자법규위반,안전운전 의무 불이행,단일로,기타단일로,화물차,화물차,보행자,보행자,1075172.0,1665063.0,128.3235545,34.97768395
2018,2018041813,45,주,수,2,2,0,0,0,경남,고성군,차량단독,공작물충돌,공작물충돌,운전자법규위반,안전운전 의무 불이행,단일로,기타단일로,승용차,승용차,없음,없음,1078640.0,1667896.0,128.3618125,35.00296389
2018,2018101718,8,야,수,1,1,0,0,0,경남,고성군,차대사람,횡단중,횡단중,운전자법규위반,보행자 보호의무 위반,단일로,기타단일로,승용차,승용차,보행자,보행자,1077728.0,1670425.0,128.3520554,35.02583696
2018,2018121006,35,주,월,1,1,0,0,0,경남,고성군,차대사람,기타,기타,운전자법규위반,안전운전 의무 불이행,교차로,교차로내,화물차,화물차,보행자,보행자,1067949.0,1673349.0,128.2451058,35.05290684
2018,2018031211,50,주,월,1,1,0,0,0,경남,하동군,차대차,정면충돌,정면충돌,운전자법규위반,안전운전 의무 불이행,교차로,교차로부근,화물차,화물차,자전거,자전거,1034947.0,1687123.0,127.8838096,35.17879085
2018,2018062922,3,야,금,1,1,0,0,0,경남,하동군,차량단독,공작물충돌,공작물충돌,운전자법규위반,안전운전 의무 불이행,단일로,기타단일로,이륜차,이륜차,없음,없음,1025184.0,1677000.0,127.7762791,35.08780267
2018,2018041417,45,주,토,1,1,0,0,0,경남,거제시,차대차,기타,기타,운전자법규위반,안전운전 의무 불이행,단일로,기타단일로,승용차,승용차,이륜차,이륜차,1110208.0,1652606.0,128.7056876,34.8621676
2018,2018042708,14,주,금,1,1,0,0,0,경남,산청군,차량단독,도로이탈,도로이탈 추락,운전자법규위반,안전운전 의무 불이행,단일로,기타단일로,화물차,화물차,없음,없음,1038164.0,1711832.0,127.9202899,35.40146903
2018,2018072720,0,야,금,1,1,0,0,0,경남,산청군,차량단독,공작물충돌,공작물충돌,운전자법규위반,안전운전 의무 불이행,단일로,기타단일로,화물차,화물차,없음,없음,1038251.0,1711841.0,127.9212484,35.40154684
2018,2018031209,10,주,월,1,2,0,1,0,경남,산청군,차대차,추돌,추돌,운전자법규위반,안전운전 의무 불이행,단일로,기타단일로,승용차,승용차,농기계,농기계,1040072.0,1704796.0,127.9409565,35.33795314
2018,2018012021,45,야,토,1,1,0,0,0,경남,함안군,차량단독,공작물충돌,공작물충돌,운전자법규위반,안전운전 의무 불이행,단일로,기타단일로,승용차,승용차,없음,없음,1078636.0,1698204.0,128.3646535,35.27622741
2018,2018072622,15,야,목,1,1,0,0,0,경남,함안군,차대차,추돌,추돌,운전자법규위반,안전운전 의무 불이행,단일로,기타단일로,승용차,승용차,자전거,자전거,1090041.0,1710436.0,128.491389,35.38554498
2018,2018111520,5,야,목,1,1,0,0,0,경남,함안군,차대사람,차도통행중,차도통행중,운전자법규위반,안전운전 의무 불이행,단일로,기타단일로,승용차,승용차,보행자,보행자,1092078.0,1706451.0,128.513365,35.34943219
2018,2018041813,38,주,수,1,1,0,0,0,경남,의령군,차대차,측면충돌,측면충돌,운전자법규위반,교차로 통행방법 위반,교차로,교차로내,이륜차,이륜차,화물차,화물차,1084155.0,1712087.0,128.4267598,35.40094423
2018,2018021219,8,야,월,1,1,0,0,0,경남,창원시(통합),차대사람,차도통행중,차도통행중,운전자법규위반,안전운전 의무 불이행,단일로,기타단일로,승용차,승용차,보행자,보행자,1107435.0,1694760.0,128.6808147,35.24250193
2018,2018062717,25,주,수,1,1,0,0,0,경남,창원시(통합),차대차,측면충돌,측면충돌,운전자법규위반,안전운전 의무 불이행,교차로,교차로부근,원동기장치자전거,원동기장치자전거,승용차,승용차,1098119.0,1695099.0,128.5784803,35.2465138
2018,2018041512,50,주,일,1,1,0,0,0,경남,창원시(통합),차대차,기타,기타,운전자법규위반,차로위반(진로변경 위반),단일로,기타단일로,원동기장치자전거,원동기장치자전거,승용차,승용차,1097763.0,1692202.0,128.5742235,35.22043069
2018,2018081117,1,주,토,1,1,0,0,0,경남,창원시(통합),차량단독,공작물충돌,공작물충돌,운전자법규위반,안전운전 의무 불이행,단일로,기타단일로,이륜차,이륜차,없음,없음,1102627.0,1707041.0,128.629517,35.35372212
2018,2018062905,35,야,금,1,1,0,0,0,경남,창원시(통합),차대사람,기타,기타,운전자법규위반,보행자 보호의무 위반,교차로,교차로내,승용차,승용차,보행자,보행자,1100663.0,1706315.0,128.6078154,35.34737713
2018,2018073023,0,야,월,1,1,0,0,0,경남,창원시(통합),차대사람,횡단중,횡단중,운전자법규위반,과속,단일로,기타단일로,승용차,승용차,보행자,보행자,1105939.0,1695126.0,128.6644225,35.24596079
2018,2018080123,45,야,수,1,1,0,0,0,경남,통영시,차대사람,기타,기타,운전자법규위반,안전운전 의무 불이행,단일로,기타단일로,승용차,승용차,보행자,보행자,1083757.0,1653585.0,128.4164467,34.8735195