발생년,발생년월일시,발생분,주야,요일,사망자수,사상자수,중상자수,경상자수,부상신고자수,발생지시도,발생지시군구,사고유형_대분류,사고유형_중분류,사고유형,법규위반_대분류,법규위반,도로형태_대분류,도로형태,가해자_당사자종별_대분류,가해자_당사자종별,피해자_당사자종별_대분류,피해자_당사자종별,발생위치X_UTMK,발생위치Y_UTMK,경도,위도
2018,2018090216,50,주,일,2,6,0,4,0,경남,함안군,차대차,추돌,추돌,운전자법규위반,안전운전 의무 불이행,단일로,기타단일로,특수차,특수차,승용차,승용차,1091203.0,1699890.0,128.5030057,35.29036133
2018,2018020112,1,주,목,1,1,0,0,0,제주,서귀포시,차대사람,기타,기타,운전자법규위반,안전운전 의무 불이행,단일로,기타단일로,화물차,화물차,보행자,보행자,927115.0,1476714.0,126.7173129,33.27934493
2018,2018022506,34,주,일,1,1,0,0,0,제주,서귀포시,차대사람,횡단중,횡단중,운전자법규위반,중앙선 침범,단일로,기타단일로,승용차,승용차,보행자,보행자,929421.0,1477331.0,126.7420263,33.2850632
2018,2018112110,25,주,수,1,1,0,0,0,제주,서귀포시,차대차,추돌,추돌,운전자법규위반,안전운전 의무 불이행,단일로,기타단일로,승용차,승용차,이륜차,이륜차,888716.0,1476473.0,126.3050534,33.27389186
2018,2018090219,42,야,일,1,2,0,1,0,제주,서귀포시,차대차,측면충돌,측면충돌,운전자법규위반,과속,교차로,교차로내,이륜차,이륜차,승용차,승용차,926500.0,1477025.0,126.710684,33.28210812
2018,2018082201,18,야,수,1,1,0,0,0,제주,서귀포시,차량단독,기타,기타,운전자법규위반,안전운전 의무 불이행,기타,기타,사륜오토바이(ATV),사륜오토바이(ATV),없음,없음,942291.0,1488316.0,126.879532,33.38490686
2018,2018072922,50,야,일,1,1,0,0,0,제주,서귀포시,차대사람,기타,기타,운전자법규위반,안전운전 의무 불이행,교차로,교차로부근,승용차,승용차,보행자,보행자,887999.0,1471753.0,126.2979388,33.23125257
2018,2018071721,10,야,화,1,1,0,0,0,제주,제주시,차대사람,횡단중,횡단중,운전자법규위반,보행자 보호의무 위반,교차로,교차로횡단보도내,승용차,승용차,보행자,보행자,885811.0,1491300.0,126.2719908,33.4072952
2018,2018061817,25,주,월,1,1,0,0,0,제주,제주시,차량단독,기타,기타,운전자법규위반,안전운전 의무 불이행,단일로,기타단일로,화물차,화물차,없음,없음,888150.0,1492702.0,126.2969656,33.42018453
2018,2018101220,30,야,금,1,1,0,0,0,제주,제주시,차대차,기타,기타,운전자법규위반,중앙선 침범,단일로,기타단일로,이륜차,이륜차,승용차,승용차,902813.0,1497668.0,126.4541157,33.46639823
2018,2018022421,4,야,토,1,1,0,0,0,제주,제주시,차대사람,횡단중,횡단중,운전자법규위반,안전운전 의무 불이행,단일로,기타단일로,승합차,승합차,보행자,보행자,899311.0,1500053.0,126.4161667,33.48758265
2018,2018011812,35,주,목,1,1,0,0,0,제주,제주시,차대차,기타,기타,운전자법규위반,직진 및 우회전차의 통행방해,교차로,교차로내,승용차,승용차,이륜차,이륜차,883369.0,1481408.0,126.2470138,33.31782956
2018,2018010415,25,주,목,1,1,0,0,0,대구,남구,차대차,측면충돌,측면충돌,운전자법규위반,안전운전 의무 불이행,교차로,교차로내,화물차,화물차,원동기장치자전거,원동기장치자전거,1099018.0,1761803.0,128.5965172,35.84776062
2018,2018100414,39,주,목,1,1,0,0,0,대구,남구,차대차,측면충돌,측면충돌,운전자법규위반,안전운전 의무 불이행,교차로,교차로횡단보도내,승용차,승용차,자전거,자전거,1097556.0,1760993.0,128.5802307,35.84060546
2018,2018070306,45,주,화,1,1,0,0,0,대구,동구,차량단독,공작물충돌,공작물충돌,운전자법규위반,안전운전 의무 불이행,단일로,기타단일로,승용차,승용차,없음,없음,1101876.0,1775183.0,128.6298746,35.96807937
2018,2018010809,59,주,월,1,1,0,0,0,대구,동구,차대차,추돌,추돌,운전자법규위반,안전운전 의무 불이행,교차로,교차로내,승합차,승합차,자전거,자전거,1109962.0,1763873.0,128.7179722,35.86525293
2018,2018020121,50,야,목,1,1,0,0,0,대구,수성구,차대사람,횡단중,횡단중,운전자법규위반,안전운전 의무 불이행,교차로,교차로부근,화물차,화물차,보행자,보행자,1109929.0,1760491.0,128.7171408,35.83477085
2018,2018022712,14,주,화,1,1,0,0,0,대구,수성구,차량단독,공작물충돌,공작물충돌,운전자법규위반,안전운전 의무 불이행,단일로,기타단일로,이륜차,이륜차,없음,없음,1105904.0,1760346.0,128.672565,35.83390682
2018,2018021909,20,주,월,1,1,0,0,0,대구,달서구,차대사람,횡단중,횡단중,운전자법규위반,보행자 보호의무 위반,단일로,기타단일로,승용차,승용차,보행자,보행자,1092642.0,1757752.0,128.5254504,35.81186539
2018,2018101908,56,주,금,1,2,0,1,0,대구,달성군,차대사람,보도통행중,보도통행중,운전자법규위반,과속,단일로,기타단일로,화물차,화물차,보행자,보행자,1087865.0,1749896.0,128.4717189,35.74148312
2018,2018030310,10,주,토,1,1,0,0,0,대구,북구,차대차,측면충돌,측면충돌,운전자법규위반,안전운전 의무 불이행,단일로,기타단일로,건설기계,건설기계,자전거,자전거,1098336.0,1765575.0,128.5894313,35.88183204
2018,2018060710,15,주,목,1,1,0,0,0,대구,서구,차대사람,보도통행중,보도통행중,운전자법규위반,기타(운전자법규위반),기타,기타,화물차,화물차,보행자,보행자,1095244.9,1764866.3,128.5551066,35.8757491
2018,2018101310,13,주,토,1,1,0,0,0,대구,서구,차대사람,기타,기타,운전자법규위반,안전운전 의무 불이행,교차로,교차로내,화물차,화물차,보행자,보행자,1096648.0,1765396.0,128.5707118,35.88038658
2018,2018112716,50,주,화,1,1,0,0,0,대구,서구,차대사람,기타,기타,운전자법규위반,안전운전 의무 불이행,교차로,교차로내,화물차,화물차,보행자,보행자,1095625.0,1771669.0,128.5601344,35.93703524
2018,2018051902,0,야,토,2,2,0,0,0,대구,북구,차대차,기타,기타,운전자법규위반,안전운전 의무 불이행,단일로,기타단일로,승용차,승용차,건설기계,건설기계,1095127.5,1772406.2,128.5547081,35.94372931
2018,2018071422,18,야,토,1,3,0,2,0,대구,북구,차대차,추돌,추돌,운전자법규위반,안전운전 의무 불이행,교차로,교차로부근,승합차,승합차,화물차,화물차,1099117.0,1770683.0,128.5987187,35.92779895
2018,2018112706,30,주,화,1,2,1,0,0,인천,중구,차대차,추돌,추돌,운전자법규위반,안전운전 의무 불이행,단일로,기타단일로,화물차,화물차,건설기계,건설기계,913087.0,1942042.0,126.5170705,37.47351858
2018,2018091917,0,주,수,1,1,0,0,0,인천,중구,차대차,측면충돌,측면충돌,운전자법규위반,안전운전 의무 불이행,단일로,기타단일로,화물차,화물차,이륜차,이륜차,915453.0,1944246.0,126.5435718,37.49360153
2018,2018072416,0,주,화,1,3,0,2,0,인천,중구,차대차,추돌,추돌,운전자법규위반,안전운전 의무 불이행,단일로,기타단일로,화물차,화물차,화물차,화물차,909860.0,1944226.0,126.480313,37.49289215
2018,2018091405,50,야,금,1,1,0,0,0,인천,중구,차대사람,횡단중,횡단중,운전자법규위반,과속,교차로,교차로횡단보도내,승용차,승용차,보행자,보행자,916636.0,1943951.0,126.5569861,37.49105043
2018,2018042606,57,주,목,1,1,0,0,0,인천,중구,차대차,정면충돌,정면충돌,운전자법규위반,신호위반,교차로,교차로횡단보도내,특수차,특수차,자전거,자전거,921279.0,1939884.0,126.6099366,37.45480366
2018,2018052823,21,야,월,1,2,0,1,0,인천,중구,차대사람,기타,기타,운전자법규위반,과속,교차로,교차로내,승용차,승용차,보행자,보행자,910771.0,1944494.0,126.4905845,37.49539593
2018,2018073009,15,주,월,1,1,0,0,0,인천,남구,차대사람,횡단중,횡단중,운전자법규위반,안전운전 의무 불이행,교차로,교차로부근,승용차,승용차,보행자,보행자,925330.0,1939971.0,126.6557259,37.45592385
2018,2018020705,53,야,수,1,1,0,0,0,인천,남구,차대사람,횡단중,횡단중,운전자법규위반,안전운전 의무 불이행,기타,기타,승용차,승용차,보행자,보행자,927079.0,1940876.0,126.67541,37.46422004
2018,2018012400,15,야,수,1,1,0,0,0,인천,부평구,차대사람,기타,기타,운전자법규위반,안전운전 의무 불이행,단일로,기타단일로,승용차,승용차,보행자,보행자,931657.0,1943408.0,126.7269384,37.48739054
2018,2018011202,50,야,금,1,1,0,0,0,인천,부평구,차대사람,횡단중,횡단중,운전자법규위반,안전운전 의무 불이행,단일로,기타단일로,승용차,승용차,보행자,보행자,931900.0,1943720.0,126.729658,37.49022051
2018,2018091600,55,야,일,1,1,0,0,0,인천,남동구,차대사람,차도통행중,차도통행중,운전자법규위반,안전운전 의무 불이행,기타,기타,승용차,승용차,보행자,보행자,929259.0,1938694.0,126.7002686,37.44472343
2018,2018072900,45,야,일,1,1,0,0,0,인천,남구,차대사람,기타,기타,운전자법규위반,안전운전 의무 불이행,단일로,기타단일로,승용차,승용차,보행자,보행자,929106.0,1938298.0,126.6985771,37.44114262
2018,2018032603,0,야,월,1,1,0,0,0,인천,서구,차대차,추돌,추돌,운전자법규위반,안전운전 의무 불이행,단일로,기타단일로,승용차,승용차,건설기계,건설기계,927910.0,1950595.0,126.6838528,37.55188004
2018,2018022406,40,주,토,1,1,0,0,0,인천,계양구,차대사람,차도통행중,차도통행중,운전자법규위반,안전운전 의무 불이행,교차로,교차로내,승합차,승합차,보행자,보행자,930861.0,1948219.0,126.7174827,37.53069192
2018,2018081917,40,주,일,2,5,0,3,0,인천,계양구,차대차,정면충돌,정면충돌,운전자법규위반,안전운전 의무 불이행,교차로,교차로내,승용차,승용차,이륜차,이륜차,933157.0,1947635.0,126.74352,37.52559774
2018,2018043017,35,주,월,1,1,0,0,0,인천,연수구,차대차,측면충돌,측면충돌,운전자법규위반,신호위반,교차로,교차로횡단보도내,승합차,승합차,자전거,자전거,923388.0,1933100.0,126.6344837,37.39383834
2018,2018041202,10,야,목,1,1,0,0,0,인천,연수구,차대사람,횡단중,횡단중,운전자법규위반,안전운전 의무 불이행,단일로,기타단일로,승용차,승용차,보행자,보행자,926891.0,1935505.0,126.6738167,37.41579734
2018,2018122605,45,야,수,1,2,0,0,1,인천,남구,차대차,추돌,추돌,운전자법규위반,안전운전 의무 불이행,단일로,교량위,화물차,화물차,특수차,특수차,923794.0,1938538.0,126.6385087,37.44288327
2018,2018100607,1,주,토,1,1,0,0,0,경기,광명시,차량단독,공작물충돌,공작물충돌,운전자법규위반,안전운전 의무 불이행,단일로,교량위,승용차,승용차,없음,없음,946532.0,1936685.0,126.895675,37.42777576
2018,2018091920,45,야,수,1,1,0,0,0,경기,시흥시,차대차,기타,기타,운전자법규위반,안전운전 의무 불이행,단일로,기타단일로,승용차,승용차,화물차,화물차,935391.0,1929394.0,126.770399,37.3613505
2018,2018122700,9,야,목,1,1,0,0,0,광주,서구,차대사람,횡단중,횡단중,운전자법규위반,안전운전 의무 불이행,단일로,기타단일로,승용차,승용차,보행자,보행자,941785.4,1680941.3,126.8610983,35.12197335
2018,2018101620,3,야,화,1,1,0,0,0,광주,서구,차대사람,차도통행중,차도통행중,운전자법규위반,안전운전 의무 불이행,단일로,기타단일로,승용차,승용차,보행자,보행자,945497.0,1684526.0,126.9015944,35.15450353
2018,2018010211,40,주,화,1,1,0,0,0,광주,서구,차대사람,기타,기타,운전자법규위반,안전운전 의무 불이행,단일로,기타단일로,승용차,승용차,보행자,보행자,943846.0,1685474.5,126.8834039,35.16296498
2018,2018062701,40,야,수,1,1,0,0,0,광주,남구,차대사람,기타,기타,운전자법규위반,안전운전 의무 불이행,단일로,기타단일로,승용차,승용차,보행자,보행자,945995.2,1682220.1,126.9072148,35.13373872
2018,2018101609,0,주,화,1,1,0,0,0,광주,남구,차대사람,횡단중,횡단중,운전자법규위반,안전운전 의무 불이행,교차로,교차로횡단보도내,승용차,승용차,보행자,보행자,945418.0,1682172.0,126.9008826,35.13327386
2018,2018030705,45,야,수,1,1,0,0,0,광주,남구,차대사람,횡단중,횡단중,운전자법규위반,안전운전 의무 불이행,단일로,기타단일로,승용차,승용차,보행자,보행자,945487.2,1682435.6,126.9016248,35.13565443
2018,2018041218,35,야,목,1,1,0,0,0,광주,북구,차대차,측면충돌,측면충돌,운전자법규위반,안전운전 의무 불이행,단일로,기타단일로,승용차,승용차,자전거,자전거,945157.0,1685949.0,126.897767,35.16731581
2018,2018020123,47,야,목,1,1,0,0,0,광주,북구,차대사람,횡단중,횡단중,운전자법규위반,안전운전 의무 불이행,단일로,기타단일로,화물차,화물차,보행자,보행자,943924.0,1686124.0,126.8842162,35.16882566
2018,2018072516,30,주,수,1,1,0,0,0,광주,광산구,차대차,기타,기타,운전자법규위반,중앙선 침범,단일로,기타단일로,자전거,자전거,화물차,화물차,940365.0,1689279.0,126.844908,35.197068
2018,2018052204,40,야,화,1,1,0,0,0,광주,광산구,차량단독,도로이탈,도로이탈 추락,운전자법규위반,안전운전 의무 불이행,단일로,기타단일로,이륜차,이륜차,없음,없음,930826.0,1682008.0,126.740739,35.13089757
2018,2018042200,35,야,일,1,3,0,2,0,대전,중구,차대차,측면충돌,측면충돌,운전자법규위반,신호위반,교차로,교차로내,승용차,승용차,승용차,승용차,989841.0,1812515.0,127.3868377,36.30992069
2018,2018122820,3,야,금,1,1,0,0,0,대전,동구,차대사람,횡단중,횡단중,운전자법규위반,안전운전 의무 불이행,교차로,교차로부근,승합차,승합차,보행자,보행자,994831.0,1813457.0,127.4424156,36.31845295
2018,2018052922,15,야,화,1,1,0,0,0,대전,동구,차대사람,횡단중,횡단중,운전자법규위반,안전운전 의무 불이행,단일로,기타단일로,승용차,승용차,보행자,보행자,994665.0,1816995.0,127.4405421,36.35034866
2018,2018042713,55,주,금,1,1,0,0,0,대전,동구,차대차,기타,기타,운전자법규위반,안전거리 미확보,교차로,교차로부근,이륜차,이륜차,승용차,승용차,995418.0,1812508.0,127.4489605,36.30990025
2018,2018051405,0,야,월,1,1,0,0,0,대전,서구,차대사람,횡단중,횡단중,운전자법규위반,안전운전 의무 불이행,교차로,교차로횡단보도내,화물차,화물차,보행자,보행자,988737.0,1811910.0,127.3745488,36.30445407
2018,2018030316,37,주,토,1,1,0,0,0,대전,대덕구,차대사람,횡단중,횡단중,운전자법규위반,과속,단일로,기타단일로,승용차,승용차,보행자,보행자,993183.0,1827514.0,127.423933,36.44517161
2018,2018072721,15,야,금,1,2,0,1,0,대전,서구,차대차,기타,기타,운전자법규위반,신호위반,교차로,교차로내,승용차,승용차,이륜차,이륜차,988195.0,1817826.0,127.3684222,36.35778281
2018,2018081000,8,야,금,1,1,0,0,0,대전,유성구,차대차,측면충돌,측면충돌,운전자법규위반,과속,교차로,교차로내,승용차,승용차,승용차,승용차,983193.0,1814644.0,127.3127391,36.32902148
2018,2018101418,54,야,일,1,2,0,1,0,대전,유성구,차대차,측면충돌,측면충돌,운전자법규위반,신호위반,교차로,교차로내,이륜차,이륜차,승용차,승용차,986554.0,1821820.0,127.3500627,36.39376856
2018,2018111919,30,야,월,1,1,0,0,0,대전,유성구,차대사람,횡단중,횡단중,운전자법규위반,안전운전 의무 불이행,단일로,기타단일로,승용차,승용차,보행자,보행자,989402.0,1824916.0,127.3817786,36.4217156
2018,2018043004,17,야,월,1,1,0,0,0,대전,유성구,차량단독,공작물충돌,공작물충돌,운전자법규위반,안전운전 의무 불이행,단일로,기타단일로,승용차,승용차,없음,없음,985882.0,1820113.0,127.3426002,36.37836976
2018,2018031004,27,야,토,1,1,0,0,0,대전,유성구,차대사람,횡단중,횡단중,운전자법규위반,안전운전 의무 불이행,교차로,교차로횡단보도내,승용차,승용차,보행자,보행자,985658.0,1816489.0,127.3401697,36.34569476
2018,2018051000,32,야,목,1,1,0,0,0,대전,유성구,차대사람,길가장자리구역통행중,길가장자리구역통행중,운전자법규위반,안전운전 의무 불이행,단일로,기타단일로,화물차,화물차,보행자,보행자,985413.0,1817988.0,127.3374113,36.35920513
2018,2018030302,22,야,토,1,1,0,0,0,울산,북구,차량단독,공작물충돌,공작물충돌,운전자법규위반,안전운전 의무 불이행,단일로,기타단일로,이륜차,이륜차,없음,없음,1167722.0,1736691.0,129.351808,35.61211245
2018,2018110804,30,야,목,1,1,0,0,0,울산,중구,차대사람,횡단중,횡단중,운전자법규위반,안전운전 의무 불이행,단일로,기타단일로,승합차,승합차,보행자,보행자,1163981.0,1730296.0,129.3092253,35.55510797
2018,2018051207,45,주,토,1,1,0,0,0,울산,중구,차대사람,횡단중,횡단중,운전자법규위반,중앙선 침범,단일로,기타단일로,화물차,화물차,보행자,보행자,1165994.0,1730537.0,129.3314743,35.5569446
2018,2018072404,7,야,화,1,2,1,0,0,울산,중구,차대사람,횡단중,횡단중,운전자법규위반,보행자 보호의무 위반,단일로,기타단일로,승용차,승용차,보행자,보행자,1163793.0,1730177.0,129.3071279,35.55406663
2018,2018091903,55,야,수,1,1,0,0,0,울산,남구,차량단독,공작물충돌,공작물충돌,운전자법규위반,안전운전 의무 불이행,단일로,기타단일로,이륜차,이륜차,없음,없음,1159939.0,1729156.0,129.2644233,35.54549476
2018,2018021808,7,주,일,1,1,0,0,0,울산,남구,차량단독,전도,전도,운전자법규위반,안전운전 의무 불이행,단일로,기타단일로,원동기장치자전거,원동기장치자전거,없음,없음,1159552.0,1728764.0,129.2600785,35.5420243
2018,2018031804,0,야,일,1,2,1,0,0,울산,남구,차대사람,횡단중,횡단중,운전자법규위반,안전운전 의무 불이행,교차로,교차로횡단보도내,승용차,승용차,보행자,보행자,1167002.0,1728672.0,129.3422062,35.53996789
2018,2018052321,0,야,수,1,1,0,0,0,울산,남구,차대사람,횡단중,횡단중,운전자법규위반,안전운전 의무 불이행,단일로,기타단일로,승용차,승용차,보행자,보행자,1165004.0,1724878.0,129.3194041,35.50611061
2018,2018021805,10,야,일,1,1,0,0,0,울산,남구,차대사람,횡단중,횡단중,운전자법규위반,안전운전 의무 불이행,단일로,기타단일로,승용차,승용차,보행자,보행자,1164973.0,1728121.0,129.3197222,35.53534202
2018,2018081902,20,야,일,1,1,0,0,0,울산,동구,차량단독,기타,기타,운전자법규위반,안전운전 의무 불이행,교차로,교차로부근,이륜차,이륜차,없음,없음,1173144.0,1723705.0,129.4088655,35.49415319
2018,2018040509,30,주,목,2,39,8,29,0,울산,북구,차대차,측면충돌,측면충돌,운전자법규위반,안전운전 의무 불이행,단일로,기타단일로,승용차,승용차,승합차,승합차,1172108.0,1726701.0,129.398085,35.52133244
2018,2018100518,40,야,금,1,1,0,0,0,울산,울주군,차대사람,기타,기타,운전자법규위반,안전운전 의무 불이행,교차로,교차로횡단보도내,승용차,승용차,보행자,보행자,1150127.0,1738471.0,129.1579509,35.63098391
2018,2018080120,25,야,수,1,1,0,0,0,울산,울주군,차대사람,횡단중,횡단중,운전자법규위반,안전운전 의무 불이행,단일로,기타단일로,화물차,화물차,보행자,보행자,1147137.0,1732044.0,129.1237715,35.57350783
2018,2018100705,39,야,일,1,1,0,0,0,울산,울주군,차량단독,공작물충돌,공작물충돌,운전자법규위반,안전운전 의무 불이행,단일로,기타단일로,승용차,승용차,없음,없음,1144665.0,1734290.0,129.0969025,35.5941155
2018,2018010415,15,주,목,1,1,0,0,0,울산,울주군,차대차,추돌,추돌,운전자법규위반,안전운전 의무 불이행,단일로,기타단일로,화물차,화물차,자전거,자전거,1155910.0,1720970.0,129.218421,35.47235961
2018,2018121421,20,야,금,1,1,0,0,0,경기,의정부시,차대사람,횡단중,횡단중,운전자법규위반,안전운전 의무 불이행,교차로,교차로부근,승합차,승합차,보행자,보행자,961670.0,1972084.0,127.0649145,37.74758746
2018,2018022523,52,야,일,1,1,0,0,0,경기,의정부시,차대사람,기타,기타,운전자법규위반,안전운전 의무 불이행,교차로,교차로내,승용차,승용차,보행자,보행자,961419.0,1970776.0,127.0621349,37.73578786
2018,2018090917,0,주,일,1,1,0,0,0,경기,고양시,차량단독,공작물충돌,공작물충돌,운전자법규위반,안전운전 의무 불이행,단일로,기타단일로,농기계,농기계,없음,없음,947776.0,1960893.0,126.9080123,37.64603663
2018,2018110317,5,주,토,1,1,0,0,0,경기,고양시,차대사람,횡단중,횡단중,운전자법규위반,신호위반,교차로,교차로부근,승합차,승합차,보행자,보행자,935607.0,1962929.0,126.7698996,37.66361368
2018,2018082502,0,야,토,1,1,0,0,0,경기,고양시,차대사람,기타,기타,운전자법규위반,안전운전 의무 불이행,교차로,교차로내,승용차,승용차,보행자,보행자,938274.0,1962674.0,126.8001581,37.66149872
2018,2018010323,14,야,수,1,2,0,1,0,경기,고양시,차대사람,횡단중,횡단중,운전자법규위반,안전운전 의무 불이행,단일로,기타단일로,이륜차,이륜차,보행자,보행자,936065.0,1962102.0,126.7751646,37.65619221
2018,2018012310,4,주,화,1,2,1,0,0,경기,고양시,차대차,정면충돌,정면충돌,운전자법규위반,중앙선 침범,단일로,기타단일로,승용차,승용차,화물차,화물차,939016.0,1967728.0,126.8081472,37.70709865
2018,2018042420,40,야,화,1,5,0,4,0,경기,남양주시,차대차,추돌,추돌,운전자법규위반,안전운전 의무 불이행,교차로,교차로부근,화물차,화물차,승용차,승용차,970191.0,1966584.0,127.1618604,37.69833238
2018,2018032723,40,야,화,1,1,0,0,0,경기,남양주시,차대사람,횡단중,횡단중,운전자법규위반,안전운전 의무 불이행,교차로,교차로내,승용차,승용차,보행자,보행자,973217.0,1955204.0,127.196603,37.5958543
2018,2018091901,40,야,수,1,1,0,0,0,경기,남양주시,차대차,기타,기타,운전자법규위반,안전운전 의무 불이행,기타,기타,화물차,화물차,승용차,승용차,973124.0,1970986.0,127.1949679,37.73809922
2018,2018081307,30,주,월,1,1,0,0,0,경기,남양주시,차대사람,횡단중,횡단중,운전자법규위반,안전운전 의무 불이행,교차로,교차로내,승합차,승합차,보행자,보행자,977404.0,1961529.0,127.2438371,37.65297636
2018,2018111618,10,야,금,1,3,1,1,0,경기,남양주시,차대차,측면충돌,측면충돌,운전자법규위반,신호위반,교차로,교차로내,이륜차,이륜차,승용차,승용차,969921.0,1956022.0,127.1592329,37.60312534
2018,2018121806,48,주,화,1,1,0,0,0,경기,남양주시,차대사람,횡단중,횡단중,운전자법규위반,안전운전 의무 불이행,교차로,교차로내,화물차,화물차,보행자,보행자,973313.0,1971256.0,127.197103,37.74053831
2018,2018112917,40,주,목,1,1,0,0,0,경기,파주시,차대사람,횡단중,횡단중,운전자법규위반,신호위반,교차로,교차로횡단보도내,승용차,승용차,보행자,보행자,937384.0,1976469.0,126.7888803,37.78576764
2018,2018052102,20,야,월,1,2,1,0,0,경기,파주시,차대차,추돌,추돌,운전자법규위반,중앙선 침범,교차로,교차로부근,이륜차,이륜차,승용차,승용차,934210.0,1971647.0,126.7532736,37.74208634
2018,2018072800,55,야,토,1,3,0,2,0,경기,파주시,차대차,추돌,추돌,운전자법규위반,안전운전 의무 불이행,단일로,기타단일로,화물차,화물차,화물차,화물차,949465.0,1997912.0,126.9245734,37.97977353
2018,2018032116,50,주,수,1,1,0,0,0,경기,파주시,차대사람,횡단중,횡단중,운전자법규위반,안전운전 의무 불이행,단일로,기타단일로,승용차,승용차,보행자,보행자,931498.0,1970169.0,126.7226338,37.72856688
2018,2018042523,40,야,수,1,1,0,0,0,경기,파주시,차대차,기타,기타,운전자법규위반,신호위반,교차로,교차로내,이륜차,이륜차,승용차,승용차,941794.0,1970141.0,126.8394681,37.72902708
2018,2018122123,5,야,금,1,1,0,0,0,경기,양주시,차량단독,공작물충돌,공작물충돌,운전자법규위반,안전운전 의무 불이행,교차로,교차로내,승용차,승용차,없음,없음,958417.0,1976248.0,127.027752,37.78497531
2018,2018032305,42,야,금,1,1,0,0,0,경기,양주시,차대사람,횡단중,횡단중,운전자법규위반,안전운전 의무 불이행,교차로,교차로부근,승용차,승용차,보행자,보행자,963242.0,1978035.0,127.0824563,37.80128838
2018,2018092909,55,주,토,1,1,0,0,0,경기,포천시,차대사람,횡단중,횡단중,운전자법규위반,안전운전 의무 불이행,교차로,교차로내,승합차,승합차,보행자,보행자,980155.0,2010025.0,127.2736909,38.09013572
2018,2018081316,15,주,월,1,1,0,0,0,경기,연천군,차대차,정면충돌,정면충돌,운전자법규위반,중앙선 침범,단일로,기타단일로,승용차,승용차,이륜차,이륜차,955739.0,2003612.0,126.995659,38.0314728
2018,2018050700,53,야,월,1,2,1,0,0,경기,연천군,차량단독,공작물충돌,공작물충돌,운전자법규위반,안전운전 의무 불이행,교차로,교차로내,승용차,승용차,없음,없음,961053.0,2003286.0,127.0562264,38.02877884
2018,2018051017,7,주,목,1,1,0,0,0,경기,연천군,차대사람,횡단중,횡단중,운전자법규위반,안전운전 의무 불이행,교차로,교차로내,승용차,승용차,보행자,보행자,961950.0,2003875.0,127.0664155,38.03412539
2018,2018091719,30,야,월,1,1,0,0,0,경기,고양시,차대사람,횡단중,횡단중,운전자법규위반,신호위반,단일로,기타단일로,개인형이동수단(PM),개인형이동수단(PM),보행자,보행자,934781.0,1965068.0,126.7603437,37.6828334
2018,2018040601,32,야,금,1,1,0,0,0,경기,고양시,차대사람,횡단중,횡단중,운전자법규위반,과속,단일로,기타단일로,승용차,승용차,보행자,보행자,935724.0,1964835.0,126.7710581,37.68080004
2018,2018122916,18,주,토,1,3,2,0,0,서울,중구,차대차,추돌,추돌,운전자법규위반,과속,단일로,터널안,승용차,승용차,건설기계,건설기계,955681.0,1949858.0,126.9982846,37.54699189
2018,2018071200,13,야,목,1,1,0,0,0,서울,용산구,차량단독,공작물충돌,공작물충돌,운전자법규위반,안전운전 의무 불이행,단일로,터널안,이륜차,이륜차,없음,없음,954743.0,1949755.0,126.9876727,37.54601793
2018,2018021518,30,야,목,1,1,0,0,0,서울,중구,차대사람,횡단중,횡단중,운전자법규위반,안전운전 의무 불이행,단일로,기타단일로,승합차,승합차,보행자,보행자,953428.0,1950841.0,126.972718,37.55574075
2018,2018102415,10,주,수,1,1,0,0,0,서울,용산구,차대차,기타,기타,운전자법규위반,신호위반,교차로,교차로횡단보도내,승용차,승용차,자전거,자전거,955065.0,1947423.0,126.9914605,37.52501478
2018,2018053121,20,야,목,1,1,0,0,0,서울,용산구,차대사람,차도통행중,차도통행중,운전자법규위반,안전운전 의무 불이행,단일로,기타단일로,이륜차,이륜차,보행자,보행자,951856.0,1947699.0,126.9551269,37.52734047
2018,2018061914,43,주,화,1,1,0,0,0,서울,성북구,차대차,측면충돌,측면충돌,운전자법규위반,안전운전 의무 불이행,교차로,교차로내,승용차,승용차,이륜차,이륜차,957808.0,1953542.0,127.0221506,37.58029657
2018,2018041021,49,야,화,1,1,0,0,0,서울,강북구,차대사람,기타,기타,운전자법규위반,안전운전 의무 불이행,교차로,교차로부근,승용차,승용차,보행자,보행자,956819.0,1960804.0,127.0105211,37.6457043
2018,2018111720,25,야,토,1,1,0,0,0,서울,동대문구,차대사람,기타,기타,운전자법규위반,안전운전 의무 불이행,단일로,기타단일로,승용차,승용차,보행자,보행자,959631.0,1953693.0,127.0427882,37.58173935
2018,2018030703,35,야,수,1,1,0,0,0,서울,동대문구,차대사람,횡단중,횡단중,운전자법규위반,안전운전 의무 불이행,교차로,교차로횡단보도내,승용차,승용차,보행자,보행자,959825.0,1953487.0,127.0449967,37.57989111