발생년,발생년월일시,발생분,주야,요일,사망자수,사상자수,중상자수,경상자수,부상신고자수,발생지시도,발생지시군구,사고유형_대분류,사고유형_중분류,사고유형,법규위반_대분류,법규위반,도로형태_대분류,도로형태,가해자_당사자종별_대분류,가해자_당사자종별,피해자_당사자종별_대분류,피해자_당사자종별,발생위치X_UTMK,발생위치Y_UTMK,경도,위도
2018,2018110517,53,주,월,1,2,1,0,0,서울,마포구,차대차,정면충돌,정면충돌,운전자법규위반,신호위반,교차로,교차로부근,이륜차,이륜차,건설기계,건설기계,949324.0,1949955.0,126.9263163,37.54753847
2018,2018051403,30,야,월,1,1,0,0,0,서울,마포구,차대차,측면충돌,측면충돌,운전자법규위반,중앙선 침범,교차로,교차로부근,승용차,승용차,이륜차,이륜차,948802.0,1949988.0,126.9204049,37.54780705
2018,2018102909,50,주,월,1,2,0,1,0,서울,영등포구,차대차,정면충돌,정면충돌,운전자법규위반,신호위반,교차로,교차로내,이륜차,이륜차,승합차,승합차,947466.0,1947515.0,126.9054582,37.52544239
2018,2018031523,40,야,목,1,1,0,0,0,서울,영등포구,차대사람,횡단중,횡단중,운전자법규위반,과속,단일로,기타단일로,화물차,화물차,보행자,보행자,946973.0,1945371.0,126.9000338,37.50608998
2018,2018070314,5,주,화,1,1,0,0,0,서울,금천구,차대사람,차도통행중,차도통행중,운전자법규위반,안전운전 의무 불이행,교차로,교차로내,건설기계,건설기계,보행자,보행자,946899.0,1940771.0,126.8995285,37.46462504
2018,2018072602,37,야,목,1,1,0,0,0,서울,성동구,차량단독,공작물충돌,공작물충돌,운전자법규위반,안전운전 의무 불이행,단일로,기타단일로,이륜차,이륜차,없음,없음,959131.0,1952237.0,127.0372067,37.56859398
2018,2018091308,45,주,목,1,1,0,0,0,서울,성동구,차대사람,횡단중,횡단중,운전자법규위반,보행자 보호의무 위반,교차로,교차로내,화물차,화물차,보행자,보행자,960632.0,1948791.0,127.0543883,37.53759951
2018,2018041717,10,주,화,1,1,0,0,0,서울,동작구,차대사람,차도통행중,차도통행중,운전자법규위반,안전운전 의무 불이행,단일로,기타단일로,승합차,승합차,보행자,보행자,951475.0,1945423.0,126.9509654,37.5068064
2018,2018122106,20,주,금,1,1,0,0,0,서울,강남구,차대사람,횡단중,횡단중,운전자법규위반,안전운전 의무 불이행,단일로,기타단일로,화물차,화물차,보행자,보행자,959992.0,1945399.0,127.047329,37.50699867
2018,2018122322,9,야,일,1,1,0,0,0,서울,강남구,차대사람,횡단중,횡단중,운전자법규위반,신호위반,단일로,기타단일로,승용차,승용차,보행자,보행자,960781.0,1947051.0,127.0561677,37.52192263
2018,2018032004,23,야,화,1,1,0,0,0,서울,강남구,차대사람,횡단중,횡단중,운전자법규위반,안전운전 의무 불이행,단일로,기타단일로,승용차,승용차,보행자,보행자,959059.0,1945762.0,127.0367526,37.51022959
2018,2018011203,20,야,금,1,1,0,0,0,서울,강서구,차대사람,차도통행중,차도통행중,운전자법규위반,안전운전 의무 불이행,교차로,교차로부근,승용차,승용차,보행자,보행자,938157.0,1953582.0,126.7996008,37.57954641
2018,2018072322,40,야,월,1,1,0,0,0,서울,강동구,차대사람,기타,기타,운전자법규위반,안전운전 의무 불이행,단일로,기타단일로,승용차,승용차,보행자,보행자,967145.0,1948700.0,127.1281123,37.53703446
2018,2018012212,50,주,월,1,1,0,0,0,서울,강동구,차대사람,기타,기타,운전자법규위반,안전운전 의무 불이행,단일로,기타단일로,승용차,승용차,보행자,보행자,966981.0,1949761.0,127.1262083,37.54659183
2018,2018053011,30,주,수,1,1,0,0,0,서울,송파구,차대차,측면충돌,측면충돌,운전자법규위반,안전거리 미확보,단일로,기타단일로,건설기계,건설기계,이륜차,이륜차,968808.0,1943785.0,127.1471442,37.49279102
2018,2018073004,10,야,월,1,2,1,0,0,서울,송파구,차대차,측면충돌,측면충돌,운전자법규위반,신호위반,교차로,교차로내,승용차,승용차,원동기장치자전거,원동기장치자전거,967129.0,1945906.0,127.1280562,37.51185034
2018,2018102916,13,주,월,1,1,0,0,0,서울,성북구,차대사람,차도통행중,차도통행중,운전자법규위반,과속,기타,기타,승용차,승용차,보행자,보행자,959003.0,1955243.0,127.035589,37.5956821
2018,2018060409,25,주,월,1,1,0,0,0,서울,성북구,차대사람,횡단중,횡단중,운전자법규위반,안전운전 의무 불이행,교차로,교차로내,승합차,승합차,보행자,보행자,960042.0,1956595.0,127.0472846,37.60791371
2018,2018122015,25,주,목,1,1,0,0,0,서울,구로구,차대사람,기타,기타,운전자법규위반,안전운전 의무 불이행,교차로,교차로내,건설기계,건설기계,보행자,보행자,942490.0,1944647.0,126.8493711,37.49929601
2018,2018112601,56,야,월,1,3,0,1,1,서울,양천구,차대사람,기타,기타,운전자법규위반,안전운전 의무 불이행,단일로,기타단일로,승용차,승용차,보행자,보행자,943790.0,1948794.0,126.8637603,37.53675334
2018,2018080704,20,야,화,1,1,0,0,0,서울,노원구,차대사람,횡단중,횡단중,운전자법규위반,안전운전 의무 불이행,기타,기타,승용차,승용차,보행자,보행자,962415.0,1958597.0,127.0740665,37.62605828
2018,2018071902,25,야,목,1,1,0,0,0,서울,노원구,차대사람,횡단중,횡단중,운전자법규위반,안전운전 의무 불이행,단일로,기타단일로,승용차,승용차,보행자,보행자,962250.0,1958729.0,127.0721899,37.62724126
2018,2018071816,30,주,수,1,1,0,0,0,서울,노원구,차대사람,차도통행중,차도통행중,운전자법규위반,안전운전 의무 불이행,단일로,기타단일로,승합차,승합차,보행자,보행자,961472.0,1957617.0,127.0634319,37.61718627
2018,2018042504,2,야,수,1,1,0,0,0,서울,노원구,차대사람,횡단중,횡단중,운전자법규위반,안전운전 의무 불이행,교차로,교차로내,승용차,승용차,보행자,보행자,962790.0,1963101.0,127.0780865,37.66666899
2018,2018071521,0,야,일,1,1,0,0,0,서울,서초구,차대차,정면충돌,정면충돌,운전자법규위반,중앙선 침범,단일로,기타단일로,이륜차,이륜차,승합차,승합차,954275.0,1944096.0,126.9827272,37.49498875
2018,2018081316,30,주,월,1,1,0,0,0,서울,강남구,차대사람,보도통행중,보도통행중,운전자법규위반,기타(운전자법규위반),단일로,기타단일로,화물차,화물차,보행자,보행자,962385.0,1943233.0,127.0745147,37.48757625
2018,2018120805,38,야,토,1,1,0,0,0,서울,강남구,차대차,기타,기타,운전자법규위반,안전운전 의무 불이행,단일로,기타단일로,자전거,자전거,화물차,화물차,964678.0,1943323.0,127.1004472,37.48847802
2018,2018102116,8,주,일,1,1,0,0,0,부산,서구,차대차,측면충돌,측면충돌,운전자법규위반,안전운전 의무 불이행,교차로,교차로부근,이륜차,이륜차,승용차,승용차,1138525.7,1677036.5,129.0194619,35.07892626
2018,2018101121,10,야,목,1,2,1,0,0,부산,남구,차대차,추돌,추돌,운전자법규위반,안전운전 의무 불이행,교차로,교차로내,승용차,승용차,이륜차,이륜차,1146819.0,1680788.0,129.1110636,35.11156754
2018,2018020821,0,야,목,1,1,0,0,0,부산,북구,차대사람,기타,기타,운전자법규위반,안전운전 의무 불이행,단일로,기타단일로,승합차,승합차,보행자,보행자,1137951.0,1691523.0,129.0155794,35.20958736
2018,2018032814,15,주,수,1,1,0,0,0,부산,영도구,차대사람,횡단중,횡단중,운전자법규위반,안전운전 의무 불이행,단일로,기타단일로,건설기계,건설기계,보행자,보행자,1142485.0,1678958.0,129.063207,35.09569471
2018,2018010604,30,야,토,1,1,0,0,0,부산,해운대구,차대사람,차도통행중,차도통행중,운전자법규위반,안전운전 의무 불이행,단일로,기타단일로,승합차,승합차,보행자,보행자,1153274.0,1687704.0,129.1831517,35.17294183
2018,2018012116,25,주,일,1,1,0,0,0,부산,부산진구,차대차,측면충돌,측면충돌,운전자법규위반,차로위반(진로변경 위반),단일로,기타단일로,이륜차,이륜차,승용차,승용차,1143490.0,1687729.0,129.0757521,35.17461232
2018,2018121000,35,야,월,1,1,0,0,0,부산,부산진구,차대차,측면충돌,측면충돌,운전자법규위반,신호위반,교차로,교차로내,승용차,승용차,이륜차,이륜차,1142030.8,1685064.2,129.0592745,35.15079959
2018,2018092619,50,야,수,1,1,0,0,0,부산,부산진구,차대사람,횡단중,횡단중,운전자법규위반,보행자 보호의무 위반,교차로,교차로횡단보도내,이륜차,이륜차,보행자,보행자,1142734.0,1687679.0,129.0674441,35.17426934
2018,2018031710,10,주,토,1,2,0,1,0,부산,강서구,차대차,측면충돌,측면충돌,운전자법규위반,안전운전 의무 불이행,단일로,지하차도(도로)내,특수차,특수차,승용차,승용차,1127573.0,1687539.0,128.9009778,35.17504721
2018,2018071016,15,주,화,1,1,0,0,0,부산,강서구,차대차,측면충돌,측면충돌,운전자법규위반,안전운전 의무 불이행,단일로,기타단일로,원동기장치자전거,원동기장치자전거,특수차,특수차,1126373.0,1685971.0,128.8875629,35.16106411
2018,2018070821,40,야,일,1,1,0,0,0,부산,사상구,차대사람,횡단중,횡단중,운전자법규위반,안전운전 의무 불이행,단일로,지하차도(도로)내,승용차,승용차,보행자,보행자,1135082.0,1687336.0,128.9833827,35.17223563
2018,2018092023,55,야,목,1,1,0,0,0,부산,사상구,차대사람,보도통행중,보도통행중,운전자법규위반,기타(운전자법규위반),단일로,지하차도(도로)내,승용차,승용차,보행자,보행자,1133814.0,1684327.0,128.9689747,35.14528151
2018,2018101312,35,주,토,1,1,0,0,0,부산,사상구,차대차,측면충돌,측면충돌,운전자법규위반,교차로 통행방법 위반,단일로,지하차도(도로)내,화물차,화물차,이륜차,이륜차,1134813.0,1689365.0,128.9807614,35.19056148
2018,2018110713,17,주,수,1,1,0,0,0,부산,사상구,차대차,측면충돌,측면충돌,운전자법규위반,안전운전 의무 불이행,교차로,교차로내,화물차,화물차,자전거,자전거,1134938.6,1685771.9,128.9815527,35.15815583
2018,2018050709,5,주,월,1,5,4,0,0,부산,기장군,차량단독,공작물충돌,공작물충돌,운전자법규위반,과속,교차로,교차로내,승용차,승용차,없음,없음,1155052.0,1696646.0,129.204353,35.25326437
2018,2018090213,55,주,일,1,3,1,1,0,울산,울주군,차대차,추돌,추돌,운전자법규위반,안전거리 미확보,단일로,기타단일로,화물차,화물차,승용차,승용차,1157429.0,1731096.0,129.2371221,35.56338086
2018,2018102415,20,주,수,1,2,0,1,0,울산,울주군,차대차,추돌,추돌,운전자법규위반,안전운전 의무 불이행,단일로,기타단일로,화물차,화물차,화물차,화물차,1151079.0,1740814.0,129.1688996,35.65195541
2018,2018111910,15,주,월,1,1,0,0,0,경기,수원시,차대사람,기타,기타,운전자법규위반,안전운전 의무 불이행,단일로,기타단일로,승합차,승합차,보행자,보행자,955098.0,1922845.0,126.9933284,37.30348397
2018,2018080909,12,주,목,1,1,0,0,0,경기,수원시,차대사람,횡단중,횡단중,운전자법규위반,안전운전 의무 불이행,교차로,교차로내,승용차,승용차,보행자,보행자,955502.5,1922632.1,126.9979054,37.30158443
2018,2018112710,19,주,화,1,8,3,4,0,경기,성남시,차대차,추돌,추돌,운전자법규위반,과속,단일로,기타단일로,건설기계,건설기계,승용차,승용차,964386.0,1936238.0,127.0974867,37.42460609
2018,2018012620,15,야,금,1,2,0,1,0,경기,평택시,차대사람,횡단중,횡단중,운전자법규위반,안전운전 의무 불이행,교차로,교차로내,승용차,승용차,보행자,보행자,964709.0,1892754.0,127.1031964,37.03265963
2018,2018031515,2,주,목,1,2,0,1,0,경기,평택시,차대차,정면충돌,정면충돌,운전자법규위반,중앙선 침범,단일로,기타단일로,승용차,승용차,승합차,승합차,967720.0,1889757.0,127.1371792,37.00575239
2018,2018040715,45,주,토,1,1,0,0,0,경기,평택시,차대사람,횡단중,횡단중,운전자법규위반,안전운전 의무 불이행,단일로,기타단일로,화물차,화물차,보행자,보행자,943515.0,1887886.0,126.8652718,36.98774403
2018,2018021006,10,주,토,1,1,0,0,0,경기,평택시,차대차,추돌,추돌,운전자법규위반,안전운전 의무 불이행,단일로,기타단일로,승용차,승용차,특수차,특수차,950397.0,1892300.0,126.9423115,37.02792007
2018,2018032715,33,주,화,1,1,0,0,0,경기,평택시,차량단독,공작물충돌,공작물충돌,운전자법규위반,안전운전 의무 불이행,단일로,기타단일로,화물차,화물차,없음,없음,954878.0,1884268.0,126.9931703,36.95574499
2018,2018100822,0,야,월,1,2,0,1,0,경기,평택시,차대차,측면충돌,측면충돌,운전자법규위반,신호위반,교차로,교차로내,화물차,화물차,승용차,승용차,960189.0,1883385.0,127.0528705,36.94802505
2018,2018062615,37,주,화,1,3,2,0,0,경기,안성시,차대차,정면충돌,정면충돌,운전자법규위반,중앙선 침범,단일로,기타단일로,승용차,승용차,승용차,승용차,983089.0,1884716.0,127.3100354,36.96071312
2018,2018112005,50,야,화,1,1,0,0,0,경기,이천시,차대차,측면충돌,측면충돌,운전자법규위반,신호위반,교차로,교차로부근,승용차,승용차,자전거,자전거,997430.0,1918306.0,127.4710154,37.26365047
2018,2018050220,28,야,수,1,9,2,6,0,경기,광주시,차대차,정면충돌,정면충돌,운전자법규위반,중앙선 침범,단일로,기타단일로,화물차,화물차,승합차,승합차,974988.0,1928825.0,127.2175608,37.35813463
2018,2018102905,30,야,월,1,1,0,0,0,경기,여주시,차대사람,횡단중,횡단중,운전자법규위반,안전운전 의무 불이행,단일로,기타단일로,승용차,승용차,보행자,보행자,1015213.0,1922832.0,127.6716651,37.30432687
2018,2018121513,17,주,토,1,4,1,2,0,경기,용인시,차대차,기타,기타,운전자법규위반,안전운전 의무 불이행,단일로,기타단일로,화물차,화물차,승용차,승용차,965854.0,1915038.0,127.115054,37.23357048
2018,2018103100,3,야,수,1,1,0,0,0,경기,김포시,차량단독,기타,기타,운전자법규위반,안전운전 의무 불이행,단일로,기타단일로,이륜차,이륜차,없음,없음,930935.0,1960001.0,126.717209,37.63688505
2018,2018072609,52,주,목,1,2,0,1,0,경기,김포시,차대차,기타,기타,운전자법규위반,안전운전 의무 불이행,기타,기타,승용차,승용차,화물차,화물차,932859.0,1956983.0,126.7392913,37.60982744
2018,2018062107,25,주,목,1,1,0,0,0,경기,김포시,차대사람,횡단중,횡단중,운전자법규위반,보행자 보호의무 위반,교차로,교차로내,건설기계,건설기계,보행자,보행자,923021.0,1960065.0,126.6275131,37.63683265
2018,2018091422,23,야,금,1,1,0,0,0,경기,김포시,차대차,측면충돌,측면충돌,운전자법규위반,교차로 통행방법 위반,교차로,교차로내,승용차,승용차,이륜차,이륜차,920651.0,1957181.0,126.6009674,37.6106393
2018,2018010523,10,야,금,1,1,0,0,0,경기,화성시,차대사람,횡단중,횡단중,운전자법규위반,안전운전 의무 불이행,단일로,기타단일로,승용차,승용차,보행자,보행자,957436.0,1911121.0,127.0203797,37.197917
2018,2018072913,30,주,일,1,1,0,0,0,경기,오산시,차대차,기타,기타,운전자법규위반,안전운전 의무 불이행,단일로,기타단일로,자전거,자전거,화물차,화물차,961634.0,1903704.0,127.068063,37.13124281
2018,2018081119,55,야,토,1,2,0,1,0,경기,화성시,차대차,추돌,추돌,운전자법규위반,안전운전 의무 불이행,단일로,기타단일로,이륜차,이륜차,승용차,승용차,964782.0,1909183.0,127.1032454,37.18075421
2018,2018050107,48,주,화,1,2,0,0,1,경기,오산시,차대차,기타,기타,운전자법규위반,안전운전 의무 불이행,교차로,교차로내,자전거,자전거,화물차,화물차,961694.0,1906185.0,127.0686115,37.15360889
2018,2018022406,10,주,토,1,3,2,0,0,경기,오산시,차대차,추돌,추돌,운전자법규위반,안전운전 의무 불이행,단일로,기타단일로,승용차,승용차,승합차,승합차,961356.0,1906365.0,127.0647959,37.15521748
2018,2018022018,0,야,화,1,1,0,0,0,경기,부천시,차대사람,횡단중,횡단중,운전자법규위반,안전운전 의무 불이행,교차로,교차로횡단보도내,승합차,승합차,보행자,보행자,936863.0,1944527.0,126.7857257,37.4978467
2018,2018032823,25,야,수,1,1,0,0,0,경기,부천시,차대차,기타,기타,운전자법규위반,안전운전 의무 불이행,단일로,기타단일로,승용차,승용차,승용차,승용차,936697.0,1943570.0,126.7839302,37.48920991
2018,2018091919,15,야,수,1,1,0,0,0,경기,부천시,차대사람,기타,기타,운전자법규위반,안전운전 의무 불이행,단일로,기타단일로,승용차,승용차,보행자,보행자,936534.0,1945664.0,126.7819058,37.50807186
2018,2018012921,55,야,월,1,2,0,1,0,경기,안산시,차량단독,공작물충돌,공작물충돌,운전자법규위반,안전운전 의무 불이행,단일로,기타단일로,화물차,화물차,없음,없음,920610.0,1915992.0,126.6049333,37.23941277
2018,2018040819,10,야,일,1,1,0,0,0,경기,안산시,차대사람,횡단중,횡단중,운전자법규위반,안전운전 의무 불이행,단일로,기타단일로,화물차,화물차,보행자,보행자,937071.0,1924311.0,126.7898007,37.3156518
2018,2018061511,2,주,금,1,1,0,0,0,경기,성남시,차대사람,횡단중,횡단중,운전자법규위반,안전운전 의무 불이행,단일로,기타단일로,화물차,화물차,보행자,보행자,966969.0,1935865.0,127.1266961,37.42133981
2018,2018110804,55,야,목,1,1,0,0,0,경기,성남시,차량단독,공작물충돌,공작물충돌,운전자법규위반,안전운전 의무 불이행,단일로,기타단일로,승용차,승용차,없음,없음,966261.0,1931241.0,127.1189059,37.3796353
2018,2018101010,50,주,수,1,2,0,1,0,경기,성남시,차대차,기타,기타,운전자법규위반,안전거리 미확보,단일로,기타단일로,승용차,승용차,승용차,승용차,964683.0,1927973.0,127.1012381,37.3501199
2018,2018082703,0,야,월,1,1,0,0,0,경기,성남시,차대사람,차도통행중,차도통행중,운전자법규위반,안전운전 의무 불이행,단일로,기타단일로,승합차,승합차,보행자,보행자,965991.0,1926961.0,127.1160528,37.3410469
2018,2018061713,40,주,일,1,1,0,0,0,경기,성남시,차대차,기타,기타,운전자법규위반,교차로 통행방법 위반,교차로,교차로내,승용차,승용차,이륜차,이륜차,968345.0,1930670.0,127.1424694,37.374562
2018,2018062816,56,주,목,1,1,0,0,0,경기,성남시,차대사람,기타,기타,운전자법규위반,안전운전 의무 불이행,단일로,기타단일로,승용차,승용차,보행자,보행자,966232.0,1930403.0,127.1186166,37.3720808
2018,2018011017,10,주,수,1,1,0,0,0,경기,성남시,차대사람,차도통행중,차도통행중,운전자법규위반,안전운전 의무 불이행,단일로,기타단일로,승용차,승용차,보행자,보행자,967103.0,1933709.0,127.1283066,37.40191124
2018,2018080915,4,주,목,1,2,0,1,0,경기,시흥시,차대차,추돌,추돌,운전자법규위반,안전운전 의무 불이행,단일로,기타단일로,화물차,화물차,화물차,화물차,931474.0,1929670.0,126.7261441,37.363557
2018,2018071323,52,야,금,1,3,0,0,2,경기,시흥시,차대사람,횡단중,횡단중,운전자법규위반,안전운전 의무 불이행,단일로,기타단일로,승용차,승용차,보행자,보행자,937126.0,1935962.0,126.7894317,37.42066802
2018,2018101517,50,주,월,1,2,0,1,0,경기,시흥시,차대차,측면충돌,측면충돌,운전자법규위반,중앙선 침범,교차로,교차로부근,승용차,승용차,승용차,승용차,936723.0,1934329.0,126.7850174,37.40592217
2018,2018073121,15,야,화,1,1,0,0,0,경기,시흥시,차대사람,차도통행중,차도통행중,운전자법규위반,안전운전 의무 불이행,단일로,기타단일로,승용차,승용차,보행자,보행자,936397.0,1937755.0,126.781039,37.43677864
2018,2018070820,47,야,일,1,1,0,0,0,경기,안산시,차대사람,횡단중,횡단중,운전자법규위반,안전운전 의무 불이행,단일로,기타단일로,승용차,승용차,보행자,보행자,947979.0,1923627.0,126.9129468,37.31016136
2018,2018080504,53,야,일,1,1,0,0,0,경기,안산시,차대사람,차도통행중,차도통행중,운전자법규위반,안전운전 의무 불이행,단일로,기타단일로,승용차,승용차,보행자,보행자,944180.0,1921451.0,126.8702412,37.29032772
2018,2018022720,15,야,화,1,1,0,0,0,경기,안산시,차대사람,횡단중,횡단중,운전자법규위반,보행자 보호의무 위반,교차로,교차로부근,승용차,승용차,보행자,보행자,943514.0,1926608.0,126.8623353,37.33676957
2018,2018012918,45,야,월,1,1,0,0,0,경기,안산시,차대차,측면충돌,측면충돌,운전자법규위반,안전운전 의무 불이행,단일로,기타단일로,승합차,승합차,기타,기타,943399.0,1921826.0,126.8614019,37.29366054
2018,2018022819,20,야,수,1,1,0,0,0,경기,수원시,차대사람,보도통행중,보도통행중,운전자법규위반,보행자 보호의무 위반,교차로,교차로부근,승합차,승합차,보행자,보행자,957249.0,1919188.0,127.0178097,37.2706224
2018,2018122714,0,주,목,1,1,0,0,0,경기,여주시,차량단독,기타,기타,운전자법규위반,안전운전 의무 불이행,단일로,기타단일로,승용차,승용차,없음,없음,1001759.0,1930441.0,127.5198668,37.37303657
2018,2018041420,59,야,토,1,1,0,0,0,경기,성남시,차대차,측면충돌,측면충돌,운전자법규위반,안전거리 미확보,단일로,기타단일로,승용차,승용차,승용차,승용차,964879.0,1928789.0,127.1034124,37.3574825
2018,2018080905,45,야,목,1,2,0,1,0,경기,화성시,차대차,추돌,추돌,운전자법규위반,안전운전 의무 불이행,단일로,기타단일로,화물차,화물차,특수차,특수차,946364.0,1919395.0,126.8950281,37.2719245
2018,2018101501,30,야,월,1,1,0,0,0,경기,화성시,차량단독,기타,기타,운전자법규위반,안전운전 의무 불이행,단일로,기타단일로,이륜차,이륜차,없음,없음,947492.0,1919612.0,126.9077351,37.27394476
2018,2018011216,14,주,금,1,1,0,0,0,경기,화성시,차량단독,공작물충돌,공작물충돌,운전자법규위반,안전운전 의무 불이행,교차로,교차로내,화물차,화물차,없음,없음,939297.0,1912924.0,126.8158502,37.21316453
2018,2018100606,40,주,토,1,1,0,0,0,경기,화성시,차량단독,공작물충돌,공작물충돌,운전자법규위반,안전운전 의무 불이행,단일로,기타단일로,화물차,화물차,없음,없음,952792.0,1911267.0,126.9680428,37.1990096
2018,2018070900,8,야,월,1,1,0,0,0,경기,화성시,차대차,기타,기타,운전자법규위반,과속,기타,기타,승용차,승용차,특수차,특수차,946720.0,1902400.0,126.9002563,37.11875821
2018,2018020900,4,야,금,1,1,0,0,0,경기,화성시,차량단독,공작물충돌,공작물충돌,운전자법규위반,안전운전 의무 불이행,단일로,기타단일로,이륜차,이륜차,없음,없음,951814.0,1913309.0,126.9568909,37.21736559
2018,2018040200,5,야,월,2,2,0,0,0,경기,화성시,차대차,기타,기타,운전자법규위반,안전운전 의무 불이행,교차로,교차로부근,승용차,승용차,특수차,특수차,948962.0,1897613.0,126.9258178,37.07573399
2018,2018052606,30,주,토,1,1,0,0,0,경기,하남시,차대차,측면충돌,측면충돌,운전자법규위반,신호위반,교차로,교차로내,자전거,자전거,화물차,화물차,973829.0,1950315.0,127.2037102,37.55180524
2018,2018050413,35,주,금,1,4,1,2,0,경기,하남시,차대차,기타,기타,운전자법규위반,안전운전 의무 불이행,단일로,기타단일로,승용차,승용차,승용차,승용차,974404.0,1948857.0,127.2102708,37.53867974
2018,2018051812,59,주,금,1,1,0,0,0,경기,안양시,차량단독,전도,전도,운전자법규위반,기타(운전자법규위반),단일로,기타단일로,이륜차,이륜차,없음,없음,947937.0,1935626.0,126.911629,37.41831078
2018,2018071613,8,주,월,1,1,0,0,0,강원,춘천시,차대차,측면충돌,측면충돌,운전자법규위반,신호위반,교차로,교차로내,이륜차,이륜차,승용차,승용차,1019539.0,1985277.0,127.7221462,37.86709201
2018,2018081606,25,주,목,1,1,0,0,0,강원,춘천시,차대차,측면충돌,측면충돌,운전자법규위반,안전운전 의무 불이행,교차로,교차로내,승합차,승합차,자전거,자전거,1020774.2,1983436.8,127.7361366,37.85047888
2018,2018080410,20,주,토,1,1,0,0,0,강원,춘천시,차량단독,공작물충돌,공작물충돌,운전자법규위반,안전운전 의무 불이행,교차로,교차로부근,승용차,승용차,없음,없음,1023529.7,1974116.5,127.7671548,37.76640715
2018,2018042418,5,야,화,1,4,3,0,0,강원,춘천시,차대차,측면충돌,측면충돌,운전자법규위반,차로위반(진로변경 위반),단일로,교량위,화물차,화물차,승용차,승용차,1023313.6,1985972.0,127.7650831,37.87326726
2018,2018031719,50,야,토,1,1,0,0,0,강원,강릉시,차대사람,횡단중,횡단중,운전자법규위반,안전운전 의무 불이행,단일로,기타단일로,승용차,승용차,보행자,보행자,1123324.4,1973563.5,128.8999387,37.75341037
2018,2018053123,38,야,목,1,3,2,0,0,강원,강릉시,차대차,정면충돌,정면충돌,운전자법규위반,중앙선 침범,단일로,기타단일로,승용차,승용차,승용차,승용차,1125642.5,1975871.2,128.926645,37.77388834
2018,2018120118,19,야,토,1,2,0,1,0,강원,원주시,차대차,추돌,추돌,운전자법규위반,안전거리 미확보,단일로,기타단일로,승용차,승용차,건설기계,건설기계,1027848.0,1920495.0,127.8141506,37.28296883
2018,2018100719,10,야,일,1,1,0,0,0,강원,원주시,차대사람,차도통행중,차도통행중,운전자법규위반,안전운전 의무 불이행,단일로,기타단일로,승용차,승용차,보행자,보행자,1027959.0,1922873.0,127.8154923,37.30440043
2018,2018042920,10,야,일,1,1,0,0,0,강원,원주시,차대사람,횡단중,횡단중,운전자법규위반,안전운전 의무 불이행,교차로,교차로내,화물차,화물차,보행자,보행자,1052155.0,1916183.0,128.0880431,37.24305712
2018,2018101314,40,주,토,1,2,1,0,0,강원,양양군,차량단독,공작물충돌,공작물충돌,운전자법규위반,안전운전 의무 불이행,단일로,기타단일로,승용차,승용차,없음,없음,1099132.0,2013252.0,128.6308355,38.11399529
2018,2018092811,0,주,금,1,1,0,0,0,강원,삼척시,차량단독,도로이탈,도로이탈 추락,운전자법규위반,안전운전 의무 불이행,단일로,기타단일로,농기계,농기계,없음,없음,1145876.0,1938353.0,129.1488309,37.4328537
2018,2018073008,55,주,월,1,2,1,0,0,강원,영월군,차대차,정면충돌,정면충돌,운전자법규위반,교차로 통행방법 위반,교차로,교차로내,화물차,화물차,승용차,승용차,1080481.0,1909295.0,128.4066431,37.17895925
2018,2018083120,0,야,금,1,1,0,0,0,강원,영월군,차대사람,길가장자리구역통행중,길가장자리구역통행중,운전자법규위반,안전운전 의무 불이행,단일로,지하차도(도로)내,화물차,화물차,보행자,보행자,1082104.0,1918931.0,128.4259857,37.26566637
2018,2018030907,0,주,금,1,4,3,0,0,강원,홍천군,차량단독,공작물충돌,공작물충돌,운전자법규위반,안전운전 의무 불이행,단일로,기타단일로,승용차,승용차,없음,없음,1022100.0,1955627.0,127.7503614,37.59979142
2018,2018122315,10,주,일,1,1,0,0,0,강원,평창군,차량단독,공작물충돌,공작물충돌,운전자법규위반,안전운전 의무 불이행,단일로,기타단일로,화물차,화물차,없음,없음,1077765.0,1958660.0,128.381245,37.62410402
2018,2018102111,29,주,일,1,1,0,0,0,강원,평창군,차대차,측면충돌,측면충돌,운전자법규위반,앞지르기 방법위반,단일로,기타단일로,이륜차,이륜차,승용차,승용차,1075790.4,1937376.1,128.3566741,37.43244551
2018,2018012008,6,주,토,1,2,0,1,0,강원,평창군,차대사람,횡단중,횡단중,운전자법규위반,과속,교차로,교차로내,승합차,승합차,보행자,보행자,1082305.8,1952113.6,128.4319598,37.56471023
2018,2018101200,55,야,금,1,1,0,0,0,강원,화천군,차량단독,공작물충돌,공작물충돌,운전자법규위반,중앙선 침범,단일로,기타단일로,승용차,승용차,없음,없음,1016036.0,2007905.0,127.6828245,38.07110435