발생년,발생년월일시,발생분,주야,요일,사망자수,사상자수,중상자수,경상자수,부상신고자수,발생지시도,발생지시군구,사고유형_대분류,사고유형_중분류,사고유형,법규위반_대분류,법규위반,도로형태_대분류,도로형태,가해자_당사자종별_대분류,가해자_당사자종별,피해자_당사자종별_대분류,피해자_당사자종별,발생위치X_UTMK,발생위치Y_UTMK,경도,위도
2018,2018052714,40,주,일,1,1,0,0,0,강원,화천군,차대차,측면충돌,측면충돌,운전자법규위반,안전운전 의무 불이행,단일로,기타단일로,이륜차,이륜차,이륜차,이륜차,996395.0,2004709.0,127.4589158,38.04243441
2018,2018083015,20,주,목,1,1,0,0,0,강원,화천군,차량단독,공작물충돌,공작물충돌,운전자법규위반,안전운전 의무 불이행,단일로,기타단일로,화물차,화물차,없음,없음,1005983.3,2019804.8,127.5683149,38.1784761
2018,2018061016,10,주,일,1,1,0,0,0,강원,태백시,차량단독,전복,전복,운전자법규위반,과속,교차로,교차로부근,승용차,승용차,없음,없음,1132377.4,1908541.1,128.9909933,37.16625129
2018,2018092211,27,주,토,1,1,0,0,0,강원,태백시,차대사람,횡단중,횡단중,운전자법규위반,과속,단일로,기타단일로,승용차,승용차,보행자,보행자,1136562.4,1902849.4,129.0370763,37.11436123
2018,2018083113,0,주,금,1,1,0,0,0,강원,정선군,차량단독,기타,기타,운전자법규위반,안전운전 의무 불이행,단일로,기타단일로,화물차,화물차,없음,없음,1120241.0,1951591.0,128.861326,37.5558295
2018,2018061215,35,주,화,1,1,0,0,0,강원,횡성군,차대차,기타,기타,운전자법규위반,안전운전 의무 불이행,단일로,기타단일로,화물차,화물차,화물차,화물차,1050191.0,1938467.0,128.0674095,37.44402104
2018,2018120517,45,주,수,1,1,0,0,0,강원,고성군,차대차,정면충돌,정면충돌,운전자법규위반,중앙선 침범,기타,기타,이륜차,이륜차,승용차,승용차,1085491.0,2042365.0,128.4787619,38.37773318
2018,2018052014,10,주,일,1,1,0,0,0,강원,철원군,차량단독,전도,전도,운전자법규위반,안전운전 의무 불이행,교차로,교차로부근,사륜오토바이(ATV),사륜오토바이(ATV),없음,없음,994053.0,2025576.0,127.4320512,38.23048973
2018,2018090516,15,주,수,1,1,0,0,0,강원,원주시,차량단독,공작물충돌,공작물충돌,정비불량,정비불량 제차의 운전금지위반,단일로,기타단일로,화물차,화물차,없음,없음,1037974.2,1936353.3,127.9291938,37.42555151
2018,2018041913,10,주,목,1,2,0,1,0,충북,청주시,차대차,측면충돌,측면충돌,운전자법규위반,신호위반,교차로,교차로내,화물차,화물차,화물차,화물차,1003992.0,1860499.0,127.5447157,36.74254876
2018,2018060807,5,주,금,1,1,0,0,0,충북,청주시,차대차,기타,기타,운전자법규위반,중앙선 침범,단일로,기타단일로,이륜차,이륜차,승용차,승용차,998422.0,1858378.0,127.4823287,36.72343539
2018,2018071510,25,주,일,1,1,0,0,0,충북,청주시,차량단독,도로이탈,도로이탈 추락,운전자법규위반,중앙선 침범,단일로,기타단일로,이륜차,이륜차,없음,없음,1005872.0,1856188.0,127.565741,36.70367599
2018,2018071608,5,주,월,1,1,0,0,0,충북,청주시,차대사람,횡단중,횡단중,운전자법규위반,안전운전 의무 불이행,단일로,기타단일로,승용차,승용차,보행자,보행자,999026.0,1850051.0,127.4891032,36.64836907
2018,2018061606,35,주,토,1,2,0,0,1,충북,충주시,차대차,기타,기타,운전자법규위반,과속,단일로,기타단일로,화물차,화물차,이륜차,이륜차,1040787.0,1885892.0,127.9582263,36.97058188
2018,2018090819,25,야,토,1,1,0,0,0,충북,충주시,차대사람,횡단중,횡단중,운전자법규위반,안전운전 의무 불이행,단일로,기타단일로,승용차,승용차,보행자,보행자,1038832.0,1884454.0,127.9361893,36.95770216
2018,2018021823,35,야,일,1,1,0,0,0,충북,충주시,차량단독,공작물충돌,공작물충돌,운전자법규위반,안전운전 의무 불이행,단일로,교량위,화물차,화물차,없음,없음,1037409.0,1891067.0,127.9205335,37.01737074
2018,2018120618,46,야,목,1,1,0,0,0,충북,제천시,차대차,정면충돌,정면충돌,운전자법규위반,중앙선 침범,기타,기타,화물차,화물차,이륜차,이륜차,1057976.0,1880979.0,128.1509516,36.92539418
2018,2018011307,5,주,토,1,1,0,0,0,충북,제천시,차대차,정면충돌,정면충돌,운전자법규위반,안전운전 의무 불이행,단일로,지하차도(도로)내,승용차,승용차,화물차,화물차,1063223.7,1901578.5,128.211598,37.11073455
2018,2018071320,40,야,금,1,2,1,0,0,충북,영동군,차량단독,전도,전도,운전자법규위반,안전운전 의무 불이행,단일로,기타단일로,이륜차,이륜차,없음,없음,1025564.0,1797496.0,127.7842685,36.1742318
2018,2018110717,50,주,수,1,1,0,0,0,충북,음성군,차대사람,횡단중,횡단중,운전자법규위반,안전운전 의무 불이행,교차로,교차로부근,승용차,승용차,보행자,보행자,1016861.0,1879535.0,127.6892874,36.91401002
2018,2018112806,2,주,수,1,1,0,0,0,충북,음성군,차대사람,횡단중,횡단중,운전자법규위반,과속,교차로,교차로내,승용차,승용차,보행자,보행자,1006211.6,1887406.5,127.5697984,36.98509799
2018,2018112513,30,주,일,1,1,0,0,0,충북,옥천군,차량단독,공작물충돌,공작물충돌,운전자법규위반,안전운전 의무 불이행,단일로,기타단일로,화물차,화물차,없음,없음,1002106.0,1807806.0,127.5234463,36.26751792
2018,2018092818,55,야,금,1,1,0,0,0,충북,옥천군,차대차,추돌,추돌,운전자법규위반,안전운전 의무 불이행,단일로,기타단일로,승용차,승용차,사륜오토바이(ATV),사륜오토바이(ATV),1006469.0,1809919.0,127.5720375,36.28654833
2018,2018072720,20,야,금,1,1,0,0,0,충북,진천군,차대사람,횡단중,횡단중,운전자법규위반,과속,단일로,기타단일로,승용차,승용차,보행자,보행자,996207.0,1872021.0,127.457456,36.84641741
2018,2018091421,12,야,금,1,1,0,0,0,충북,진천군,차대사람,길가장자리구역통행중,길가장자리구역통행중,운전자법규위반,안전운전 의무 불이행,단일로,기타단일로,승합차,승합차,보행자,보행자,982220.0,1877623.0,127.3004406,36.89675737
2018,2018021023,24,야,토,1,5,0,4,0,충북,청주시,차대차,정면충돌,정면충돌,운전자법규위반,중앙선 침범,단일로,지하차도(도로)내,승용차,승용차,승합차,승합차,984188.0,1843354.0,127.3232388,36.58786498
2018,2018112312,0,주,금,1,1,0,0,0,충북,청주시,차대차,기타,기타,운전자법규위반,안전운전 의무 불이행,교차로,교차로내,이륜차,이륜차,특수차,특수차,983187.0,1844774.0,127.3120177,36.60064916
2018,2018122718,5,야,목,1,5,4,0,0,충북,청주시,차대차,측면충돌,측면충돌,운전자법규위반,신호위반,교차로,교차로내,승용차,승용차,승용차,승용차,999878.0,1834960.0,127.4986375,36.51232318
2018,2018042319,30,야,월,1,1,0,0,0,충북,청주시,차대사람,횡단중,횡단중,운전자법규위반,안전운전 의무 불이행,단일로,지하차도(도로)내,화물차,화물차,보행자,보행자,999331.0,1842836.0,127.4925217,36.58332601
2018,2018042920,35,야,일,1,4,0,3,0,충북,청주시,차대차,추돌,추돌,운전자법규위반,안전운전 의무 불이행,교차로,교차로부근,화물차,화물차,화물차,화물차,1015384.0,1846436.0,127.6720383,36.61565619
2018,2018031205,25,야,월,1,2,0,1,0,경기,하남시,차대차,측면충돌,측면충돌,운전자법규위반,안전거리 미확보,단일로,기타단일로,화물차,화물차,화물차,화물차,975332.0,1946686.0,127.2208479,37.5191367
2018,2018011413,50,주,일,1,4,3,0,0,충남,서산시,차대차,추돌,추돌,운전자법규위반,안전운전 의무 불이행,단일로,기타단일로,승용차,승용차,승용차,승용차,904634.0,1886217.0,126.428628,36.9695618
2018,2018032207,10,주,목,1,3,2,0,0,충남,서산시,차대차,측면충돌,측면충돌,운전자법규위반,중앙선 침범,단일로,기타단일로,화물차,화물차,승용차,승용차,905708.0,1879473.0,126.4415329,36.90888652
2018,2018120115,44,주,토,1,1,0,0,0,충남,서산시,차량단독,도로이탈,도로이탈 추락,운전자법규위반,안전운전 의무 불이행,단일로,기타단일로,자전거,자전거,없음,없음,918498.0,1869444.0,126.5861653,36.81968264
2018,2018052912,30,주,화,1,1,0,0,0,충남,천안시,차량단독,공작물충돌,공작물충돌,운전자법규위반,안전운전 의무 불이행,단일로,교량위,이륜차,이륜차,없음,없음,978756.0,1877717.0,127.2615589,36.89753308
2018,2018070621,49,야,금,1,1,0,0,0,충남,천안시,차대사람,횡단중,횡단중,운전자법규위반,과속,단일로,기타단일로,승용차,승용차,보행자,보행자,965659.0,1868234.0,127.1149906,36.81166316
2018,2018102019,20,야,토,1,1,0,0,0,충남,천안시,차대사람,횡단중,횡단중,운전자법규위반,안전운전 의무 불이행,단일로,기타단일로,화물차,화물차,보행자,보행자,973281.0,1875508.0,127.2001865,36.87748089
2018,2018112623,30,야,월,1,1,0,0,0,충남,천안시,차량단독,공작물충돌,공작물충돌,운전자법규위반,안전운전 의무 불이행,단일로,기타단일로,승용차,승용차,없음,없음,967270.0,1869879.0,127.132981,36.82654915
2018,2018101416,40,주,일,1,1,0,0,0,충남,천안시,차량단독,공작물충돌,공작물충돌,운전자법규위반,안전운전 의무 불이행,단일로,기타단일로,이륜차,이륜차,없음,없음,980301.0,1877274.0,127.2789113,36.89357318
2018,2018110207,50,주,금,1,1,0,0,0,충남,천안시,차대차,측면충돌,측면충돌,운전자법규위반,중앙선 침범,교차로,교차로부근,승용차,승용차,원동기장치자전거,원동기장치자전거,967451.0,1880552.0,127.1345525,36.92276648
2018,2018100406,8,주,목,1,1,0,0,0,충남,논산시,차대사람,횡단중,횡단중,운전자법규위반,안전운전 의무 불이행,교차로,교차로부근,승용차,승용차,보행자,보행자,973070.0,1801780.0,127.2003949,36.2128173
2018,2018022414,20,주,토,1,1,0,0,0,충남,논산시,차대차,측면충돌,측면충돌,운전자법규위반,중앙선 침범,단일로,기타단일로,자전거,자전거,화물차,화물차,962158.0,1799929.0,127.0790871,36.19576432
2018,2018081318,55,야,월,1,1,0,0,0,충남,홍성군,차대차,측면충돌,측면충돌,운전자법규위반,안전운전 의무 불이행,교차로,교차로내,이륜차,이륜차,화물차,화물차,922661.0,1839438.0,126.6358689,36.54956178
2018,2018090100,21,야,토,1,1,0,0,0,충남,홍성군,차량단독,공작물충돌,공작물충돌,운전자법규위반,안전운전 의무 불이행,단일로,기타단일로,화물차,화물차,없음,없음,907692.0,1841184.0,126.4684293,36.56397036
2018,2018110718,17,야,수,1,1,0,0,0,충남,아산시,차대사람,횡단중,횡단중,운전자법규위반,안전운전 의무 불이행,단일로,기타단일로,화물차,화물차,보행자,보행자,958894.0,1874026.0,127.0388344,36.86360475
2018,2018121806,20,주,화,1,1,0,0,0,충남,아산시,차대차,추돌,추돌,운전자법규위반,안전거리 미확보,단일로,기타단일로,화물차,화물차,화물차,화물차,954151.0,1851610.0,126.9869725,36.66131898
2018,2018091714,8,주,월,1,1,0,0,0,충남,아산시,차대차,기타,기타,운전자법규위반,안전운전 의무 불이행,교차로,교차로내,건설기계,건설기계,이륜차,이륜차,961032.0,1866468.0,127.0632073,36.79556436
2018,2018072820,0,야,토,1,1,0,0,0,충남,아산시,차대차,추돌,추돌,운전자법규위반,안전운전 의무 불이행,단일로,기타단일로,이륜차,이륜차,승용차,승용차,947045.0,1875829.0,126.9057812,36.87926716
2018,2018111204,17,야,월,1,1,0,0,0,충남,아산시,차량단독,공작물충돌,공작물충돌,운전자법규위반,안전운전 의무 불이행,기타,기타,승용차,승용차,없음,없음,959750.0,1868921.0,127.048708,36.81762315
2018,2018071821,30,야,수,1,1,0,0,0,충남,아산시,차대차,추돌,추돌,운전자법규위반,안전운전 의무 불이행,단일로,기타단일로,화물차,화물차,건설기계,건설기계,949840.0,1875448.0,126.9371682,36.87598544
2018,2018081019,45,야,금,1,1,0,0,0,충남,아산시,차대사람,기타,기타,운전자법규위반,안전운전 의무 불이행,단일로,교량위,승용차,승용차,보행자,보행자,963850.0,1862636.0,127.0949754,36.76113244
2018,2018030706,30,주,수,1,1,0,0,0,충남,아산시,차대사람,횡단중,횡단중,운전자법규위반,안전운전 의무 불이행,교차로,교차로내,화물차,화물차,보행자,보행자,958328.0,1878795.0,127.0322225,36.90656916
2018,2018041513,30,주,일,1,1,0,0,0,충남,아산시,차량단독,기타,기타,운전자법규위반,안전운전 의무 불이행,단일로,기타단일로,자전거,자전거,없음,없음,955175.0,1864621.0,126.997667,36.77865555
2018,2018111421,54,야,수,1,1,0,0,0,충남,서천군,차량단독,도로이탈,도로이탈 추락,운전자법규위반,안전운전 의무 불이행,단일로,기타단일로,원동기장치자전거,원동기장치자전거,없음,없음,913357.0,1796785.0,126.5366751,36.16428383
2018,2018102604,30,야,금,1,1,0,0,0,충남,보령시,차량단독,도로이탈,도로이탈 추락,운전자법규위반,안전운전 의무 불이행,교차로,교차로내,승용차,승용차,없음,없음,920146.0,1818587.0,126.6099216,36.36140053
2018,2018092901,25,야,토,1,2,1,0,0,충남,보령시,차대사람,차도통행중,차도통행중,운전자법규위반,안전운전 의무 불이행,단일로,기타단일로,승용차,승용차,보행자,보행자,913206.0,1803503.0,126.534253,36.22482884
2018,2018082711,10,주,월,1,1,0,0,0,충남,보령시,차량단독,공작물충돌,공작물충돌,운전자법규위반,안전운전 의무 불이행,단일로,기타단일로,화물차,화물차,없음,없음,924361.0,1811344.0,126.6576018,36.29644947
2018,2018081218,35,야,일,1,1,0,0,0,충남,공주시,차량단독,공작물충돌,공작물충돌,운전자법규위반,안전운전 의무 불이행,단일로,교량위,승용차,승용차,없음,없음,963195.0,1828226.0,127.0892849,36.45090814
2018,2018122102,56,야,금,1,1,0,0,0,충남,공주시,차량단독,전도,전도,운전자법규위반,안전운전 의무 불이행,기타,기타,화물차,화물차,없음,없음,967396.0,1827555.0,127.1361921,36.44501111
2018,2018011600,10,야,화,2,2,0,0,0,세종,세종,차대차,추돌,추돌,운전자법규위반,안전운전 의무 불이행,단일로,기타단일로,승용차,승용차,화물차,화물차,969465.0,1858631.0,127.1580449,36.72522625
2018,2018040213,25,주,월,1,1,0,0,0,세종,세종,차대차,측면충돌,측면충돌,운전자법규위반,안전운전 의무 불이행,단일로,기타단일로,이륜차,이륜차,화물차,화물차,981431.0,1842270.0,127.2924448,36.57804303
2018,2018112207,25,주,목,1,7,2,4,0,충남,예산군,차대차,측면충돌,측면충돌,운전자법규위반,안전운전 의무 불이행,단일로,교량위,화물차,화물차,화물차,화물차,944630.0,1849317.0,126.880608,36.64014237
2018,2018111820,43,야,일,1,1,0,0,0,충남,예산군,차대차,측면충돌,측면충돌,운전자법규위반,직진 및 우회전차의 통행방해,교차로,교차로내,승용차,승용차,이륜차,이륜차,927949.0,1852474.0,126.6937255,36.66748351
2018,2018102107,30,주,일,1,2,0,1,0,충남,예산군,차대차,추돌,추돌,운전자법규위반,안전운전 의무 불이행,단일로,기타단일로,화물차,화물차,화물차,화물차,944652.0,1848968.0,126.8808793,36.63699761
2018,2018100511,30,주,금,1,1,0,0,0,충남,예산군,차대차,정면충돌,정면충돌,운전자법규위반,신호위반,교차로,교차로내,승용차,승용차,화물차,화물차,940414.4,1858726.4,126.8327211,36.72470702
2018,2018091507,8,주,토,1,6,1,4,0,충남,예산군,차대차,추돌,추돌,운전자법규위반,안전운전 의무 불이행,교차로,교차로부근,승용차,승용차,승용차,승용차,922467.0,1854487.0,126.6321825,36.68519738
2018,2018042911,10,주,일,1,1,0,0,0,충남,예산군,차대차,추돌,추돌,운전자법규위반,안전운전 의무 불이행,단일로,기타단일로,이륜차,이륜차,승용차,승용차,927876.0,1859282.0,126.6922669,36.72884523
2018,2018041405,30,야,토,1,1,0,0,0,충남,예산군,차량단독,공작물충돌,공작물충돌,운전자법규위반,안전운전 의무 불이행,기타,기타,화물차,화물차,없음,없음,932915.0,1853745.0,126.7491809,36.67930373
2018,2018040316,20,주,화,1,1,0,0,0,충남,예산군,차대차,기타,기타,운전자법규위반,직진 및 우회전차의 통행방해,교차로,교차로내,이륜차,이륜차,농기계,농기계,930305.0,1859050.0,126.7194886,36.72693547
2018,2018091623,0,야,일,1,1,0,0,0,충남,부여군,차량단독,공작물충돌,공작물충돌,운전자법규위반,안전운전 의무 불이행,교차로,교차로내,화물차,화물차,없음,없음,943749.0,1794790.0,126.874703,36.14854035
2018,2018121818,0,야,화,1,1,0,0,0,충남,부여군,차대차,정면충돌,정면충돌,운전자법규위반,중앙선 침범,단일로,기타단일로,이륜차,이륜차,승용차,승용차,929623.0,1810385.0,126.7162865,36.28820292
2018,2018082412,20,주,금,1,2,0,1,0,충남,당진시,차대차,측면충돌,측면충돌,운전자법규위반,신호위반,교차로,교차로내,화물차,화물차,화물차,화물차,935031.0,1867623.0,126.7716804,36.80454827
2018,2018082418,0,야,금,1,1,0,0,0,충남,당진시,차량단독,기타,기타,운전자법규위반,안전운전 의무 불이행,단일로,기타단일로,승용차,승용차,없음,없음,931181.0,1873742.0,126.7279703,36.85943198
2018,2018081811,40,주,토,1,5,2,2,0,충남,당진시,차대차,측면충돌,측면충돌,운전자법규위반,교차로 통행방법 위반,교차로,교차로내,승용차,승용차,승합차,승합차,937167.0,1870410.0,126.7953936,36.82981457
2018,2018021319,20,야,화,1,1,0,0,0,충남,천안시,차대사람,횡단중,횡단중,운전자법규위반,보행자 보호의무 위반,단일로,기타단일로,승합차,승합차,보행자,보행자,968686.0,1868239.0,127.1489266,36.81181326
2018,2018031119,40,야,일,1,2,1,0,0,충남,천안시,차대사람,횡단중,횡단중,운전자법규위반,과속,단일로,기타단일로,승용차,승용차,보행자,보행자,967845.0,1862957.0,127.139721,36.76417008
2018,2018091117,0,주,화,1,1,0,0,0,충남,천안시,차량단독,기타,기타,운전자법규위반,안전운전 의무 불이행,단일로,기타단일로,이륜차,이륜차,없음,없음,969747.0,1869741.0,127.1607619,36.82538763
2018,2018073008,0,주,월,1,1,0,0,0,충남,천안시,차대차,측면충돌,측면충돌,운전자법규위반,안전운전 의무 불이행,교차로,교차로내,건설기계,건설기계,자전거,자전거,973671.0,1863626.0,127.2049741,36.77038064
2018,2018091009,28,주,월,1,1,0,0,0,충남,태안군,차대차,기타,기타,운전자법규위반,안전운전 의무 불이행,기타,기타,이륜차,이륜차,농기계,농기계,894065.0,1859415.0,126.3136532,36.72687227
2018,2018101719,0,야,수,1,1,0,0,0,충남,태안군,차대사람,길가장자리구역통행중,길가장자리구역통행중,운전자법규위반,안전운전 의무 불이행,교차로,교차로내,승합차,승합차,보행자,보행자,892971.0,1853207.0,126.3022726,36.67079739
2018,2018022311,25,주,금,1,4,3,0,0,충남,태안군,차대차,측면충돌,측면충돌,운전자법규위반,신호위반,교차로,교차로내,화물차,화물차,승합차,승합차,893132.0,1861815.0,126.3028709,36.74839854
2018,2018121510,45,주,토,1,11,2,8,0,충남,논산시,차대차,추돌,추돌,운전자법규위반,안전거리 미확보,기타,기타,승용차,승용차,승용차,승용차,961059.0,1793255.0,127.0671943,36.13555169
2018,2018053100,32,야,목,1,1,0,0,0,대전,대덕구,차대차,추돌,추돌,운전자법규위반,안전운전 의무 불이행,단일로,기타단일로,화물차,화물차,화물차,화물차,992829.0,1823254.0,127.4200223,36.40676389
2018,2018011423,23,야,일,1,1,0,0,0,충북,옥천군,차대사람,차도통행중,차도통행중,운전자법규위반,안전운전 의무 불이행,단일로,기타단일로,승용차,승용차,보행자,보행자,1008475.0,1811275.0,127.5943906,36.29875779
2018,2018051411,35,주,월,1,1,0,0,0,전북,전주시,차대차,측면충돌,측면충돌,운전자법규위반,안전운전 의무 불이행,단일로,기타단일로,이륜차,이륜차,화물차,화물차,964901.0,1759782.0,127.1113775,35.8339139
2018,2018011412,40,주,일,2,4,0,2,0,전북,전주시,차대차,측면충돌,측면충돌,운전자법규위반,신호위반,교차로,교차로내,승합차,승합차,승용차,승용차,964519.0,1759919.0,127.1071419,35.83513534
2018,2018100106,7,주,월,1,1,0,0,0,전북,전주시,차대차,측면충돌,측면충돌,운전자법규위반,안전운전 의무 불이행,교차로,교차로부근,화물차,화물차,자전거,자전거,966519.8,1760412.5,127.1292744,35.83965511
2018,2018122920,30,야,토,1,1,0,0,0,전북,전주시,차대사람,횡단중,횡단중,운전자법규위반,과속,교차로,교차로횡단보도내,승용차,승용차,보행자,보행자,969239.0,1761737.7,127.1593324,35.85169224
2018,2018103016,1,주,화,1,1,0,0,0,전북,전주시,차대사람,횡단중,횡단중,운전자법규위반,안전운전 의무 불이행,단일로,기타단일로,승용차,승용차,보행자,보행자,968501.0,1760040.0,127.1512265,35.83636231
2018,2018072406,52,주,화,1,1,0,0,0,전북,군산시,차대차,측면충돌,측면충돌,운전자법규위반,신호위반,교차로,교차로횡단보도내,승용차,승용차,자전거,자전거,930055.0,1775970.0,126.7241568,35.97798618
2018,2018091606,0,주,일,1,1,0,0,0,전북,군산시,차대차,기타,기타,운전자법규위반,안전운전 의무 불이행,단일로,기타단일로,이륜차,이륜차,화물차,화물차,933801.0,1777505.0,126.7655767,35.99208602
2018,2018080611,46,주,월,1,1,0,0,0,전북,군산시,차량단독,공작물충돌,공작물충돌,운전자법규위반,안전운전 의무 불이행,단일로,기타단일로,원동기장치자전거,원동기장치자전거,없음,없음,938704.7,1771493.4,126.8204402,35.93820998
2018,2018121707,10,주,월,1,2,1,0,0,전북,익산시,차대사람,기타,기타,운전자법규위반,안전운전 의무 불이행,단일로,교량위,승용차,승용차,보행자,보행자,949866.8,1790092.0,126.9430059,36.10652212
2018,2018100602,25,야,토,1,1,0,0,0,전북,익산시,차량단독,공작물충돌,공작물충돌,운전자법규위반,안전운전 의무 불이행,단일로,기타단일로,승용차,승용차,없음,없음,951147.6,1772904.6,126.9582973,35.9516345
2018,2018020308,45,주,토,1,3,0,2,0,전북,익산시,차대차,측면충돌,측면충돌,운전자법규위반,차로위반(진로변경 위반),단일로,기타단일로,승용차,승용차,승용차,승용차,945399.0,1783254.0,126.893843,36.0446343
2018,2018012613,50,주,금,1,1,0,0,0,전북,익산시,차대차,측면충돌,측면충돌,운전자법규위반,안전운전 의무 불이행,단일로,기타단일로,화물차,화물차,이륜차,이륜차,949945.8,1778358.9,126.9446272,36.00074716
2018,2018100414,20,주,목,1,1,0,0,0,전북,정읍시,차대사람,차도통행중,차도통행중,운전자법규위반,안전운전 의무 불이행,교차로,교차로내,화물차,화물차,보행자,보행자,936061.0,1723423.0,126.7949612,35.50465339
2018,2018082701,15,야,월,1,5,2,2,0,전북,정읍시,차대차,측면충돌,측면충돌,운전자법규위반,직진 및 우회전차의 통행방해,교차로,교차로내,승용차,승용차,승용차,승용차,939750.8,1731094.6,126.8350745,35.57405165
2018,2018102618,45,야,금,1,1,0,0,0,전북,정읍시,차대사람,차도통행중,차도통행중,운전자법규위반,안전운전 의무 불이행,단일로,기타단일로,화물차,화물차,보행자,보행자,943258.5,1737742.9,126.873317,35.63420002
2018,2018022821,36,야,수,1,1,0,0,0,전북,김제시,차대사람,기타,기타,운전자법규위반,안전운전 의무 불이행,단일로,기타단일로,화물차,화물차,보행자,보행자,947704.0,1757495.0,126.9211262,35.81252838
2018,2018070609,50,주,금,1,3,2,0,0,전북,김제시,차대차,추돌,추돌,운전자법규위반,과속,단일로,기타단일로,승용차,승용차,승용차,승용차,952642.0,1765464.0,126.9753106,35.88462601
2018,2018092619,35,야,수,2,2,0,0,0,전북,김제시,차대사람,횡단중,횡단중,운전자법규위반,안전운전 의무 불이행,단일로,기타단일로,화물차,화물차,보행자,보행자,943165.0,1754015.0,126.8711331,35.7809013
2018,2018070217,5,주,월,1,1,0,0,0,전북,남원시,차량단독,공작물충돌,공작물충돌,운전자법규위반,안전운전 의무 불이행,단일로,기타단일로,이륜차,이륜차,없음,없음,990930.0,1724309.0,127.3999742,35.51466081
2018,2018041320,56,야,금,1,1,0,0,0,전북,남원시,차대사람,횡단중,횡단중,운전자법규위반,안전운전 의무 불이행,단일로,기타단일로,화물차,화물차,보행자,보행자,989774.0,1713356.0,127.3873634,35.41588932
2018,2018071721,5,야,화,1,2,1,0,0,전북,고창군,차량단독,전도,전도,운전자법규위반,안전운전 의무 불이행,교차로,교차로내,이륜차,이륜차,없음,없음,917562.0,1716694.0,126.5916804,35.44262304
2018,2018090615,40,주,목,1,1,0,0,0,전북,고창군,차대차,추돌,추돌,운전자법규위반,안전운전 의무 불이행,단일로,기타단일로,화물차,화물차,화물차,화물차,927525.7,1722565.6,126.7009289,35.49633655
2018,2018083009,40,주,목,1,1,0,0,0,전북,부안군,차대차,측면충돌,측면충돌,운전자법규위반,안전운전 의무 불이행,교차로,교차로내,화물차,화물차,화물차,화물차,926484.3,1753962.0,126.6865845,35.77931674
2018,2018113007,30,주,금,1,1,0,0,0,전북,부안군,차대사람,횡단중,횡단중,운전자법규위반,중앙선 침범,교차로,교차로부근,승합차,승합차,보행자,보행자,924918.0,1735221.0,126.6710063,35.61023964
2018,2018052310,30,주,수,1,1,0,0,0,전북,진안군,차량단독,전도,전도,운전자법규위반,안전운전 의무 불이행,단일로,기타단일로,농기계,농기계,없음,없음,1004392.0,1767078.0,127.5486697,35.90031414
2018,2018031118,50,야,일,2,2,0,0,0,전북,순창군,차량단독,도로이탈,도로이탈 기타,운전자법규위반,안전운전 의무 불이행,단일로,기타단일로,화물차,화물차,없음,없음,975396.0,1718237.0,127.2288473,35.45964825
2018,2018031814,45,주,일,1,4,3,0,0,전북,완주군,차대차,정면충돌,정면충돌,운전자법규위반,중앙선 침범,단일로,기타단일로,화물차,화물차,승용차,승용차,975062.0,1749055.0,127.2242148,35.73750866
2018,2018112211,35,주,목,1,4,3,0,0,전북,완주군,차대차,정면충돌,정면충돌,운전자법규위반,중앙선 침범,단일로,기타단일로,승용차,승용차,화물차,화물차,981348.0,1787725.0,127.2928232,36.08629733
2018,2018041619,20,야,월,1,1,0,0,0,전북,완주군,차량단독,공작물충돌,공작물충돌,운전자법규위반,안전운전 의무 불이행,단일로,기타단일로,화물차,화물차,없음,없음,963797.0,1769268.0,127.098723,35.91939866
2018,2018112922,51,야,목,1,1,0,0,0,전북,무주군,차대사람,횡단중,횡단중,운전자법규위반,안전운전 의무 불이행,단일로,기타단일로,승용차,승용차,보행자,보행자,1013129.0,1757752.0,127.6453346,35.81615146
2018,2018040115,50,주,일,1,1,0,0,0,충남,당진시,차량단독,전도,전도,운전자법규위반,안전운전 의무 불이행,단일로,기타단일로,승용차,승용차,없음,없음,929084.0,1877265.0,126.7041182,36.8910323
2018,2018092706,1,주,목,1,1,0,0,0,전남,목포시,차대사람,횡단중,횡단중,운전자법규위반,안전운전 의무 불이행,교차로,교차로횡단보도내,승용차,승용차,보행자,보행자,898327.0,1644118.0,126.3886985,34.78652968
2018,2018100615,55,주,토,1,1,0,0,0,전남,신안군,차대차,측면충돌,측면충돌,운전자법규위반,안전운전 의무 불이행,단일로,기타단일로,화물차,화물차,승용차,승용차,869470.0,1657544.0,126.0712737,34.90427554
2018,2018082904,30,야,수,1,1,0,0,0,전남,목포시,차대사람,기타,기타,운전자법규위반,안전운전 의무 불이행,단일로,기타단일로,승용차,승용차,보행자,보행자,898465.0,1646812.0,126.389881,34.81083266