발생년,발생년월일시,발생분,주야,요일,사망자수,사상자수,중상자수,경상자수,부상신고자수,발생지시도,발생지시군구,사고유형_대분류,사고유형_중분류,사고유형,법규위반_대분류,법규위반,도로형태_대분류,도로형태,가해자_당사자종별_대분류,가해자_당사자종별,피해자_당사자종별_대분류,피해자_당사자종별,발생위치X_UTMK,발생위치Y_UTMK,경도,위도
2018,2018081519,55,야,수,1,3,0,2,0,전남,목포시,차대사람,기타,기타,운전자법규위반,안전운전 의무 불이행,교차로,교차로내,화물차,화물차,보행자,보행자,898163.0,1644020.0,126.3869181,34.78562973
2018,2018051204,50,야,토,1,1,0,0,0,전남,목포시,차대사람,차도통행중,차도통행중,운전자법규위반,안전운전 의무 불이행,단일로,기타단일로,화물차,화물차,보행자,보행자,902171.0,1645522.0,126.430544,34.79956471
2018,2018101117,3,주,목,1,1,0,0,0,전남,여수시,차대사람,횡단중,횡단중,운전자법규위반,과속,교차로,교차로내,승용차,승용차,보행자,보행자,1018822.2,1636525.3,127.7055763,34.72296002
2018,2018080609,52,주,월,1,2,1,0,0,전남,여수시,차대차,측면충돌,측면충돌,운전자법규위반,안전운전 의무 불이행,단일로,기타단일로,화물차,화물차,이륜차,이륜차,1004289.8,1647342.3,127.5469085,34.82066976
2018,2018071301,0,야,금,1,1,0,0,0,전남,여수시,차대사람,차도통행중,차도통행중,운전자법규위반,안전운전 의무 불이행,단일로,기타단일로,화물차,화물차,보행자,보행자,1007264.4,1632384.7,127.5793064,34.68576824
2018,2018040405,50,야,수,1,1,0,0,0,전남,여수시,차대사람,차도통행중,차도통행중,운전자법규위반,안전운전 의무 불이행,단일로,기타단일로,화물차,화물차,보행자,보행자,1018609.0,1654930.7,127.7036556,34.88893781
2018,2018011912,20,주,금,1,1,0,0,0,전남,순천시,차대차,기타,기타,운전자법규위반,교차로 통행방법 위반,교차로,교차로내,승용차,승용차,이륜차,이륜차,1005892.0,1655131.0,127.5644832,34.89089752
2018,2018053108,15,주,목,1,2,1,0,0,전남,순천시,차대차,정면충돌,정면충돌,운전자법규위반,중앙선 침범,단일로,기타단일로,승용차,승용차,승용차,승용차,998993.0,1663615.0,127.488969,34.96741899
2018,2018092917,34,주,토,1,1,0,0,0,전남,순천시,차량단독,기타,기타,운전자법규위반,안전운전 의무 불이행,단일로,기타단일로,자전거,자전거,없음,없음,995389.0,1663439.0,127.4494904,34.96582191
2018,2018081117,33,주,토,1,1,0,0,0,전남,나주시,차대차,기타,기타,운전자법규위반,차로위반(진로변경 위반),단일로,기타단일로,건설기계,건설기계,이륜차,이륜차,924681.4,1669433.1,126.6744439,35.01707609
2018,2018090618,0,야,목,1,1,0,0,0,전남,나주시,차량단독,도로이탈,도로이탈 기타,운전자법규위반,안전운전 의무 불이행,단일로,기타단일로,사륜오토바이(ATV),사륜오토바이(ATV),없음,없음,920205.4,1663576.1,126.6259497,34.9639234
2018,2018120320,40,야,월,1,2,1,0,0,전남,장흥군,차대사람,기타,기타,운전자법규위반,안전운전 의무 불이행,교차로,교차로내,승용차,승용차,보행자,보행자,953982.0,1639880.0,126.9972147,34.75234767
2018,2018121909,45,주,수,1,1,0,0,0,전남,고흥군,차량단독,전도,전도,운전자법규위반,안전운전 의무 불이행,단일로,기타단일로,사륜오토바이(ATV),사륜오토바이(ATV),없음,없음,983803.0,1610558.0,127.323592,34.48883235
2018,2018101911,55,주,금,1,1,0,0,0,전남,보성군,차대차,측면충돌,측면충돌,운전자법규위반,교차로 통행방법 위반,교차로,교차로내,화물차,화물차,원동기장치자전거,원동기장치자전거,986242.3,1649991.0,127.3495177,34.84447088
2018,2018091211,5,주,수,1,3,2,0,0,전남,화순군,차대차,측면충돌,측면충돌,운전자법규위반,신호위반,교차로,교차로내,승용차,승용차,승용차,승용차,951887.0,1673036.0,126.9724174,35.05122549
2018,2018061608,53,주,토,1,2,0,1,0,전남,화순군,차대차,측면충돌,측면충돌,운전자법규위반,과속,단일로,기타단일로,승용차,승용차,화물차,화물차,953342.0,1659595.0,126.9891252,34.93009504
2018,2018020118,30,야,목,1,1,0,0,0,전남,화순군,차대사람,기타,기타,운전자법규위반,안전운전 의무 불이행,단일로,기타단일로,승용차,승용차,보행자,보행자,952829.0,1660733.0,126.983444,34.94033284
2018,2018122313,40,주,일,1,4,0,2,1,전남,화순군,차대사람,기타,기타,운전자법규위반,보행자 보호의무 위반,교차로,교차로내,화물차,화물차,보행자,보행자,952912.0,1673529.0,126.9836286,35.05571923
2018,2018032715,51,주,화,1,1,0,0,0,전남,함평군,차대사람,횡단중,횡단중,운전자법규위반,안전운전 의무 불이행,단일로,기타단일로,승용차,승용차,보행자,보행자,909577.0,1668873.0,126.5089679,35.01078723
2018,2018080918,40,야,목,1,1,0,0,0,전남,영암군,차량단독,공작물충돌,공작물충돌,운전자법규위반,안전운전 의무 불이행,단일로,기타단일로,승용차,승용차,없음,없음,919496.6,1636006.1,126.6208337,34.71527928
2018,2018040819,30,야,일,1,1,0,0,0,전남,영암군,차대차,추돌,추돌,운전자법규위반,안전운전 의무 불이행,단일로,기타단일로,화물차,화물차,건설기계,건설기계,920408.0,1641583.3,126.6302591,34.76563911
2018,2018121522,50,야,토,1,2,1,0,0,전남,강진군,차대사람,기타,기타,운전자법규위반,안전운전 의무 불이행,단일로,기타단일로,승용차,승용차,보행자,보행자,937159.4,1607259.8,126.8158406,34.45730136
2018,2018090122,35,야,토,1,1,0,0,0,전남,강진군,차대사람,기타,기타,운전자법규위반,안전운전 의무 불이행,단일로,기타단일로,승용차,승용차,보행자,보행자,934452.0,1627842.0,126.7847802,34.64273092
2018,2018120523,10,야,수,1,1,0,0,0,전남,강진군,차대사람,길가장자리구역통행중,길가장자리구역통행중,운전자법규위반,안전운전 의무 불이행,단일로,기타단일로,화물차,화물차,보행자,보행자,937125.0,1606889.0,126.8154934,34.45395554
2018,2018060110,0,주,금,1,1,0,0,0,전남,강진군,차대사람,길가장자리구역통행중,길가장자리구역통행중,운전자법규위반,안전운전 의무 불이행,교차로,교차로부근,건설기계,건설기계,보행자,보행자,934015.0,1636976.0,126.7792989,34.72506593
2018,2018031208,25,주,월,1,2,0,1,0,전남,강진군,차대차,정면충돌,정면충돌,운전자법규위반,안전운전 의무 불이행,단일로,기타단일로,자전거,자전거,화물차,화물차,937170.8,1607240.1,126.8159662,34.45712441
2018,2018020816,33,주,목,1,1,0,0,0,전남,담양군,차량단독,공작물충돌,공작물충돌,운전자법규위반,안전운전 의무 불이행,단일로,교량위,화물차,화물차,없음,없음,954701.3,1714901.1,127.0009694,35.42884258
2018,2018042810,40,주,토,1,1,0,0,0,전남,담양군,차대차,기타,기타,운전자법규위반,과속,교차로,교차로내,승용차,승용차,원동기장치자전거,원동기장치자전거,945066.0,1697916.0,126.8959688,35.27521261
2018,2018041307,40,주,금,1,2,1,0,0,전남,담양군,차대차,기타,기타,운전자법규위반,앞지르기 방법위반,교차로,교차로부근,화물차,화물차,사륜오토바이(ATV),사륜오토바이(ATV),950874.0,1693942.0,126.9600662,35.23968241
2018,2018121517,31,주,토,1,1,0,0,0,전남,담양군,차대차,정면충돌,정면충돌,운전자법규위반,서행 및 일시정지위반,교차로,교차로내,승용차,승용차,이륜차,이륜차,951998.0,1705748.0,126.9717281,35.34618711
2018,2018100919,20,야,화,1,3,1,1,0,전남,완도군,차대차,추돌,추돌,운전자법규위반,안전운전 의무 불이행,단일로,기타단일로,승용차,승용차,농기계,농기계,936057.6,1601715.5,126.8042603,34.40723727
2018,2018011612,49,주,화,1,1,0,0,0,전남,완도군,차량단독,전도,전도,운전자법규위반,안전운전 의무 불이행,단일로,기타단일로,사륜오토바이(ATV),사륜오토바이(ATV),없음,없음,935129.6,1599124.3,126.7943598,34.38381289
2018,2018092013,28,주,목,1,2,0,1,0,전남,무안군,차대차,측면충돌,측면충돌,운전자법규위반,중앙선 침범,단일로,기타단일로,승용차,승용차,건설기계,건설기계,901927.1,1659044.6,126.4262947,34.92146187
2018,2018080107,10,주,수,1,2,0,1,0,전남,진도군,차대차,측면충돌,측면충돌,운전자법규위반,과속,교차로,교차로내,승용차,승용차,화물차,화물차,886883.4,1616906.7,126.2672819,34.53999079
2018,2018110820,25,야,목,1,2,0,1,0,전남,보성군,차대차,추돌,추돌,운전자법규위반,안전운전 의무 불이행,단일로,기타단일로,화물차,화물차,화물차,화물차,966557.0,1646412.0,127.1343444,34.81174025
2018,2018012303,45,야,화,1,2,0,1,0,전남,구례군,차대차,추돌,추돌,운전자법규위반,안전운전 의무 불이행,단일로,터널안,화물차,화물차,화물차,화물차,995345.0,1687173.0,127.4488751,35.17983901
2018,2018041723,5,야,화,1,1,0,0,0,전남,순천시,차대차,추돌,추돌,운전자법규위반,안전운전 의무 불이행,단일로,기타단일로,화물차,화물차,건설기계,건설기계,987474.0,1669131.0,127.3627028,35.01708211
2018,2018022508,40,주,일,2,4,2,0,0,경북,경주시,차대차,정면충돌,정면충돌,운전자법규위반,중앙선 침범,단일로,기타단일로,승용차,승용차,승용차,승용차,1180914.0,1759133.0,129.5024375,35.81200838
2018,2018111420,38,야,수,1,1,0,0,0,경북,경주시,차대사람,길가장자리구역통행중,길가장자리구역통행중,운전자법규위반,안전운전 의무 불이행,단일로,기타단일로,승용차,승용차,보행자,보행자,1160750.0,1777551.0,129.2830756,35.98149663
2018,2018102315,0,주,화,1,1,0,0,0,경북,경주시,차대차,측면충돌,측면충돌,운전자법규위반,안전운전 의무 불이행,단일로,기타단일로,승합차,승합차,이륜차,이륜차,1155200.0,1761566.0,129.2184204,35.83833872
2018,2018063013,35,주,토,2,2,0,0,0,경북,포항시,차량단독,공작물충돌,공작물충돌,운전자법규위반,안전운전 의무 불이행,단일로,기타단일로,승용차,승용차,없음,없음,1168018.0,1807210.0,129.3699839,36.24752813
2018,2018080921,45,야,목,1,1,0,0,0,경북,안동시,차량단독,전도,전도,운전자법규위반,안전운전 의무 불이행,단일로,기타단일로,사륜오토바이(ATV),사륜오토바이(ATV),없음,없음,1109067.0,1841917.0,128.7189262,36.56880954
2018,2018103107,50,주,수,1,1,0,0,0,경북,상주시,차대차,측면충돌,측면충돌,운전자법규위반,교차로 통행방법 위반,교차로,교차로내,화물차,화물차,원동기장치자전거,원동기장치자전거,1050403.0,1837784.0,128.0630759,36.53645271
2018,2018021519,50,야,목,1,1,0,0,0,경북,상주시,차량단독,공작물충돌,공작물충돌,운전자법규위반,안전운전 의무 불이행,단일로,기타단일로,화물차,화물차,없음,없음,1059644.0,1840361.0,128.1665051,36.55915101
2018,2018053122,8,야,목,1,1,0,0,0,경북,상주시,차대차,측면충돌,측면충돌,운전자법규위반,중앙선 침범,단일로,기타단일로,승용차,승용차,자전거,자전거,1061925.0,1840553.0,128.1920084,36.56073658
2018,2018081720,10,야,금,1,1,0,0,0,경북,상주시,차량단독,도로이탈,도로이탈 기타,운전자법규위반,안전운전 의무 불이행,단일로,기타단일로,이륜차,이륜차,없음,없음,1054156.0,1811430.0,128.1031605,36.29867105
2018,2018042517,10,주,수,1,2,1,0,0,경북,의성군,차량단독,공작물충돌,공작물충돌,운전자법규위반,안전운전 의무 불이행,단일로,기타단일로,농기계,농기계,없음,없음,1123462.0,1809851.0,128.8746596,36.27805529
2018,2018040421,14,야,수,1,1,0,0,0,경북,의성군,차량단독,도로이탈,도로이탈 기타,운전자법규위반,안전운전 의무 불이행,단일로,기타단일로,이륜차,이륜차,없음,없음,1078445.0,1819395.0,128.3744564,36.36880007
2018,2018091411,3,주,금,1,2,1,0,0,경북,영주시,차대차,추돌,추돌,운전자법규위반,안전운전 의무 불이행,단일로,기타단일로,화물차,화물차,화물차,화물차,1091451.0,1873740.0,128.5258888,36.85749393
2018,2018051109,10,주,금,1,1,0,0,0,경북,영주시,차대사람,길가장자리구역통행중,길가장자리구역통행중,운전자법규위반,안전운전 의무 불이행,단일로,기타단일로,화물차,화물차,보행자,보행자,1102456.0,1883503.0,128.650641,36.94435602
2018,2018072520,45,야,수,1,1,0,0,0,경북,칠곡군,차대사람,횡단중,횡단중,운전자법규위반,안전운전 의무 불이행,단일로,교량위,승용차,승용차,보행자,보행자,1080707.0,1776251.0,128.3952337,35.97968815
2018,2018042615,40,주,목,1,1,0,0,0,경북,칠곡군,차대차,추돌,추돌,운전자법규위반,안전운전 의무 불이행,단일로,교량위,화물차,화물차,화물차,화물차,1089145.0,1772495.0,128.4883974,35.94509429
2018,2018081423,15,야,화,1,1,0,0,0,경북,영천시,차량단독,공작물충돌,공작물충돌,운전자법규위반,안전운전 의무 불이행,단일로,기타단일로,이륜차,이륜차,없음,없음,1145259.0,1774866.0,129.1108184,35.95972869
2018,2018090514,55,주,수,1,1,0,0,0,경북,영천시,차대사람,횡단중,횡단중,운전자법규위반,과속,단일로,기타단일로,승용차,승용차,보행자,보행자,1127795.0,1795932.0,128.9206211,36.15204137
2018,2018111822,15,야,일,1,1,0,0,0,경북,영천시,차대차,추돌,추돌,운전자법규위반,안전운전 의무 불이행,단일로,기타단일로,승용차,승용차,화물차,화물차,1144175.0,1777684.0,129.0993142,35.98528654
2018,2018080817,12,주,수,1,2,0,1,0,경북,경산시,차대차,측면충돌,측면충돌,운전자법규위반,신호위반,교차로,교차로내,이륜차,이륜차,승용차,승용차,1118955.2,1766084.9,128.8178911,35.88413939
2018,2018061221,30,야,화,1,1,0,0,0,경북,경산시,차대사람,횡단중,횡단중,운전자법규위반,안전운전 의무 불이행,단일로,기타단일로,승용차,승용차,보행자,보행자,1119018.0,1769047.0,128.8190296,35.91083124
2018,2018033122,50,야,토,1,2,1,0,0,경북,경산시,차대차,추돌,추돌,운전자법규위반,안전운전 의무 불이행,단일로,기타단일로,승용차,승용차,이륜차,이륜차,1119225.0,1763049.0,128.8204253,35.85674175
2018,2018012805,55,야,일,1,1,0,0,0,경북,경산시,차량단독,공작물충돌,공작물충돌,운전자법규위반,안전운전 의무 불이행,교차로,교차로부근,화물차,화물차,없음,없음,1111372.0,1758507.0,128.7328378,35.816724
2018,2018042709,50,주,금,1,2,1,0,0,경북,영덕군,차대차,측면충돌,측면충돌,운전자법규위반,안전운전 의무 불이행,단일로,기타단일로,승용차,승용차,화물차,화물차,1168622.0,1816349.0,129.3786766,36.32977124
2018,2018102418,0,야,수,1,2,0,1,0,경북,청도군,차대차,추돌,추돌,운전자법규위반,안전운전 의무 불이행,단일로,기타단일로,승용차,승용차,농기계,농기계,1106323.0,1740872.0,128.6746211,35.65831463
2018,2018032613,20,주,월,1,1,0,0,0,경북,성주군,차량단독,전도,전도,운전자법규위반,안전운전 의무 불이행,교차로,교차로부근,농기계,농기계,없음,없음,1061647.0,1763130.0,128.1828108,35.86278802
2018,2018091522,15,야,토,1,1,0,0,0,경북,군위군,차대차,추돌,추돌,운전자법규위반,과속,단일로,기타단일로,승용차,승용차,승용차,승용차,1096821.0,1809247.0,128.5780104,36.27565267
2018,2018120919,48,야,일,1,1,0,0,0,경북,군위군,차대사람,차도통행중,차도통행중,운전자법규위반,안전운전 의무 불이행,단일로,기타단일로,승용차,승용차,보행자,보행자,1095752.0,1802553.0,128.5652907,36.21541958
2018,2018091904,45,야,수,1,1,0,0,0,경북,청송군,차량단독,도로이탈,도로이탈 추락,운전자법규위반,안전운전 의무 불이행,단일로,기타단일로,화물차,화물차,없음,없음,1144135.0,1836836.0,129.1097711,36.51837147
2018,2018103112,40,주,수,1,1,0,0,0,경북,청송군,차대차,측면충돌,측면충돌,운전자법규위반,안전운전 의무 불이행,단일로,기타단일로,화물차,화물차,농기계,농기계,1141861.0,1839277.0,129.0848317,36.540709
2018,2018061113,35,주,월,1,1,0,0,0,경북,청송군,차량단독,공작물충돌,공작물충돌,운전자법규위반,안전운전 의무 불이행,단일로,기타단일로,승용차,승용차,없음,없음,1129095.0,1811447.0,128.9376254,36.29170219
2018,2018011923,20,야,금,1,2,1,0,0,경북,구미시,차대차,추돌,추돌,운전자법규위반,안전운전 의무 불이행,단일로,기타단일로,승용차,승용차,승용차,승용차,1080255.0,1790811.0,128.3916995,36.11098069
2018,2018072413,58,주,화,1,1,0,0,0,경북,구미시,차대차,측면충돌,측면충돌,운전자법규위반,안전운전 의무 불이행,교차로,교차로부근,화물차,화물차,이륜차,이륜차,1081071.0,1791404.0,128.400826,36.11625856
2018,2018083017,42,주,목,1,3,2,0,0,경북,구미시,차대차,정면충돌,정면충돌,운전자법규위반,교차로 통행방법 위반,교차로,교차로내,화물차,화물차,화물차,화물차,1060274.0,1807769.0,128.1710129,36.26530436
2018,2018051504,15,야,화,1,2,0,1,0,경북,구미시,차대차,기타,기타,운전자법규위반,안전운전 의무 불이행,단일로,기타단일로,승용차,승용차,화물차,화물차,1076187.0,1809375.0,128.3483086,36.27865672
2018,2018041712,35,주,화,1,2,1,0,0,경북,포항시,차대차,기타,기타,운전자법규위반,과속,단일로,기타단일로,이륜차,이륜차,화물차,화물차,1178079.0,1778470.0,129.4754016,35.98676745
2018,2018011008,50,주,수,1,2,1,0,0,대구,동구,차대차,추돌,추돌,운전자법규위반,안전운전 의무 불이행,단일로,기타단일로,화물차,화물차,화물차,화물차,1107130.0,1766645.0,128.686983,35.89055416
2018,2018102910,5,주,월,1,1,0,0,0,경북,영천시,차량단독,공작물충돌,공작물충돌,운전자법규위반,안전운전 의무 불이행,단일로,기타단일로,화물차,화물차,없음,없음,1127458.0,1782632.0,128.9147255,36.03221225
2018,2018020802,10,야,목,1,3,1,1,0,경북,상주시,차대차,추돌,추돌,운전자법규위반,안전운전 의무 불이행,단일로,기타단일로,화물차,화물차,화물차,화물차,1058260.0,1838217.0,128.1508781,36.53990931
2018,2018062609,35,주,화,1,1,0,0,0,경북,구미시,차대차,추돌,추돌,운전자법규위반,안전운전 의무 불이행,단일로,기타단일로,화물차,화물차,화물차,화물차,1072736.0,1793961.0,128.3084562,36.13997012
2018,2018062623,37,야,화,1,1,0,0,0,경북,구미시,차대사람,기타,기타,운전자법규위반,안전운전 의무 불이행,단일로,기타단일로,특수차,특수차,보행자,보행자,1067929.0,1808439.0,128.2562857,36.27083581
2018,2018013116,40,주,수,1,1,0,0,0,경북,칠곡군,차대차,기타,기타,운전자법규위반,안전운전 의무 불이행,단일로,기타단일로,화물차,화물차,승용차,승용차,1089128.1,1769195.9,128.48784,35.91535542
2018,2018020607,35,주,화,1,1,0,0,0,경북,김천시,차량단독,공작물충돌,공작물충돌,운전자법규위반,안전운전 의무 불이행,단일로,기타단일로,화물차,화물차,없음,없음,1068878.0,1796700.0,128.2658184,36.16494371
2018,2018103017,50,주,화,1,1,0,0,0,경남,창원시(통합),차대사람,차도통행중,차도통행중,운전자법규위반,안전운전 의무 불이행,단일로,기타단일로,화물차,화물차,보행자,보행자,1096194.0,1686998.0,128.5563782,35.1736652
2018,2018083109,20,주,금,1,1,0,0,0,경남,창원시(통합),차대사람,기타,기타,운전자법규위반,안전운전 의무 불이행,교차로,교차로내,특수차,특수차,보행자,보행자,1118602.0,1677372.0,128.8010249,35.08449191
2018,2018080604,30,야,월,1,1,0,0,0,경남,창원시(통합),차대사람,차도통행중,차도통행중,운전자법규위반,안전운전 의무 불이행,단일로,기타단일로,승용차,승용차,보행자,보행자,1106959.0,1684770.0,128.674287,35.15249055
2018,2018100603,50,야,토,1,1,0,0,0,경남,통영시,차량단독,공작물충돌,공작물충돌,운전자법규위반,안전운전 의무 불이행,단일로,기타단일로,승용차,승용차,없음,없음,1082937.0,1656359.0,128.4077505,34.8985985
2018,2018102802,20,야,일,1,2,0,1,0,경남,통영시,차량단독,공작물충돌,공작물충돌,운전자법규위반,중앙선 침범,단일로,기타단일로,승용차,승용차,없음,없음,1084338.0,1654474.0,128.4228927,34.88148705
2018,2018103015,50,주,화,1,1,0,0,0,경남,밀양시,차량단독,기타,기타,운전자법규위반,안전운전 의무 불이행,단일로,기타단일로,화물차,화물차,없음,없음,1100291.0,1720392.0,128.605454,35.47432082
2018,2018071014,0,주,화,1,1,0,0,0,경남,밀양시,차대차,측면충돌,측면충돌,운전자법규위반,안전운전 의무 불이행,교차로,교차로내,화물차,화물차,이륜차,이륜차,1118144.0,1717659.0,128.8017991,35.44772177
2018,2018010518,0,야,금,1,1,0,0,0,경남,밀양시,차대사람,횡단중,횡단중,운전자법규위반,안전운전 의무 불이행,단일로,기타단일로,승용차,승용차,보행자,보행자,1120795.0,1724254.0,128.8319832,35.50685251
2018,2018080903,55,야,목,1,1,0,0,0,경남,김해시,차대사람,횡단중,횡단중,운전자법규위반,안전운전 의무 불이행,단일로,기타단일로,승용차,승용차,보행자,보행자,1122934.0,1693625.0,128.8509545,35.2304887
2018,2018101819,15,야,목,1,2,0,0,1,경남,김해시,차대차,추돌,추돌,운전자법규위반,과속,교차로,교차로내,승용차,승용차,화물차,화물차,1122521.0,1706133.0,128.8482855,35.3432928
2018,2018082317,24,주,목,1,1,0,0,0,경남,거창군,차대사람,횡단중,횡단중,운전자법규위반,안전운전 의무 불이행,교차로,교차로내,승용차,승용차,보행자,보행자,1045348.0,1746473.0,128.001344,35.71350028
2018,2018031217,10,주,월,1,1,0,0,0,경남,합천군,차대차,정면충돌,정면충돌,운전자법규위반,중앙선 침범,단일로,기타단일로,승용차,승용차,이륜차,이륜차,1058486.0,1731839.0,128.1455214,35.58086892
2018,2018100311,38,주,수,1,1,0,0,0,경남,창녕군,차대차,측면충돌,측면충돌,운전자법규위반,서행 및 일시정지위반,교차로,교차로내,농기계,농기계,원동기장치자전거,원동기장치자전거,1086583.0,1733581.0,128.4557877,35.59451409
2018,2018062511,30,주,월,1,2,0,1,0,경남,창녕군,차대차,측면충돌,측면충돌,운전자법규위반,안전운전 의무 불이행,교차로,교차로내,화물차,화물차,승용차,승용차,1092121.0,1713955.0,128.514685,35.41708018
2018,2018091701,50,야,월,1,1,0,0,0,경남,창녕군,차량단독,공작물충돌,공작물충돌,운전자법규위반,안전운전 의무 불이행,교차로,교차로내,원동기장치자전거,원동기장치자전거,없음,없음,1087056.0,1710696.0,128.4585548,35.38815424
2018,2018052114,50,주,월,1,1,0,0,0,경남,함양군,차량단독,도로이탈,도로이탈 추락,운전자법규위반,안전운전 의무 불이행,단일로,기타단일로,화물차,화물차,없음,없음,1016958.0,1745811.0,127.6874677,35.70842966
2018,2018123118,0,야,월,1,2,1,0,0,경남,양산시,차량단독,공작물충돌,공작물충돌,운전자법규위반,안전운전 의무 불이행,교차로,교차로내,승용차,승용차,없음,없음,1138495.0,1706055.0,129.0240063,35.3405015
2018,2018083122,24,야,금,1,1,0,0,0,경남,양산시,차대차,측면충돌,측면충돌,운전자법규위반,안전운전 의무 불이행,단일로,기타단일로,승용차,승용차,승합차,승합차,1151721.0,1713616.0,129.1708977,35.40672696
2018,2018111200,30,야,월,1,2,1,0,0,경남,양산시,차량단독,공작물충돌,공작물충돌,운전자법규위반,안전운전 의무 불이행,교차로,교차로내,승용차,승용차,없음,없음,1136460.0,1704461.0,129.0013542,35.32641365
2018,2018051819,50,야,금,1,1,0,0,0,경남,양산시,차대사람,횡단중,횡단중,운전자법규위반,안전운전 의무 불이행,단일로,기타단일로,승용차,승용차,보행자,보행자,1137911.0,1704698.0,129.0173533,35.32835065
2018,2018081303,58,야,월,1,1,0,0,0,경남,양산시,차대차,추돌,추돌,운전자법규위반,안전운전 의무 불이행,단일로,기타단일로,화물차,화물차,특수차,특수차,1137873.0,1709354.0,129.0177203,35.37032391
2018,2018121204,11,야,수,1,1,0,0,0,경남,고성군,차량단독,전복,전복,운전자법규위반,안전운전 의무 불이행,단일로,기타단일로,화물차,화물차,없음,없음,1077301.0,1665772.0,128.3469425,34.98391621
2018,2018032019,45,야,화,1,1,0,0,0,경남,고성군,차대사람,차도통행중,차도통행중,운전자법규위반,안전운전 의무 불이행,단일로,기타단일로,승용차,승용차,보행자,보행자,1073365.0,1680466.0,128.3051211,35.11669744
2018,2018121417,55,주,금,1,1,0,0,0,경남,고성군,차대사람,차도통행중,차도통행중,운전자법규위반,안전운전 의무 불이행,단일로,기타단일로,승합차,승합차,보행자,보행자,1066973.0,1667955.0,128.2339692,35.00433626
2018,2018010516,18,주,금,1,1,0,0,0,경남,고성군,차대사람,횡단중,횡단중,운전자법규위반,안전운전 의무 불이행,교차로,교차로내,화물차,화물차,보행자,보행자,1067860.0,1666083.0,128.2435366,34.98739786
2018,2018110717,50,주,수,1,3,0,2,0,경남,고성군,차대차,추돌,추돌,운전자법규위반,안전운전 의무 불이행,단일로,기타단일로,승합차,승합차,농기계,농기계,1062709.0,1667181.0,128.187184,34.99763081
2018,2018082108,55,주,화,1,1,0,0,0,경남,하동군,차대차,측면충돌,측면충돌,운전자법규위반,안전운전 의무 불이행,단일로,기타단일로,농기계,농기계,승용차,승용차,1035867.0,1670524.0,127.893194,35.02908401
2018,2018121219,50,야,수,1,1,0,0,0,경남,거제시,차대사람,횡단중,횡단중,운전자법규위반,안전운전 의무 불이행,단일로,기타단일로,화물차,화물차,보행자,보행자,1110987.0,1651361.0,128.7140433,34.85085836
2018,2018122823,58,야,금,1,1,0,0,0,경남,거제시,차량단독,공작물충돌,공작물충돌,운전자법규위반,안전운전 의무 불이행,단일로,기타단일로,승용차,승용차,없음,없음,1100299.0,1650160.0,128.5970078,34.8411409
2018,2018112110,30,주,수,1,1,0,0,0,경남,거제시,차대사람,차도통행중,차도통행중,운전자법규위반,신호위반,교차로,교차로부근,화물차,화물차,보행자,보행자,1107918.0,1666828.0,128.6824779,34.99063366
2018,2018012318,50,야,화,1,1,0,0,0,경남,산청군,차량단독,공작물충돌,공작물충돌,운전자법규위반,안전운전 의무 불이행,단일로,기타단일로,화물차,화물차,없음,없음,1023136.0,1697559.0,127.7543888,35.273234
2018,2018101310,5,주,토,1,1,0,0,0,경남,산청군,차대사람,횡단중,횡단중,운전자법규위반,안전운전 의무 불이행,단일로,기타단일로,이륜차,이륜차,보행자,보행자,1037134.0,1699849.0,127.9084029,35.29346093
2018,2018121703,20,야,월,1,1,0,0,0,경남,산청군,차량단독,도로이탈,도로이탈 추락,운전자법규위반,안전운전 의무 불이행,단일로,기타단일로,승용차,승용차,없음,없음,1027579.0,1694321.0,127.803132,35.2439246
2018,2018050207,55,주,수,1,1,0,0,0,경남,함안군,차대차,측면충돌,측면충돌,운전자법규위반,과속,교차로,교차로내,승용차,승용차,화물차,화물차,1093254.0,1701188.0,128.5257061,35.30187439
2018,2018102702,17,야,토,1,1,0,0,0,경남,창원시(통합),차대사람,횡단중,횡단중,운전자법규위반,과속,교차로,교차로내,승용차,승용차,보행자,보행자,1098507.0,1690916.0,128.5822434,35.20876394
2018,2018122420,2,야,월,1,1,0,0,0,경남,창원시(통합),차대사람,차도통행중,차도통행중,운전자법규위반,안전운전 의무 불이행,단일로,기타단일로,승용차,승용차,보행자,보행자,1093388.0,1689593.0,128.5258619,35.19732579
2018,2018113018,50,야,금,1,1,0,0,0,경남,창원시(통합),차대사람,횡단중,횡단중,운전자법규위반,안전운전 의무 불이행,단일로,기타단일로,승용차,승용차,보행자,보행자,1096927.0,1693667.0,128.5652115,35.23371962
2018,2018061503,15,야,금,1,1,0,0,0,경남,창원시(통합),차대사람,차도통행중,차도통행중,운전자법규위반,안전운전 의무 불이행,단일로,기타단일로,승용차,승용차,보행자,보행자,1098743.0,1694611.0,128.5852793,35.24205295