발생년,발생년월일시,발생분,주야,요일,사망자수,사상자수,중상자수,경상자수,부상신고자수,발생지시도,발생지시군구,사고유형_대분류,사고유형_중분류,사고유형,법규위반_대분류,법규위반,도로형태_대분류,도로형태,가해자_당사자종별_대분류,가해자_당사자종별,피해자_당사자종별_대분류,피해자_당사자종별,발생위치X_UTMK,발생위치Y_UTMK,경도,위도
2018,2018032423,55,야,토,1,1,0,0,0,경남,창원시(통합),차대사람,횡단중,횡단중,운전자법규위반,과속,단일로,기타단일로,승용차,승용차,보행자,보행자,1100831.0,1691420.0,128.6078334,35.21307682
2018,2018021819,15,야,일,1,1,0,0,0,경남,창원시(통합),차대차,추돌,추돌,운전자법규위반,안전운전 의무 불이행,단일로,기타단일로,승용차,승용차,자전거,자전거,1104931.0,1697726.0,128.6536772,35.26950646
2018,2018083019,45,야,목,1,1,0,0,0,경남,창원시(통합),차대사람,횡단중,횡단중,운전자법규위반,안전운전 의무 불이행,교차로,교차로내,승용차,승용차,보행자,보행자,1102455.0,1696773.0,128.6263404,35.26117138
2018,2018071010,50,주,화,2,3,0,1,0,경남,김해시,차대차,추돌,추돌,운전자법규위반,안전운전 의무 불이행,교차로,교차로부근,이륜차,이륜차,화물차,화물차,1120538.0,1698883.0,128.8254021,35.27817867
2018,2018110622,50,야,화,1,1,0,0,0,경남,창원시(통합),차대차,추돌,추돌,운전자법규위반,안전운전 의무 불이행,단일로,기타단일로,화물차,화물차,화물차,화물차,1097536.0,1694633.0,128.5720179,35.24236951
2018,2018020120,0,야,목,1,2,0,1,0,경남,통영시,차대차,추돌,추돌,운전자법규위반,안전운전 의무 불이행,단일로,기타단일로,승용차,승용차,승용차,승용차,1083124.0,1656706.0,128.4098315,34.9017119
2018,2018040911,10,주,월,1,1,0,0,0,제주,제주시,차대사람,횡단중,횡단중,운전자법규위반,보행자 보호의무 위반,단일로,기타단일로,승용차,승용차,보행자,보행자,910900.0,1502135.0,126.5406893,33.50738711
2018,2018012200,35,야,월,1,1,0,0,0,제주,제주시,차대사람,횡단중,횡단중,운전자법규위반,안전운전 의무 불이행,교차로,교차로부근,승용차,승용차,보행자,보행자,914716.2,1503639.2,126.5816291,33.52126402
2018,2018102414,5,주,수,1,1,0,0,0,제주,서귀포시,차량단독,도로이탈,도로이탈 기타,운전자법규위반,안전운전 의무 불이행,단일로,기타단일로,자전거,자전거,없음,없음,945263.0,1495584.0,126.9110421,33.45061471
2018,2018112115,30,주,수,1,1,0,0,0,제주,서귀포시,차대차,측면충돌,측면충돌,운전자법규위반,안전운전 의무 불이행,단일로,기타단일로,화물차,화물차,이륜차,이륜차,884961.0,1472070.0,126.2652995,33.23379195
2018,2018101519,50,야,월,1,1,0,0,0,제주,서귀포시,차대사람,횡단중,횡단중,운전자법규위반,과속,단일로,기타단일로,승합차,승합차,보행자,보행자,925416.0,1484598.0,126.698419,33.35033481
2018,2018081523,10,야,수,1,1,0,0,0,제주,제주시,차량단독,전도,전도,운전자법규위반,안전운전 의무 불이행,단일로,기타단일로,이륜차,이륜차,없음,없음,899470.0,1500121.0,126.4178703,33.48821084
2018,2018032221,50,야,목,1,1,0,0,0,제주,제주시,차대사람,차도통행중,차도통행중,운전자법규위반,안전운전 의무 불이행,단일로,기타단일로,화물차,화물차,보행자,보행자,877993.0,1485938.0,126.1886593,33.35808308
2018,2018012919,0,야,월,1,2,1,0,0,제주,제주시,차대사람,횡단중,횡단중,운전자법규위반,안전운전 의무 불이행,단일로,기타단일로,승용차,승용차,보행자,보행자,894780.0,1498312.0,126.3676067,33.47144634
2018,2018011110,25,주,목,1,2,0,1,0,제주,제주시,차대차,정면충돌,정면충돌,운전자법규위반,신호위반,교차로,교차로내,화물차,화물차,화물차,화물차,877571.0,1479484.0,126.1849994,33.29983605
2018,2018123006,14,주,일,1,1,0,0,0,대구,동구,차대사람,횡단중,횡단중,운전자법규위반,안전운전 의무 불이행,교차로,교차로내,승용차,승용차,보행자,보행자,1111366.0,1764545.0,128.7336141,35.87115172
2018,2018122018,15,야,목,1,1,0,0,0,대구,동구,차대사람,차도통행중,차도통행중,운전자법규위반,안전운전 의무 불이행,기타,기타,승용차,승용차,보행자,보행자,1103558.0,1765547.0,128.6472703,35.88104104
2018,2018071900,20,야,목,1,1,0,0,0,대구,동구,차대사람,횡단중,횡단중,운전자법규위반,안전운전 의무 불이행,교차로,교차로횡단보도내,승용차,승용차,보행자,보행자,1100937.0,1764053.0,128.6180493,35.86784732
2018,2018051107,23,주,금,1,4,2,0,1,대구,수성구,차대차,측면충돌,측면충돌,운전자법규위반,과속,교차로,교차로내,승용차,승용차,승용차,승용차,1106588.0,1759830.0,128.6800679,35.82918133
2018,2018041920,25,야,목,1,1,0,0,0,대구,수성구,차대차,측면충돌,측면충돌,운전자법규위반,신호위반,교차로,교차로내,승용차,승용차,이륜차,이륜차,1100867.0,1762542.0,128.6170829,35.85423372
2018,2018030105,10,야,목,3,3,0,0,0,대구,수성구,차대차,기타,기타,운전자법규위반,과속,단일로,기타단일로,승용차,승용차,원동기장치자전거,원동기장치자전거,1102077.1,1763058.2,128.6305482,35.85876162
2018,2018020922,5,야,금,1,1,0,0,0,대구,수성구,차대사람,횡단중,횡단중,운전자법규위반,과속,교차로,교차로부근,승용차,승용차,보행자,보행자,1100904.0,1759812.0,128.6171474,35.82962043
2018,2018050402,30,야,금,1,1,0,0,0,대구,달서구,차대사람,기타,기타,운전자법규위반,안전운전 의무 불이행,단일로,기타단일로,승용차,승용차,보행자,보행자,1095159.0,1760578.0,128.5536435,35.83710001
2018,2018062101,30,야,목,1,1,0,0,0,대구,북구,차량단독,기타,기타,운전자법규위반,기타(운전자법규위반),단일로,지하차도(도로)내,이륜차,이륜차,없음,없음,1094915.0,1766881.0,128.5516927,35.89394284
2018,2018120622,32,야,목,1,1,0,0,0,대구,북구,차대사람,횡단중,횡단중,운전자법규위반,과속,단일로,기타단일로,승용차,승용차,보행자,보행자,1099593.0,1765132.0,128.6032995,35.87771154
2018,2018050101,50,야,화,1,1,0,0,0,대구,서구,차대차,기타,기타,운전자법규위반,안전운전 의무 불이행,단일로,기타단일로,원동기장치자전거,원동기장치자전거,건설기계,건설기계,1095664.0,1765716.0,128.5598507,35.88336792
2018,2018123114,30,주,월,1,5,2,2,0,대구,달서구,차대차,정면충돌,정면충돌,운전자법규위반,중앙선 침범,교차로,교차로부근,승용차,승용차,승용차,승용차,1089566.0,1762066.0,128.4918909,35.85104103
2018,2018020123,25,야,목,1,2,0,1,0,대구,달서구,차대사람,횡단중,횡단중,운전자법규위반,안전운전 의무 불이행,단일로,기타단일로,승용차,승용차,보행자,보행자,1094381.6,1762377.1,128.5452499,35.85339346
2018,2018021315,7,주,화,1,1,0,0,0,대구,북구,차대사람,보도통행중,보도통행중,운전자법규위반,기타(운전자법규위반),기타,기타,화물차,화물차,보행자,보행자,1094352.0,1769949.0,128.5458193,35.92165403
2018,2018082004,10,야,월,1,1,0,0,0,인천,남구,차대사람,기타,기타,운전자법규위반,안전운전 의무 불이행,기타,기타,화물차,화물차,보행자,보행자,927610.0,1939439.0,126.6815551,37.45131038
2018,2018120506,17,주,수,1,1,0,0,0,인천,남동구,차대사람,횡단중,횡단중,운전자법규위반,과속,단일로,기타단일로,승용차,승용차,보행자,보행자,931330.0,1939137.0,126.7236381,37.44887225
2018,2018070419,11,야,수,1,1,0,0,0,인천,서구,차대사람,기타,기타,운전자법규위반,안전운전 의무 불이행,교차로,교차로부근,화물차,화물차,보행자,보행자,926436.0,1944775.0,126.6677499,37.49930976
2018,2018091907,38,주,수,1,2,0,1,0,인천,서구,차대차,기타,기타,운전자법규위반,안전운전 의무 불이행,교차로,교차로부근,승용차,승용차,승용차,승용차,926100.0,1949085.0,126.6635155,37.53812755
2018,2018072117,40,주,토,1,1,0,0,0,인천,서구,차대사람,보도통행중,보도통행중,운전자법규위반,과속,교차로,교차로횡단보도내,화물차,화물차,보행자,보행자,927428.0,1946160.0,126.6788349,37.51187092
2018,2018100121,30,야,월,1,1,0,0,0,인천,서구,차대사람,차도통행중,차도통행중,운전자법규위반,안전운전 의무 불이행,단일로,기타단일로,승용차,승용차,보행자,보행자,922794.0,1951097.0,126.6258866,37.5559898
2018,2018122501,37,야,화,1,1,0,0,0,인천,계양구,차대차,측면충돌,측면충돌,운전자법규위반,안전운전 의무 불이행,단일로,기타단일로,승용차,승용차,화물차,화물차,932885.0,1947483.0,126.7404558,37.52420803
2018,2018080605,45,야,월,1,1,0,0,0,인천,계양구,차대사람,차도통행중,차도통행중,운전자법규위반,안전운전 의무 불이행,단일로,기타단일로,승용차,승용차,보행자,보행자,934090.0,1952907.0,126.7536045,37.57318051
2018,2018110513,10,주,월,1,1,0,0,0,인천,연수구,차대사람,기타,기타,운전자법규위반,안전운전 의무 불이행,교차로,교차로내,화물차,화물차,보행자,보행자,927423.0,1935292.0,126.679849,37.41391946
2018,2018101913,40,주,금,2,3,0,1,0,인천,연수구,차대차,추돌,추돌,운전자법규위반,안전운전 의무 불이행,교차로,교차로부근,승용차,승용차,화물차,화물차,923600.0,1927952.0,126.6374099,37.34745775
2018,2018081205,51,야,일,1,1,0,0,0,인천,연수구,차대사람,횡단중,횡단중,운전자법규위반,안전운전 의무 불이행,단일로,기타단일로,승합차,승합차,보행자,보행자,926791.0,1935603.0,126.672677,37.4166727
2018,2018011321,30,야,토,1,1,0,0,0,인천,남동구,차대차,정면충돌,정면충돌,운전자법규위반,중앙선 침범,단일로,기타단일로,승용차,승용차,원동기장치자전거,원동기장치자전거,931049.0,1935952.0,126.7207592,37.42014515
2018,2018010416,55,주,목,1,1,0,0,0,경기,고양시,차대차,추돌,추돌,운전자법규위반,안전거리 미확보,단일로,기타단일로,승용차,승용차,화물차,화물차,938619.0,1959365.0,126.8043476,37.63169859
2018,2018042000,50,야,금,1,2,1,0,0,광주,서구,차대사람,횡단중,횡단중,운전자법규위반,과속,단일로,기타단일로,승용차,승용차,보행자,보행자,941920.3,1684180.3,126.8623511,35.15118617
2018,2018041403,25,야,토,1,4,0,3,0,광주,서구,차대사람,횡단중,횡단중,운전자법규위반,과속,교차로,교차로부근,승용차,승용차,보행자,보행자,943044.0,1683199.0,126.874755,35.14240239
2018,2018101005,43,야,수,1,1,0,0,0,광주,북구,차대사람,횡단중,횡단중,운전자법규위반,안전운전 의무 불이행,단일로,기타단일로,화물차,화물차,보행자,보행자,947562.8,1686453.1,126.9241519,35.17198959
2018,2018080108,20,주,수,1,1,0,0,0,광주,북구,차대사람,횡단중,횡단중,운전자법규위반,안전운전 의무 불이행,단일로,기타단일로,특수차,특수차,보행자,보행자,943025.0,1690695.0,126.8740286,35.20999005
2018,2018071710,50,주,화,1,1,0,0,0,광주,북구,차량단독,기타,기타,운전자법규위반,안전운전 의무 불이행,단일로,기타단일로,이륜차,이륜차,없음,없음,942116.0,1694364.0,126.863784,35.24301971
2018,2018062802,3,야,목,1,1,0,0,0,광주,북구,차대사람,차도통행중,차도통행중,운전자법규위반,안전운전 의무 불이행,단일로,기타단일로,승용차,승용차,보행자,보행자,945072.0,1689822.0,126.8965756,35.20223271
2018,2018092009,15,주,목,1,1,0,0,0,광주,북구,차대사람,횡단중,횡단중,운전자법규위반,안전운전 의무 불이행,교차로,교차로내,화물차,화물차,보행자,보행자,948698.0,1687352.0,126.9365619,35.18015336
2018,2018040320,30,야,화,1,2,1,0,0,광주,북구,차대사람,횡단중,횡단중,운전자법규위반,신호위반,교차로,교차로내,이륜차,이륜차,보행자,보행자,946203.8,1684773.3,126.9093381,35.15677145
2018,2018012914,35,주,월,1,1,0,0,0,광주,북구,차대사람,횡단중,횡단중,운전자법규위반,보행자 보호의무 위반,교차로,교차로내,승용차,승용차,보행자,보행자,946376.0,1686250.0,126.9111327,35.17009564
2018,2018062322,33,야,토,1,1,0,0,0,광주,광산구,차대사람,횡단중,횡단중,운전자법규위반,안전운전 의무 불이행,단일로,기타단일로,승용차,승용차,보행자,보행자,939094.0,1690746.0,126.8308383,35.21021891
2018,2018040214,35,주,월,1,1,0,0,0,광주,광산구,차대사람,기타,기타,운전자법규위반,안전운전 의무 불이행,교차로,교차로횡단보도내,화물차,화물차,보행자,보행자,938999.0,1687246.0,126.8300538,35.17865527
2018,2018011312,20,주,토,1,1,0,0,0,대전,중구,차대사람,길가장자리구역통행중,길가장자리구역통행중,운전자법규위반,안전운전 의무 불이행,단일로,기타단일로,승용차,승용차,보행자,보행자,992618.0,1813103.0,127.4177654,36.31524706
2018,2018100219,56,야,화,1,1,0,0,0,대전,동구,차대사람,차도통행중,차도통행중,운전자법규위반,과속,단일로,기타단일로,승용차,승용차,보행자,보행자,994934.0,1816824.0,127.4435411,36.34880848
2018,2018112710,0,주,화,1,1,0,0,0,대전,동구,차량단독,기타,기타,운전자법규위반,안전운전 의무 불이행,교차로,교차로부근,승합차,승합차,없음,없음,993962.0,1817944.0,127.4326999,36.35890012
2018,2018091308,30,주,목,1,1,0,0,0,대전,대덕구,차대사람,횡단중,횡단중,운전자법규위반,신호위반,교차로,교차로횡단보도내,건설기계,건설기계,보행자,보행자,993432.0,1826811.0,127.4267174,36.43883562
2018,2018013006,0,주,화,1,1,0,0,0,대전,대덕구,차대사람,횡단중,횡단중,운전자법규위반,안전운전 의무 불이행,단일로,기타단일로,승용차,승용차,보행자,보행자,994893.0,1817242.0,127.4430815,36.3525767
2018,2018042911,15,주,일,1,1,0,0,0,대전,서구,차대차,측면충돌,측면충돌,운전자법규위반,안전운전 의무 불이행,단일로,기타단일로,승용차,승용차,자전거,자전거,987641.0,1818157.0,127.3622421,36.36075994
2018,2018010200,10,야,화,1,1,0,0,0,대전,유성구,차대차,추돌,추돌,운전자법규위반,안전운전 의무 불이행,기타,기타,승용차,승용차,승용차,승용차,983608.0,1812707.0,127.3174037,36.31156577
2018,2018081221,23,야,일,1,1,0,0,0,대전,유성구,차대사람,횡단중,횡단중,운전자법규위반,과속,단일로,기타단일로,승용차,승용차,보행자,보행자,981605.0,1818100.0,127.2949643,36.36014955
2018,2018031406,20,주,수,1,1,0,0,0,대전,유성구,차대사람,횡단중,횡단중,운전자법규위반,안전운전 의무 불이행,교차로,교차로횡단보도내,승용차,승용차,보행자,보행자,986611.0,1820843.0,127.3507151,36.38496138
2018,2018020807,10,주,목,1,1,0,0,0,울산,중구,차대사람,횡단중,횡단중,운전자법규위반,과속,교차로,교차로내,승용차,승용차,보행자,보행자,1166869.0,1730458.0,129.3411078,35.55608565
2018,2018031610,10,주,금,1,1,0,0,0,울산,북구,차대차,측면충돌,측면충돌,운전자법규위반,안전운전 의무 불이행,단일로,기타단일로,승용차,승용차,자전거,자전거,1168060.0,1740009.0,129.3562293,35.64195607
2018,2018032919,10,야,목,1,1,0,0,0,울산,중구,차대사람,횡단중,횡단중,운전자법규위반,안전운전 의무 불이행,교차로,교차로부근,승용차,승용차,보행자,보행자,1167517.0,1729979.0,129.3481549,35.55165957
2018,2018062806,5,주,목,1,3,1,1,0,울산,북구,차대차,정면충돌,정면충돌,운전자법규위반,중앙선 침범,교차로,교차로내,화물차,화물차,승용차,승용차,1167833.0,1736067.0,129.3529032,35.60647025
2018,2018091111,15,주,화,1,2,0,1,0,울산,남구,차대차,추돌,추돌,운전자법규위반,안전운전 의무 불이행,교차로,교차로부근,화물차,화물차,화물차,화물차,1168532.0,1725974.0,129.3585149,35.51539484
2018,2018100319,15,야,수,1,1,0,0,0,울산,북구,차량단독,공작물충돌,공작물충돌,운전자법규위반,안전운전 의무 불이행,교차로,교차로부근,화물차,화물차,없음,없음,1172222.0,1727036.0,129.3994127,35.52433157
2018,2018081114,22,주,토,1,1,0,0,0,울산,북구,차량단독,기타,기타,운전자법규위반,안전운전 의무 불이행,단일로,기타단일로,사륜오토바이(ATV),사륜오토바이(ATV),없음,없음,1172304.0,1741547.0,129.4034105,35.65508435
2018,2018040607,0,주,금,1,1,0,0,0,울산,북구,차량단독,전도,전도,운전자법규위반,안전운전 의무 불이행,단일로,기타단일로,승용차,승용차,없음,없음,1176353.0,1741137.0,129.4480264,35.65067463
2018,2018111607,45,주,금,1,2,0,1,0,울산,울주군,차대차,추돌,추돌,운전자법규위반,안전운전 의무 불이행,단일로,기타단일로,건설기계,건설기계,승용차,승용차,1156602.0,1717294.0,129.2253374,35.43912025
2018,2018122105,46,야,금,1,1,0,0,0,경기,의정부시,차대사람,기타,기타,운전자법규위반,안전운전 의무 불이행,단일로,기타단일로,화물차,화물차,보행자,보행자,963438.0,1970189.0,127.0850779,37.73058007
2018,2018062020,37,야,수,1,1,0,0,0,경기,의정부시,차대사람,차도통행중,차도통행중,운전자법규위반,안전운전 의무 불이행,단일로,기타단일로,승용차,승용차,보행자,보행자,959855.0,1972840.0,127.0442711,37.75432344
2018,2018022715,40,주,화,1,1,0,0,0,경기,의정부시,차대차,측면충돌,측면충돌,운전자법규위반,안전운전 의무 불이행,교차로,교차로내,승용차,승용차,자전거,자전거,959150.0,1972745.0,127.0362735,37.75343599
2018,2018051712,19,주,목,1,1,0,0,0,경기,고양시,차대사람,기타,기타,운전자법규위반,안전운전 의무 불이행,단일로,기타단일로,승용차,승용차,보행자,보행자,941017.0,1959701.0,126.8314961,37.634884
2018,2018102422,0,야,수,1,1,0,0,0,경기,고양시,차대사람,횡단중,횡단중,운전자법규위반,안전운전 의무 불이행,단일로,기타단일로,승용차,승용차,보행자,보행자,942896.0,1968252.0,126.8521214,37.7120714
2018,2018090901,40,야,일,1,1,0,0,0,경기,고양시,차대사람,횡단중,횡단중,운전자법규위반,안전운전 의무 불이행,단일로,기타단일로,화물차,화물차,보행자,보행자,947892.0,1960847.0,126.9093304,37.64562862
2018,2018082010,20,주,월,1,1,0,0,0,경기,고양시,차대차,측면충돌,측면충돌,운전자법규위반,교차로 통행방법 위반,교차로,교차로내,이륜차,이륜차,승합차,승합차,944888.0,1957763.0,126.8755131,37.61765735
2018,2018010213,22,주,화,1,1,0,0,0,경기,남양주시,차대사람,횡단중,횡단중,운전자법규위반,안전운전 의무 불이행,교차로,교차로내,승용차,승용차,보행자,보행자,980936.0,1962001.0,127.2838656,37.65731082
2018,2018122101,0,야,금,1,1,0,0,0,경기,남양주시,차대사람,기타,기타,운전자법규위반,안전운전 의무 불이행,단일로,기타단일로,승용차,승용차,보행자,보행자,971139.0,1963482.0,127.1727367,37.67040367
2018,2018121218,47,야,수,1,1,0,0,0,경기,남양주시,차대사람,횡단중,횡단중,운전자법규위반,안전운전 의무 불이행,단일로,기타단일로,승용차,승용차,보행자,보행자,972149.0,1957945.0,127.1844005,37.62052821
2018,2018072607,45,주,목,2,3,0,1,0,경기,남양주시,차대차,기타,기타,운전자법규위반,중앙선 침범,단일로,기타단일로,이륜차,이륜차,화물차,화물차,967213.0,1968841.0,127.1279782,37.71857337
2018,2018071508,52,주,일,1,1,0,0,0,경기,남양주시,차대사람,횡단중,횡단중,운전자법규위반,보행자 보호의무 위반,교차로,교차로내,승용차,승용차,보행자,보행자,966225.0,1967678.0,127.116822,37.70805519
2018,2018081022,34,야,금,1,1,0,0,0,경기,파주시,차량단독,공작물충돌,공작물충돌,운전자법규위반,안전운전 의무 불이행,단일로,기타단일로,승용차,승용차,없음,없음,930049.0,1975319.0,126.7056958,37.77487124
2018,2018021611,40,주,금,1,4,1,1,1,경기,파주시,차대차,추돌,추돌,운전자법규위반,안전운전 의무 불이행,단일로,기타단일로,승용차,승용차,건설기계,건설기계,934437.0,1980245.0,126.7550726,37.81959188
2018,2018040205,0,야,월,1,1,0,0,0,경기,파주시,차대사람,횡단중,횡단중,운전자법규위반,안전운전 의무 불이행,단일로,기타단일로,승용차,승용차,보행자,보행자,937470.0,1985569.0,126.7890706,37.86778702
2018,2018032909,15,주,목,1,2,1,0,0,경기,파주시,차량단독,공작물충돌,공작물충돌,운전자법규위반,안전운전 의무 불이행,단일로,기타단일로,이륜차,이륜차,없음,없음,935581.0,1970384.0,126.7689454,37.73080101
2018,2018010921,40,야,화,1,1,0,0,0,경기,양주시,차대사람,기타,기타,운전자법규위반,안전운전 의무 불이행,단일로,기타단일로,승합차,승합차,보행자,보행자,955269.0,1979204.0,126.9918197,37.8114686
2018,2018111618,5,야,금,1,1,0,0,0,경기,양주시,차대차,추돌,추돌,운전자법규위반,과속,단일로,기타단일로,승용차,승용차,농기계,농기계,957275.0,1985469.0,127.0142385,37.86803003
2018,2018121803,0,야,화,1,1,0,0,0,경기,양주시,차량단독,전복,전복,운전자법규위반,안전운전 의무 불이행,단일로,기타단일로,승용차,승용차,없음,없음,951447.0,1979829.0,126.9483586,37.81690626
2018,2018031518,27,야,목,1,1,0,0,0,경기,동두천시,차대사람,횡단중,횡단중,운전자법규위반,안전운전 의무 불이행,단일로,기타단일로,화물차,화물차,보행자,보행자,960483.0,1991977.0,127.0503541,37.92683003
2018,2018082722,57,야,월,2,4,2,0,0,경기,구리시,차대차,추돌,추돌,운전자법규위반,과속,단일로,기타단일로,승용차,승용차,승합차,승합차,969647.0,1953382.0,127.1562383,37.57932106
2018,2018012107,0,주,일,1,1,0,0,0,경기,포천시,차량단독,기타,기타,운전자법규위반,안전운전 의무 불이행,단일로,기타단일로,승용차,승용차,없음,없음,967036.0,1976719.0,127.1256123,37.7895721
2018,2018033023,10,야,금,1,1,0,0,0,경기,포천시,차대사람,횡단중,횡단중,운전자법규위반,안전운전 의무 불이행,단일로,기타단일로,화물차,화물차,보행자,보행자,970025.0,1982896.0,127.1593034,37.84534851
2018,2018032913,20,주,목,1,1,0,0,0,경기,가평군,차량단독,전도,전도,운전자법규위반,안전운전 의무 불이행,단일로,기타단일로,사륜오토바이(ATV),사륜오토바이(ATV),없음,없음,987514.0,1982770.0,127.358085,37.84462017
2018,2018080914,27,주,목,1,1,0,0,0,경기,고양시,차대사람,횡단중,횡단중,운전자법규위반,안전운전 의무 불이행,단일로,기타단일로,화물차,화물차,보행자,보행자,936346.0,1964861.0,126.7781093,37.68107775
2018,2018042111,10,주,토,1,1,0,0,0,서울,중구,차대사람,차도통행중,차도통행중,운전자법규위반,안전운전 의무 불이행,단일로,기타단일로,승용차,승용차,보행자,보행자,956045.0,1951940.0,127.0022804,37.56577489
2018,2018122420,35,야,월,1,1,0,0,0,서울,종로구,차대사람,차도통행중,차도통행중,운전자법규위반,안전운전 의무 불이행,단일로,기타단일로,승합차,승합차,보행자,보행자,953300.5,1952399.8,126.9711752,37.56978405
2018,2018041321,33,야,금,1,1,0,0,0,서울,서대문구,차대사람,횡단중,횡단중,운전자법규위반,안전운전 의무 불이행,단일로,기타단일로,승용차,승용차,보행자,보행자,951633.0,1955275.0,126.9521033,37.5956125
2018,2018123120,16,야,월,1,1,0,0,0,서울,용산구,차대사람,기타,기타,운전자법규위반,안전운전 의무 불이행,단일로,기타단일로,승용차,승용차,보행자,보행자,951972.0,1948328.0,126.9563985,37.53301583
2018,2018010306,5,주,수,2,2,0,0,0,서울,용산구,차대사람,보도통행중,보도통행중,운전자법규위반,안전운전 의무 불이행,단일로,기타단일로,화물차,화물차,보행자,보행자,952818.0,1948859.0,126.9659394,37.53784554
2018,2018020901,40,야,금,1,1,0,0,0,서울,용산구,차량단독,전도,전도,운전자법규위반,안전운전 의무 불이행,단일로,기타단일로,승용차,승용차,없음,없음,951107.0,1948480.0,126.9465984,37.53434037
2018,2018110106,8,주,목,1,1,0,0,0,서울,강북구,차대사람,기타,기타,운전자법규위반,신호위반,교차로,교차로내,승용차,승용차,보행자,보행자,956835.0,1960802.0,127.0107026,37.64568703
2018,2018040100,44,야,일,1,1,0,0,0,서울,동대문구,차대사람,기타,기타,운전자법규위반,안전운전 의무 불이행,교차로,교차로부근,승용차,승용차,보행자,보행자,962100.0,1952641.0,127.0708053,37.57236236
2018,2018040612,57,주,금,1,1,0,0,0,서울,동대문구,차대차,측면충돌,측면충돌,운전자법규위반,서행 및 일시정지위반,교차로,교차로내,승용차,승용차,이륜차,이륜차,960377.0,1953845.0,127.0512288,37.58314179
2018,2018062223,35,야,금,1,1,0,0,0,서울,동대문구,차대차,측면충돌,측면충돌,운전자법규위반,중앙선 침범,단일로,기타단일로,화물차,화물차,이륜차,이륜차,959504.0,1953394.0,127.0413664,37.5790388
2018,2018111412,27,주,수,1,1,0,0,0,서울,광진구,차대차,측면충돌,측면충돌,운전자법규위반,안전운전 의무 불이행,단일로,교량위,자전거,자전거,승용차,승용차,964133.0,1946935.0,127.0941063,37.52101353
2018,2018081400,35,야,화,1,1,0,0,0,서울,마포구,차량단독,공작물충돌,공작물충돌,운전자법규위반,안전운전 의무 불이행,기타,기타,이륜차,이륜차,없음,없음,950925.0,1950959.0,126.9443726,37.55667435
2018,2018011301,20,야,토,1,3,0,2,0,서울,영등포구,차대사람,기타,기타,운전자법규위반,과속,교차로,교차로내,승용차,승용차,보행자,보행자,948903.0,1947385.0,126.9217294,37.52435142
2018,2018112802,20,야,수,1,1,0,0,0,서울,금천구,차량단독,전복,전복,운전자법규위반,안전운전 의무 불이행,교차로,교차로내,승용차,승용차,없음,없음,945561.0,1940798.0,126.8843971,37.46479055
2018,2018060523,10,야,화,1,2,0,1,0,서울,동작구,차대사람,횡단중,횡단중,운전자법규위반,안전운전 의무 불이행,단일로,기타단일로,승합차,승합차,보행자,보행자,954058.0,1944863.0,126.9802245,37.50189118
2018,2018050317,6,주,목,1,1,0,0,0,서울,동작구,차대사람,횡단중,횡단중,운전자법규위반,안전운전 의무 불이행,단일로,기타단일로,승합차,승합차,보행자,보행자,952743.0,1945157.0,126.9653286,37.50447468
2018,2018030821,40,야,목,1,1,0,0,0,서울,중랑구,차대사람,차도통행중,차도통행중,운전자법규위반,안전운전 의무 불이행,단일로,기타단일로,화물차,화물차,보행자,보행자,962590.0,1955259.0,127.0762204,37.59597919
2018,2018030720,27,야,수,1,1,0,0,0,서울,관악구,차대사람,횡단중,횡단중,운전자법규위반,보행자 보호의무 위반,교차로,교차로횡단보도내,승합차,승합차,보행자,보행자,948172.0,1942190.0,126.9138232,37.47748709
2018,2018012018,10,야,토,1,1,0,0,0,서울,관악구,차대사람,보도통행중,보도통행중,운전자법규위반,안전운전 의무 불이행,단일로,기타단일로,승용차,승용차,보행자,보행자,951350.0,1942723.0,126.9497297,37.48246402
2018,2018070201,58,야,월,1,1,0,0,0,서울,강남구,차대차,기타,기타,운전자법규위반,안전운전 의무 불이행,기타,기타,화물차,화물차,승용차,승용차,960483.0,1947734.0,127.0527586,37.52806603
2018,2018040601,55,야,금,1,1,0,0,0,서울,강남구,차대사람,횡단중,횡단중,운전자법규위반,안전운전 의무 불이행,교차로,교차로부근,승용차,승용차,보행자,보행자,958084.0,1946742.0,127.0256649,37.51901888
2018,2018031807,20,주,일,1,3,1,1,0,서울,강남구,차대차,정면충돌,정면충돌,운전자법규위반,신호위반,교차로,교차로내,이륜차,이륜차,승합차,승합차,960629.0,1947422.0,127.0544277,37.52526011