발생년,발생년월일시,발생분,주야,요일,사망자수,사상자수,중상자수,경상자수,부상신고자수,발생지시도,발생지시군구,사고유형_대분류,사고유형_중분류,사고유형,법규위반_대분류,법규위반,도로형태_대분류,도로형태,가해자_당사자종별_대분류,가해자_당사자종별,피해자_당사자종별_대분류,피해자_당사자종별,발생위치X_UTMK,발생위치Y_UTMK,경도,위도
2018,2018120407,30,주,화,1,1,0,0,0,서울,강서구,차대사람,횡단중,횡단중,운전자법규위반,안전운전 의무 불이행,교차로,교차로내,특수차,특수차,보행자,보행자,942636.0,1950482.0,126.850567,37.55189622
2018,2018082116,50,주,화,1,3,1,1,0,서울,강서구,차대차,측면충돌,측면충돌,운전자법규위반,신호위반,교차로,교차로내,이륜차,이륜차,승합차,승합차,940552.0,1951382.0,126.826902,37.55987576
2018,2018062823,0,야,목,1,3,2,0,0,서울,강서구,차대차,기타,기타,운전자법규위반,신호위반,교차로,교차로내,이륜차,이륜차,승용차,승용차,942095.0,1951147.0,126.84439,37.55785602
2018,2018010623,0,야,토,1,2,1,0,0,서울,강서구,차대차,추돌,추돌,운전자법규위반,안전운전 의무 불이행,기타,기타,승용차,승용차,승용차,승용차,941451.0,1953365.0,126.8369218,37.57780605
2018,2018070710,30,주,토,1,1,0,0,0,서울,강동구,차대차,정면충돌,정면충돌,운전자법규위반,안전운전 의무 불이행,교차로,교차로부근,승용차,승용차,자전거,자전거,969325.0,1948908.0,127.1527787,37.53898438
2018,2018012206,0,주,월,1,9,4,4,0,서울,송파구,차대차,측면충돌,측면충돌,운전자법규위반,신호위반,교차로,교차로내,승용차,승용차,승합차,승합차,962028.0,1945772.0,127.0703454,37.51044669
2018,2018060102,10,야,금,1,1,0,0,0,서울,송파구,차대차,추돌,추돌,운전자법규위반,안전거리 미확보,단일로,기타단일로,원동기장치자전거,원동기장치자전거,승용차,승용차,965644.0,1944213.0,127.1113326,37.49653646
2018,2018010823,58,야,월,1,1,0,0,0,서울,송파구,차대사람,기타,기타,운전자법규위반,안전운전 의무 불이행,단일로,기타단일로,승용차,승용차,보행자,보행자,966474.0,1947980.0,127.1205502,37.53052064
2018,2018112222,30,야,목,1,1,0,0,0,서울,구로구,차대사람,기타,기타,운전자법규위반,안전운전 의무 불이행,단일로,기타단일로,승용차,승용차,보행자,보행자,945212.0,1944126.0,126.8802031,37.49476575
2018,2018120606,34,주,목,1,1,0,0,0,서울,구로구,차대사람,기타,기타,운전자법규위반,신호위반,교차로,교차로횡단보도내,건설기계,건설기계,보행자,보행자,941276.0,1943489.0,126.83573,37.48878243
2018,2018092104,0,야,금,1,1,0,0,0,서울,서초구,차대사람,횡단중,횡단중,운전자법규위반,과속,단일로,기타단일로,승용차,승용차,보행자,보행자,956540.0,1942240.0,127.0084592,37.47836938
2018,2018080906,3,주,목,1,2,0,1,0,서울,서초구,차대차,추돌,추돌,운전자법규위반,안전운전 의무 불이행,단일로,기타단일로,화물차,화물차,화물차,화물차,957238.0,1946498.0,127.0161058,37.51678079
2018,2018040522,38,야,목,1,1,0,0,0,서울,서초구,차대사람,횡단중,횡단중,운전자법규위반,안전운전 의무 불이행,단일로,기타단일로,화물차,화물차,보행자,보행자,956408.0,1944087.0,127.0068569,37.49501082
2018,2018050819,23,야,화,1,1,0,0,0,서울,서초구,차대차,측면충돌,측면충돌,운전자법규위반,신호위반,교차로,교차로내,이륜차,이륜차,승합차,승합차,956987.0,1945601.0,127.0133181,37.50868417
2018,2018091200,2,야,수,1,1,0,0,0,서울,양천구,차량단독,기타,기타,운전자법규위반,안전운전 의무 불이행,단일로,기타단일로,이륜차,이륜차,없음,없음,941362.0,1947647.0,126.8363711,37.52626416
2018,2018112015,13,주,화,1,1,0,0,0,서울,양천구,차대사람,횡단중,횡단중,운전자법규위반,보행자 보호의무 위반,교차로,교차로횡단보도내,건설기계,건설기계,보행자,보행자,942056.0,1946964.0,126.8442787,37.52015212
2018,2018032605,25,야,월,1,1,0,0,0,서울,양천구,차대사람,횡단중,횡단중,운전자법규위반,안전운전 의무 불이행,단일로,기타단일로,승용차,승용차,보행자,보행자,942712.0,1947237.0,126.8516806,37.52265367
2018,2018122505,25,야,화,1,1,0,0,0,서울,양천구,차대사람,차도통행중,차도통행중,운전자법규위반,안전운전 의무 불이행,단일로,기타단일로,건설기계,건설기계,보행자,보행자,941006.0,1947532.0,126.8323516,37.52520495
2018,2018012211,55,주,월,1,2,0,1,0,서울,노원구,차대차,측면충돌,측면충돌,운전자법규위반,교차로 통행방법 위반,교차로,교차로내,건설기계,건설기계,승용차,승용차,960903.0,1958935.0,127.0569141,37.62904165
2018,2018101116,15,주,목,1,1,0,0,0,서울,도봉구,차대사람,기타,기타,운전자법규위반,안전운전 의무 불이행,교차로,교차로횡단보도내,승합차,승합차,보행자,보행자,959379.0,1961975.0,127.039474,37.65637552
2018,2018123010,5,주,일,1,1,0,0,0,서울,서초구,차량단독,공작물충돌,공작물충돌,운전자법규위반,안전운전 의무 불이행,단일로,기타단일로,이륜차,이륜차,없음,없음,954140.0,1945112.0,126.9811367,37.50413956
2018,2018022722,1,야,화,1,1,0,0,0,서울,서초구,차대사람,기타,기타,운전자법규위반,안전운전 의무 불이행,단일로,기타단일로,승용차,승용차,보행자,보행자,954153.0,1942263.0,126.9814613,37.47846129
2018,2018040603,20,야,금,1,1,0,0,0,부산,중구,차량단독,공작물충돌,공작물충돌,운전자법규위반,안전운전 의무 불이행,교차로,교차로부근,승용차,승용차,없음,없음,1140146.0,1680698.7,129.0378488,35.11171353
2018,2018091103,25,야,화,1,1,0,0,0,부산,중구,차대사람,횡단중,횡단중,운전자법규위반,보행자 보호의무 위반,단일로,기타단일로,화물차,화물차,보행자,보행자,1138890.0,1679423.0,129.0238567,35.1003883
2018,2018082505,0,야,토,1,1,0,0,0,부산,남구,차대사람,횡단중,횡단중,운전자법규위반,보행자 보호의무 위반,단일로,기타단일로,승용차,승용차,보행자,보행자,1146917.0,1681986.0,129.1123514,35.12235164
2018,2018020205,55,야,금,1,1,0,0,0,부산,북구,차대사람,횡단중,횡단중,운전자법규위반,신호위반,교차로,교차로내,승용차,승용차,보행자,보행자,1137243.0,1690055.0,129.0075588,35.1964519
2018,2018051208,15,주,토,1,1,0,0,0,부산,북구,차대사람,횡단중,횡단중,운전자법규위반,신호위반,단일로,기타단일로,화물차,화물차,보행자,보행자,1137281.0,1692710.0,129.0084188,35.22037887
2018,2018110211,0,주,금,1,1,0,0,0,부산,해운대구,차대사람,차도통행중,차도통행중,운전자법규위반,부당한 회전,단일로,기타단일로,화물차,화물차,보행자,보행자,1148745.0,1690621.0,129.1339619,35.19991496
2018,2018052712,52,주,일,1,4,1,2,0,부산,해운대구,차대차,측면충돌,측면충돌,운전자법규위반,안전운전 의무 불이행,교차로,교차로내,승용차,승용차,승용차,승용차,1147238.0,1691044.0,129.117489,35.20394991
2018,2018033023,10,야,금,1,1,0,0,0,부산,해운대구,차대사람,횡단중,횡단중,운전자법규위반,안전운전 의무 불이행,단일로,기타단일로,승용차,승용차,보행자,보행자,1150105.0,1686355.0,129.1481194,35.16126118
2018,2018011105,20,야,목,1,1,0,0,0,부산,사상구,차량단독,기타,기타,운전자법규위반,안전운전 의무 불이행,단일로,터널안,이륜차,이륜차,없음,없음,1137330.0,1688555.8,129.0082644,35.18292617
2018,2018120115,45,주,토,1,1,0,0,0,부산,부산진구,차대사람,횡단중,횡단중,운전자법규위반,과속,교차로,교차로내,승용차,승용차,보행자,보행자,1140093.1,1687169.2,129.0383657,35.17004581
2018,2018030806,30,주,목,1,1,0,0,0,부산,연제구,차대사람,차도통행중,차도통행중,운전자법규위반,안전운전 의무 불이행,단일로,기타단일로,승용차,승용차,보행자,보행자,1143957.0,1689244.0,129.0811433,35.1882013
2018,2018052202,40,야,화,1,2,1,0,0,부산,강서구,차량단독,공작물충돌,공작물충돌,운전자법규위반,안전운전 의무 불이행,단일로,기타단일로,승용차,승용차,없음,없음,1127311.0,1683030.0,128.897406,35.13443398
2018,2018090515,14,주,수,1,1,0,0,0,부산,강서구,차대차,측면충돌,측면충돌,운전자법규위반,안전운전 의무 불이행,교차로,교차로내,화물차,화물차,원동기장치자전거,원동기장치자전거,1131666.0,1691724.0,128.9465823,35.21224379
2018,2018022218,43,야,목,1,6,1,4,0,부산,사상구,차대차,추돌,추돌,운전자법규위반,안전운전 의무 불이행,교차로,교차로부근,이륜차,이륜차,화물차,화물차,1136104.4,1684881.2,128.9942019,35.14996976
2018,2018091320,20,야,목,1,1,0,0,0,부산,사상구,차대사람,기타,기타,운전자법규위반,보행자 보호의무 위반,교차로,교차로내,승용차,승용차,보행자,보행자,1135066.0,1685389.0,128.9828884,35.15468719
2018,2018070909,35,주,월,1,2,1,0,0,경남,김해시,차대차,기타,기타,운전자법규위반,안전운전 의무 불이행,단일로,기타단일로,승용차,승용차,화물차,화물차,1139440.0,1700874.0,129.0335198,35.29366984
2018,2018101401,20,야,일,1,1,0,0,0,경기,평택시,차량단독,공작물충돌,공작물충돌,운전자법규위반,안전운전 의무 불이행,교차로,교차로내,이륜차,이륜차,없음,없음,961422.0,1902784.0,127.0657237,37.12294123
2018,2018101615,39,주,화,1,1,0,0,0,경기,안성시,차대사람,차도통행중,차도통행중,운전자법규위반,안전운전 의무 불이행,교차로,교차로부근,승합차,승합차,보행자,보행자,968793.0,1888872.0,127.1492759,36.99781103
2018,2018081104,10,야,토,1,2,0,1,0,경기,안성시,차대차,기타,기타,운전자법규위반,중앙선 침범,단일로,기타단일로,화물차,화물차,승용차,승용차,978863.0,1884998.0,127.2625564,36.96316975
2018,2018070612,35,주,금,1,1,0,0,0,경기,안성시,차대사람,기타,기타,운전자법규위반,안전운전 의무 불이행,단일로,기타단일로,승용차,승용차,보행자,보행자,978607.0,1904104.0,127.259137,37.13539071
2018,2018020817,35,주,목,1,1,0,0,0,경기,안양시,차대차,측면충돌,측면충돌,운전자법규위반,부당한 회전,교차로,교차로횡단보도내,자전거,자전거,승합차,승합차,951705.0,1932941.0,126.9543854,37.39431405
2018,2018083123,35,야,금,1,1,0,0,0,경기,이천시,차대사람,차도통행중,차도통행중,운전자법규위반,안전운전 의무 불이행,교차로,교차로부근,승합차,승합차,보행자,보행자,998651.0,1926105.0,127.4847718,37.33395303
2018,2018012706,7,주,토,1,2,0,1,0,경기,이천시,차대차,정면충돌,정면충돌,운전자법규위반,신호위반,교차로,교차로내,승용차,승용차,승용차,승용차,991900.0,1922300.0,127.4086044,37.29962065
2018,2018060720,30,야,목,1,2,1,0,0,경기,여주시,차대사람,길가장자리구역통행중,길가장자리구역통행중,운전자법규위반,안전운전 의무 불이행,교차로,교차로부근,승용차,승용차,보행자,보행자,1015224.0,1922833.0,127.6717892,37.3043357
2018,2018090904,0,야,일,1,1,0,0,0,경기,용인시,차대사람,차도통행중,차도통행중,운전자법규위반,안전운전 의무 불이행,단일로,기타단일로,화물차,화물차,보행자,보행자,977088.0,1924229.0,127.2414162,37.31676134
2018,2018070304,45,야,화,1,1,0,0,0,경기,용인시,차대사람,횡단중,횡단중,운전자법규위반,안전운전 의무 불이행,단일로,교량위,화물차,화물차,보행자,보행자,977031.0,1923742.0,127.2407879,37.31237018
2018,2018071017,11,주,화,1,1,0,0,0,경기,용인시,차량단독,도로이탈,도로이탈 추락,운전자법규위반,안전운전 의무 불이행,단일로,기타단일로,이륜차,이륜차,없음,없음,989097.0,1905846.0,127.3772178,37.15127457
2018,2018020314,35,주,토,1,1,0,0,0,경기,용인시,차대차,측면충돌,측면충돌,운전자법규위반,중앙선 침범,단일로,기타단일로,건설기계,건설기계,원동기장치자전거,원동기장치자전거,962272.0,1918828.0,127.0744811,37.26759464
2018,2018090819,20,야,토,1,1,0,0,0,경기,김포시,차대차,측면충돌,측면충돌,운전자법규위반,중앙선 침범,단일로,기타단일로,승용차,승용차,자전거,자전거,918344.0,1960559.0,126.5744545,37.64088082
2018,2018100423,40,야,목,1,2,0,1,0,경기,김포시,차대차,측면충돌,측면충돌,운전자법규위반,신호위반,교차로,교차로내,승용차,승용차,승합차,승합차,926855.0,1961076.0,126.6708625,37.64625763
2018,2018090115,28,주,토,1,1,0,0,0,경기,김포시,차대차,기타,기타,운전자법규위반,신호위반,교차로,교차로내,승용차,승용차,자전거,자전거,921338.0,1965351.0,126.60787,37.68432921
2018,2018122013,55,주,목,1,1,0,0,0,경기,김포시,차대차,기타,기타,운전자법규위반,안전운전 의무 불이행,단일로,기타단일로,승용차,승용차,이륜차,이륜차,922531.0,1962831.0,126.6216664,37.66171969
2018,2018091816,12,주,화,1,1,0,0,0,경기,양평군,차대차,측면충돌,측면충돌,운전자법규위반,교차로 통행방법 위반,교차로,교차로내,불명,불명,원동기장치자전거,원동기장치자전거,999549.0,1944894.0,127.4948974,37.50331402
2018,2018091109,53,주,화,1,1,0,0,0,경기,양평군,차대사람,횡단중,횡단중,운전자법규위반,안전운전 의무 불이행,단일로,기타단일로,승용차,승용차,보행자,보행자,1015089.0,1949881.0,127.6708189,37.54814153
2018,2018012611,40,주,금,1,1,0,0,0,경기,양평군,차대차,정면충돌,정면충돌,운전자법규위반,안전운전 의무 불이행,단일로,기타단일로,승용차,승용차,이륜차,이륜차,987863.0,1955924.0,127.3624998,37.60265388
2018,2018062716,50,주,수,1,1,0,0,0,경기,양평군,차량단독,전도,전도,운전자법규위반,안전운전 의무 불이행,교차로,교차로부근,농기계,농기계,없음,없음,1006991.0,1937560.0,127.5790264,37.43718114
2018,2018012923,55,야,월,1,1,0,0,0,경기,오산시,차량단독,공작물충돌,공작물충돌,운전자법규위반,안전운전 의무 불이행,교차로,교차로부근,화물차,화물차,없음,없음,959452.0,1910659.0,127.0431209,37.19384239
2018,2018042923,40,야,일,1,5,2,2,0,경기,화성시,차대차,측면충돌,측면충돌,운전자법규위반,안전운전 의무 불이행,교차로,교차로내,승용차,승용차,승합차,승합차,959021.0,1912264.0,127.0381765,37.20829076
2018,2018091422,59,야,금,1,1,0,0,0,경기,부천시,차대사람,횡단중,횡단중,운전자법규위반,안전운전 의무 불이행,교차로,교차로횡단보도내,승합차,승합차,보행자,보행자,934254.0,1943507.0,126.7563032,37.48847138
2018,2018111121,10,야,일,1,2,1,0,0,경기,광명시,차대차,정면충돌,정면충돌,운전자법규위반,중앙선 침범,단일로,기타단일로,승용차,승용차,승용차,승용차,944457.0,1942803.0,126.8717624,37.48279625
2018,2018122701,56,야,목,1,1,0,0,0,경기,안산시,차량단독,기타,기타,운전자법규위반,안전운전 의무 불이행,교차로,교차로내,원동기장치자전거,원동기장치자전거,없음,없음,939172.0,1922412.0,126.813666,37.29867545
2018,2018092503,0,야,화,1,1,0,0,0,경기,안산시,차대사람,횡단중,횡단중,운전자법규위반,안전운전 의무 불이행,교차로,교차로내,승용차,승용차,보행자,보행자,941219.0,1924386.0,126.836605,37.31659949
2018,2018102116,15,주,일,1,1,0,0,0,경기,안산시,차대사람,기타,기타,운전자법규위반,안전운전 의무 불이행,교차로,교차로내,화물차,화물차,보행자,보행자,918097.0,1917078.0,126.5764848,37.24898324
2018,2018052817,56,주,월,1,1,0,0,0,경기,안산시,차대사람,횡단중,횡단중,운전자법규위반,안전운전 의무 불이행,단일로,기타단일로,승용차,승용차,보행자,보행자,935615.0,1926548.0,126.7731757,37.33571459
2018,2018011015,0,주,수,1,3,1,1,0,경기,안산시,차대차,측면충돌,측면충돌,운전자법규위반,안전운전 의무 불이행,교차로,교차로내,화물차,화물차,승용차,승용차,939611.0,1925506.0,126.8183673,37.32659126
2018,2018100803,45,야,월,1,3,1,1,0,경기,수원시,차대차,기타,기타,운전자법규위반,신호위반,교차로,교차로내,이륜차,이륜차,화물차,화물차,957763.0,1918422.0,127.0236505,37.26374137
2018,2018032202,0,야,목,1,1,0,0,0,경기,수원시,차대사람,차도통행중,차도통행중,운전자법규위반,안전운전 의무 불이행,단일로,기타단일로,승용차,승용차,보행자,보행자,962531.0,1917773.0,127.0774553,37.25809556
2018,2018092021,10,야,목,1,1,0,0,0,경기,군포시,차대사람,횡단중,횡단중,운전자법규위반,안전운전 의무 불이행,단일로,기타단일로,화물차,화물차,보행자,보행자,950865.0,1928104.0,126.945217,37.35067189
2018,2018101703,40,야,수,1,1,0,0,0,경기,성남시,차량단독,전복,전복,운전자법규위반,안전운전 의무 불이행,단일로,기타단일로,이륜차,이륜차,없음,없음,970994.0,1938600.0,127.1720769,37.44612695
2018,2018062020,0,야,수,1,1,0,0,0,경기,시흥시,차대사람,기타,기타,운전자법규위반,안전운전 의무 불이행,단일로,기타단일로,승용차,승용차,보행자,보행자,937070.0,1937143.0,126.7886981,37.43130866
2018,2018090418,9,야,화,1,2,0,1,0,경기,시흥시,차대차,추돌,추돌,운전자법규위반,안전운전 의무 불이행,단일로,기타단일로,이륜차,이륜차,승용차,승용차,937503.0,1931851.0,126.7940397,37.38364057
2018,2018122408,16,주,월,1,1,0,0,0,경기,시흥시,차대사람,횡단중,횡단중,운전자법규위반,보행자 보호의무 위반,교차로,교차로횡단보도내,화물차,화물차,보행자,보행자,931502.0,1927689.0,126.7266435,37.34570419
2018,2018111103,40,야,일,1,1,0,0,0,경기,수원시,차대차,추돌,추돌,운전자법규위반,안전운전 의무 불이행,단일로,기타단일로,승용차,승용차,화물차,화물차,953846.0,1916125.0,126.9796185,37.24285099
2018,2018072601,5,야,목,1,1,0,0,0,경기,수원시,차대차,측면충돌,측면충돌,운전자법규위반,신호위반,교차로,교차로내,이륜차,이륜차,승용차,승용차,953308.0,1917994.0,126.9734356,37.25967072
2018,2018021003,20,야,토,1,1,0,0,0,경기,용인시,차대차,추돌,추돌,운전자법규위반,안전운전 의무 불이행,기타,기타,승용차,승용차,화물차,화물차,964863.0,1924530.0,127.1034336,37.31909256
2018,2018022005,28,야,화,1,3,0,1,1,경기,용인시,차대차,추돌,추돌,운전자법규위반,안전운전 의무 불이행,단일로,기타단일로,승용차,승용차,화물차,화물차,968834.0,1921225.0,127.1483894,37.28944367
2018,2018032616,10,주,월,1,2,0,0,1,경기,평택시,차대차,추돌,추돌,운전자법규위반,안전거리 미확보,단일로,기타단일로,화물차,화물차,화물차,화물차,945362.0,1894572.0,126.8855406,37.04812001
2018,2018041416,30,주,토,1,1,0,0,0,경기,수원시,차량단독,공작물충돌,공작물충돌,운전자법규위반,안전운전 의무 불이행,단일로,기타단일로,화물차,화물차,없음,없음,958341.0,1923814.0,127.0298667,37.31236921
2018,2018030623,40,야,화,1,4,1,1,1,경기,성남시,차대차,기타,기타,운전자법규위반,안전거리 미확보,단일로,기타단일로,승용차,승용차,승용차,승용차,959354.0,1940552.0,127.0403782,37.46328284
2018,2018100317,23,주,수,1,1,0,0,0,경기,성남시,차대차,기타,기타,운전자법규위반,안전운전 의무 불이행,단일로,기타단일로,승용차,승용차,승용차,승용차,964097.0,1935070.0,127.0942772,37.41406708
2018,2018010103,20,야,월,1,3,2,0,0,경기,화성시,차량단독,공작물충돌,공작물충돌,운전자법규위반,안전운전 의무 불이행,단일로,기타단일로,승용차,승용차,없음,없음,951271.0,1916637.0,126.9505533,37.24733483
2018,2018053106,13,주,목,1,1,0,0,0,경기,화성시,차대차,추돌,추돌,운전자법규위반,안전운전 의무 불이행,단일로,기타단일로,승용차,승용차,이륜차,이륜차,943521.0,1905277.0,126.8640319,37.14450292
2018,2018080322,33,야,금,1,1,0,0,0,경기,화성시,차대사람,횡단중,횡단중,운전자법규위반,신호위반,교차로,교차로부근,승합차,승합차,보행자,보행자,952917.0,1912923.0,126.9693468,37.21394265
2018,2018071907,10,주,목,1,1,0,0,0,경기,화성시,차대차,측면충돌,측면충돌,운전자법규위반,안전운전 의무 불이행,기타,기타,화물차,화물차,이륜차,이륜차,943797.0,1897920.0,126.8676911,37.0782057
2018,2018011600,0,야,화,1,1,0,0,0,경기,화성시,차대사람,차도통행중,차도통행중,운전자법규위반,안전운전 의무 불이행,단일로,기타단일로,승용차,승용차,보행자,보행자,941679.0,1910194.0,126.8429081,37.18870961
2018,2018030719,55,야,수,1,1,0,0,0,경기,화성시,차대사람,횡단중,횡단중,운전자법규위반,안전운전 의무 불이행,단일로,기타단일로,승용차,승용차,보행자,보행자,945906.0,1908616.0,126.8906446,37.17474063
2018,2018050219,40,야,수,1,1,0,0,0,경기,하남시,차대사람,횡단중,횡단중,운전자법규위반,신호위반,교차로,교차로횡단보도내,승합차,승합차,보행자,보행자,975465.0,1948602.0,127.222289,37.53641015
2018,2018102308,23,주,화,1,1,0,0,0,경기,부천시,차대사람,횡단중,횡단중,운전자법규위반,안전운전 의무 불이행,교차로,교차로내,화물차,화물차,보행자,보행자,938449.0,1946541.0,126.8034984,37.51610597
2018,2018082205,20,야,수,1,3,2,0,0,경기,부천시,차대차,추돌,추돌,운전자법규위반,안전운전 의무 불이행,교차로,교차로부근,건설기계,건설기계,승용차,승용차,934870.0,1949210.0,126.7627652,37.53991559
2018,2018070316,15,주,화,1,1,0,0,0,경기,용인시,차대사람,횡단중,횡단중,운전자법규위반,신호위반,교차로,교차로내,승합차,승합차,보행자,보행자,966603.0,1925734.0,127.1230171,37.33000928
2018,2018042822,28,야,토,1,1,0,0,0,경기,용인시,차대사람,횡단중,횡단중,운전자법규위반,안전운전 의무 불이행,단일로,기타단일로,승용차,승용차,보행자,보행자,966758.0,1921483.0,127.1249571,37.29169734
2018,2018072013,25,주,금,1,1,0,0,0,강원,춘천시,차량단독,기타,기타,운전자법규위반,안전운전 의무 불이행,단일로,기타단일로,승용차,승용차,없음,없음,1015313.0,1981417.0,127.6740177,37.83238233
2018,2018032715,24,주,화,1,1,0,0,0,강원,춘천시,차량단독,도로이탈,도로이탈 추락,운전자법규위반,안전운전 의무 불이행,단일로,기타단일로,이륜차,이륜차,없음,없음,1024637.0,1991197.1,127.7803089,37.92032598
2018,2018101716,35,주,수,1,1,0,0,0,강원,춘천시,차대사람,기타,기타,운전자법규위반,안전운전 의무 불이행,단일로,기타단일로,화물차,화물차,보행자,보행자,1020715.0,1986708.3,127.7355575,37.87996636
2018,2018041621,25,야,월,1,1,0,0,0,강원,강릉시,차대사람,횡단중,횡단중,운전자법규위반,신호위반,단일로,기타단일로,승합차,승합차,보행자,보행자,1124563.2,1974730.2,128.9141974,37.76375508
2018,2018061921,40,야,화,1,1,0,0,0,강원,강릉시,차량단독,전복,전복,운전자법규위반,안전운전 의무 불이행,단일로,기타단일로,사륜오토바이(ATV),사륜오토바이(ATV),없음,없음,1118893.6,1950372.3,128.8458776,37.54502256
2018,2018092906,10,주,토,1,1,0,0,0,강원,강릉시,차대차,정면충돌,정면충돌,운전자법규위반,안전운전 의무 불이행,단일로,기타단일로,화물차,화물차,이륜차,이륜차,1118577.0,1980940.0,128.8472681,37.82050577
2018,2018061504,25,야,금,1,1,0,0,0,강원,강릉시,차대차,추돌,추돌,운전자법규위반,안전운전 의무 불이행,교차로,교차로내,승용차,승용차,승용차,승용차,1122842.0,1975379.9,128.8947715,37.76984211
2018,2018081123,25,야,토,1,1,0,0,0,강원,강릉시,차대차,추돌,추돌,운전자법규위반,안전운전 의무 불이행,단일로,기타단일로,승용차,승용차,자전거,자전거,1124148.6,1975471.6,128.9096185,37.77049187
2018,2018122312,10,주,일,1,1,0,0,0,강원,강릉시,차대차,후진중충돌,후진중충돌,운전자법규위반,안전운전 의무 불이행,단일로,기타단일로,승용차,승용차,승용차,승용차,1124150.0,1972839.0,128.9091842,37.74677054
2018,2018102019,40,야,토,1,1,0,0,0,강원,강릉시,차대사람,횡단중,횡단중,운전자법규위반,안전운전 의무 불이행,단일로,기타단일로,승용차,승용차,보행자,보행자,1136604.5,1958653.6,129.0478471,37.61718418
2018,2018101215,30,주,금,1,1,0,0,0,강원,강릉시,차량단독,기타,기타,운전자법규위반,안전운전 의무 불이행,교차로,교차로부근,농기계,농기계,없음,없음,1134699.0,1966042.0,129.0276265,37.68403654
2018,2018021916,0,주,월,1,2,0,1,0,강원,원주시,차대차,정면충돌,정면충돌,운전자법규위반,중앙선 침범,단일로,기타단일로,승용차,승용차,건설기계,건설기계,1058597.0,1916554.0,128.1607012,37.24601817
2018,2018102213,51,주,월,1,2,1,0,0,강원,양양군,차량단독,전도,전도,운전자법규위반,안전운전 의무 불이행,단일로,기타단일로,이륜차,이륜차,없음,없음,1098293.0,2006034.0,128.6202735,38.04904528
2018,2018062319,50,야,토,1,1,0,0,0,강원,속초시,차대차,측면충돌,측면충돌,운전자법규위반,안전운전 의무 불이행,단일로,지하차도(도로)내,화물차,화물차,승용차,승용차,1095249.0,2023439.0,128.5879115,38.20620858
2018,2018052713,25,주,일,1,1,0,0,0,강원,삼척시,차량단독,전복,전복,운전자법규위반,안전운전 의무 불이행,단일로,기타단일로,화물차,화물차,없음,없음,1134676.0,1919395.0,129.0188344,37.2637265
2018,2018072511,55,주,수,2,3,1,0,0,강원,영월군,차대차,정면충돌,정면충돌,운전자법규위반,중앙선 침범,단일로,교량위,승용차,승용차,승용차,승용차,1093008.0,1902766.0,128.546932,37.11895162
2018,2018041203,16,야,목,1,1,0,0,0,강원,영월군,차량단독,도로이탈,도로이탈 추락,운전자법규위반,안전운전 의무 불이행,단일로,지하차도(도로)내,승용차,승용차,없음,없음,1105828.0,1905771.0,128.6916365,37.14467151
2018,2018120217,18,주,일,1,1,0,0,0,강원,홍천군,차량단독,도로이탈,도로이탈 추락,운전자법규위반,안전운전 의무 불이행,단일로,기타단일로,승용차,승용차,없음,없음,1059342.0,1962728.0,128.1728186,37.66214268
2018,2018100818,35,야,월,1,1,0,0,0,강원,정선군,차대사람,횡단중,횡단중,운전자법규위반,안전운전 의무 불이행,교차로,교차로부근,화물차,화물차,보행자,보행자,1103697.0,1931148.0,128.6711819,37.37361169
2018,2018022321,0,야,금,1,11,4,2,4,강원,정선군,차대차,측면충돌,측면충돌,운전자법규위반,중앙선 침범,단일로,터널안,승용차,승용차,승용차,승용차,1117614.0,1913407.0,128.8255196,37.21207681
2018,2018100819,2,야,월,1,1,0,0,0,강원,정선군,차대사람,차도통행중,차도통행중,운전자법규위반,안전운전 의무 불이행,단일로,기타단일로,승용차,승용차,보행자,보행자,1123518.0,1912488.0,128.8918885,37.20303209
2018,2018081110,30,주,토,1,1,0,0,0,강원,횡성군,차대차,측면충돌,측면충돌,운전자법규위반,안전운전 의무 불이행,교차로,교차로부근,자전거,자전거,자전거,자전거,1043162.0,1943737.0,127.9882583,37.49187635
2018,2018062809,5,주,목,1,1,0,0,0,강원,횡성군,차대차,측면충돌,측면충돌,운전자법규위반,안전운전 의무 불이행,교차로,교차로내,원동기장치자전거,원동기장치자전거,승용차,승용차,1057422.0,1953919.0,128.1503589,37.58287023
2018,2018040422,40,야,수,1,3,2,0,0,강원,횡성군,차대사람,횡단중,횡단중,운전자법규위반,안전운전 의무 불이행,단일로,기타단일로,승합차,승합차,보행자,보행자,1042781.0,1943560.0,127.9839382,37.49029872
2018,2018081409,8,주,화,1,3,0,2,0,강원,고성군,차대차,측면충돌,측면충돌,운전자법규위반,신호위반,교차로,교차로내,화물차,화물차,승용차,승용차,1090586.0,2028708.0,128.5353329,38.25416935