발생년,발생년월일시,발생분,주야,요일,사망자수,사상자수,중상자수,경상자수,부상신고자수,발생지시도,발생지시군구,사고유형_대분류,사고유형_중분류,사고유형,법규위반_대분류,법규위반,도로형태_대분류,도로형태,가해자_당사자종별_대분류,가해자_당사자종별,피해자_당사자종별_대분류,피해자_당사자종별,발생위치X_UTMK,발생위치Y_UTMK,경도,위도
2018,2018112309,43,주,금,1,1,0,0,0,강원,양구군,차대사람,횡단중,횡단중,운전자법규위반,안전운전 의무 불이행,교차로,교차로내,화물차,화물차,보행자,보행자,1042704.0,2011880.0,127.9870939,38.10606265
2018,2018050411,27,주,금,1,2,0,1,0,강원,양구군,차대차,측면충돌,측면충돌,운전자법규위반,안전운전 의무 불이행,단일로,기타단일로,화물차,화물차,건설기계,건설기계,1039278.6,2005827.7,127.9476913,38.05167175
2018,2018020507,6,주,월,1,1,0,0,0,충북,청주시,차대사람,기타,기타,운전자법규위반,안전운전 의무 불이행,단일로,기타단일로,화물차,화물차,보행자,보행자,998254.0,1848096.0,127.4804708,36.63074368
2018,2018061210,5,주,화,1,1,0,0,0,충북,청주시,철길건널목,철길건널목,철길건널목,운전자법규위반,안전운전 의무 불이행,철길건널목,철길건널목,이륜차,이륜차,기타,기타,1001356.0,1858873.0,127.5151861,36.72789808
2018,2018102707,0,주,토,1,1,0,0,0,충북,청주시,차대차,정면충돌,정면충돌,운전자법규위반,신호위반,교차로,교차로내,건설기계,건설기계,승용차,승용차,998584.0,1862326.0,127.4841355,36.75902616
2018,2018101823,45,야,목,1,4,0,3,0,충북,청주시,차대차,추돌,추돌,운전자법규위반,안전운전 의무 불이행,단일로,기타단일로,승합차,승합차,승용차,승용차,1004729.0,1858863.0,127.5529609,36.72779712
2018,2018013015,50,주,화,1,1,0,0,0,충북,충주시,차량단독,기타,기타,운전자법규위반,안전운전 의무 불이행,기타,기타,건설기계,건설기계,없음,없음,1025869.0,1886419.0,127.7906489,36.97586097
2018,2018060418,45,야,월,1,1,0,0,0,충북,충주시,차량단독,기타,기타,운전자법규위반,안전운전 의무 불이행,단일로,기타단일로,이륜차,이륜차,없음,없음,1036079.0,1884120.0,127.9052504,36.95480095
2018,2018090319,45,야,월,1,1,0,0,0,충북,제천시,차대차,추돌,추돌,운전자법규위반,안전운전 의무 불이행,단일로,기타단일로,이륜차,이륜차,건설기계,건설기계,1064880.0,1903970.0,128.2304458,37.13217701
2018,2018090620,30,야,목,1,1,0,0,0,충북,영동군,차대차,정면충돌,정면충돌,운전자법규위반,중앙선 침범,단일로,기타단일로,승용차,승용차,승합차,승합차,1026657.0,1799959.0,127.796506,36.19640761
2018,2018081817,45,주,토,1,1,0,0,0,충북,영동군,차대차,정면충돌,정면충돌,운전자법규위반,안전운전 의무 불이행,교차로,교차로내,화물차,화물차,이륜차,이륜차,1022900.0,1794774.0,127.7545661,36.14975798
2018,2018081616,12,주,목,1,1,0,0,0,충북,괴산군,차량단독,도로이탈,도로이탈 추락,운전자법규위반,안전운전 의무 불이행,교차로,교차로내,원동기장치자전거,원동기장치자전거,없음,없음,1029545.0,1872859.0,127.8314204,36.8535173
2018,2018022013,25,주,화,1,3,2,0,0,충북,괴산군,차대차,추돌,추돌,운전자법규위반,차로위반(진로변경 위반),단일로,교량위,화물차,화물차,승용차,승용차,1020708.0,1866946.0,127.7321314,36.8004489
2018,2018021502,20,야,목,2,2,0,0,0,충북,괴산군,차대차,정면충돌,정면충돌,운전자법규위반,중앙선 침범,단일로,기타단일로,승용차,승용차,화물차,화물차,1022924.0,1870983.0,127.7570936,36.83678983
2018,2018022100,28,야,수,1,1,0,0,0,충북,음성군,차량단독,전도,전도,운전자법규위반,안전운전 의무 불이행,교차로,교차로부근,승합차,승합차,없음,없음,1015361.0,1886609.0,127.6725917,36.97780403
2018,2018091305,30,야,목,1,3,2,0,0,충북,음성군,차대차,추돌,추돌,운전자법규위반,과속,교차로,교차로부근,화물차,화물차,화물차,화물차,1004776.0,1886827.0,127.5536632,36.9798825
2018,2018080819,25,야,수,1,1,0,0,0,충북,단양군,차대사람,기타,기타,운전자법규위반,보행자 보호의무 위반,기타,기타,화물차,화물차,보행자,보행자,1077540.0,1887840.0,128.3712993,36.9858287
2018,2018102606,32,주,금,1,1,0,0,0,충북,진천군,차대사람,기타,기타,운전자법규위반,과속,교차로,교차로내,승용차,승용차,보행자,보행자,991692.0,1869715.0,127.4068389,36.82560068
2018,2018072110,18,주,토,1,1,0,0,0,충북,진천군,차대차,기타,기타,운전자법규위반,안전운전 의무 불이행,교차로,교차로내,승용차,승용차,이륜차,이륜차,994522.0,1872930.0,127.4385497,36.85460346
2018,2018060404,35,야,월,1,4,2,0,1,충북,청주시,차대차,측면충돌,측면충돌,운전자법규위반,신호위반,교차로,교차로내,승용차,승용차,화물차,화물차,992500.0,1854916.0,127.4160449,36.69219761
2018,2018050105,10,야,화,1,1,0,0,0,충북,청주시,차대사람,횡단중,횡단중,운전자법규위반,과속,교차로,교차로내,승용차,승용차,보행자,보행자,994216.0,1852134.0,127.4352748,36.66713012
2018,2018042202,0,야,일,1,1,0,0,0,충북,청주시,차량단독,기타,기타,운전자법규위반,안전운전 의무 불이행,단일로,기타단일로,승용차,승용차,없음,없음,989926.0,1842774.0,127.3873909,36.58271412
2018,2018072507,0,주,수,1,1,0,0,0,충북,청주시,차대차,측면충돌,측면충돌,운전자법규위반,안전운전 의무 불이행,교차로,교차로내,화물차,화물차,이륜차,이륜차,993902.0,1853079.0,127.4317535,36.67564726
2018,2018050813,20,주,화,1,1,0,0,0,충북,청주시,차대사람,횡단중,횡단중,운전자법규위반,안전운전 의무 불이행,단일로,기타단일로,화물차,화물차,보행자,보행자,987478.0,1843250.0,127.360019,36.58697629
2018,2018082515,22,주,토,1,1,0,0,0,충북,청주시,차대사람,차도통행중,차도통행중,운전자법규위반,안전운전 의무 불이행,단일로,지하차도(도로)내,승용차,승용차,보행자,보행자,998812.0,1847806.0,127.4867125,36.6281302
2018,2018121221,27,야,수,1,1,0,0,0,충북,청주시,차량단독,공작물충돌,공작물충돌,운전자법규위반,안전운전 의무 불이행,교차로,교차로부근,승용차,승용차,없음,없음,1004772.0,1850288.0,127.553389,36.65049415
2018,2018021300,40,야,화,1,3,2,0,0,충북,괴산군,차대차,추돌,추돌,운전자법규위반,안전운전 의무 불이행,단일로,기타단일로,특수차,특수차,화물차,화물차,1041224.2,1869575.0,127.96225,36.82347662
2018,2018121807,20,주,화,1,1,0,0,0,경기,광주시,차대차,추돌,추돌,운전자법규위반,안전운전 의무 불이행,기타,기타,승합차,승합차,화물차,화물차,985754.0,1924852.0,127.3392078,37.32255031
2018,2018111613,30,주,금,1,3,2,0,0,충북,괴산군,차대차,추돌,추돌,운전자법규위반,안전운전 의무 불이행,단일로,기타단일로,특수차,특수차,승용차,승용차,1043962.0,1862436.0,127.9925361,36.75899943
2018,2018081022,40,야,금,1,1,0,0,0,충남,서산시,차대차,추돌,추돌,운전자법규위반,안전운전 의무 불이행,단일로,기타단일로,이륜차,이륜차,농기계,농기계,902276.0,1847130.0,126.407158,36.61702508
2018,2018091418,10,야,금,1,1,0,0,0,충남,서산시,차대차,측면충돌,측면충돌,운전자법규위반,중앙선 침범,단일로,기타단일로,화물차,화물차,이륜차,이륜차,903863.0,1861353.0,126.4231168,36.74538297
2018,2018110714,10,주,수,1,1,0,0,0,충남,서산시,차량단독,도로이탈,도로이탈 기타,운전자법규위반,안전운전 의무 불이행,단일로,기타단일로,농기계,농기계,없음,없음,911980.0,1850746.0,126.5152473,36.65056425
2018,2018080416,0,주,토,1,1,0,0,0,충남,서산시,차량단독,전도,전도,운전자법규위반,안전운전 의무 불이행,단일로,기타단일로,이륜차,이륜차,없음,없음,905786.0,1861869.0,126.4445903,36.75022679
2018,2018112404,55,야,토,1,1,0,0,0,충남,서산시,차대사람,횡단중,횡단중,운전자법규위반,안전운전 의무 불이행,단일로,기타단일로,승용차,승용차,보행자,보행자,905923.0,1864834.0,126.445759,36.77696471
2018,2018121208,52,주,수,1,1,0,0,0,충남,서산시,차대사람,기타,기타,운전자법규위반,안전운전 의무 불이행,교차로,교차로부근,승용차,승용차,보행자,보행자,914093.0,1859048.0,126.5379524,36.72558849
2018,2018032005,55,야,화,1,1,0,0,0,충남,천안시,차대사람,횡단중,횡단중,운전자법규위반,안전운전 의무 불이행,교차로,교차로부근,승용차,승용차,보행자,보행자,967689.0,1869816.0,127.137682,36.82599565
2018,2018072012,40,주,금,1,1,0,0,0,충남,천안시,차대사람,횡단중,횡단중,운전자법규위반,안전운전 의무 불이행,교차로,교차로횡단보도내,승용차,승용차,보행자,보행자,965719.0,1867101.0,127.1157143,36.80145189
2018,2018102118,50,야,일,1,1,0,0,0,충남,천안시,차대차,추돌,추돌,운전자법규위반,안전운전 의무 불이행,단일로,기타단일로,승용차,승용차,건설기계,건설기계,966734.0,1878015.0,127.126614,36.89987198
2018,2018122107,10,주,금,1,1,0,0,0,충남,천안시,차대사람,기타,기타,운전자법규위반,안전운전 의무 불이행,단일로,기타단일로,화물차,화물차,보행자,보행자,967102.0,1884183.0,127.1304761,36.95548541
2018,2018120407,30,주,화,1,3,0,2,0,충남,논산시,차량단독,공작물충돌,공작물충돌,운전자법규위반,과속,단일로,기타단일로,승합차,승합차,없음,없음,964232.0,1796009.0,127.1023341,36.16050262
2018,2018041522,55,야,일,1,1,0,0,0,충남,홍성군,차량단독,공작물충돌,공작물충돌,운전자법규위반,안전운전 의무 불이행,단일로,기타단일로,승용차,승용차,없음,없음,923310.0,1844123.0,126.642653,36.59184503
2018,2018110719,0,야,수,1,2,0,1,0,충남,홍성군,차량단독,기타,기타,운전자법규위반,중앙선 침범,교차로,교차로부근,승합차,승합차,없음,없음,909814.0,1841335.0,126.4921222,36.56553424
2018,2018111304,12,야,화,1,1,0,0,0,충남,아산시,차대차,기타,기타,운전자법규위반,안전운전 의무 불이행,교차로,교차로내,승용차,승용차,이륜차,이륜차,958355.0,1864130.0,127.0333295,36.77437459
2018,2018051502,10,야,화,1,5,4,0,0,충남,아산시,차대차,기타,기타,운전자법규위반,안전운전 의무 불이행,교차로,교차로부근,승용차,승용차,승합차,승합차,948013.0,1862791.0,126.9175341,36.76179338
2018,2018091015,35,주,월,1,1,0,0,0,충남,아산시,차대차,추돌,추돌,운전자법규위반,안전운전 의무 불이행,단일로,기타단일로,이륜차,이륜차,승용차,승용차,949749.0,1869621.0,126.9365328,36.82345473
2018,2018111713,40,주,토,1,1,0,0,0,충남,아산시,차량단독,공작물충돌,공작물충돌,운전자법규위반,안전운전 의무 불이행,단일로,기타단일로,원동기장치자전거,원동기장치자전거,없음,없음,952066.0,1877069.0,126.962042,36.89071313
2018,2018032908,20,주,목,1,1,0,0,0,충남,아산시,차대차,측면충돌,측면충돌,운전자법규위반,신호위반,교차로,교차로내,승용차,승용차,이륜차,이륜차,958470.0,1876712.0,127.0339306,36.88779866
2018,2018051717,0,주,목,1,1,0,0,0,충남,서천군,차량단독,도로이탈,도로이탈 기타,운전자법규위반,안전운전 의무 불이행,단일로,기타단일로,승용차,승용차,없음,없음,927897.0,1793209.0,126.6986479,36.13323823
2018,2018102118,20,야,일,1,2,0,1,0,충남,서천군,차대차,추돌,추돌,운전자법규위반,안전운전 의무 불이행,단일로,기타단일로,승용차,승용차,농기계,농기계,933375.0,1788632.0,126.7599128,36.09236832
2018,2018111517,50,주,목,1,1,0,0,0,충남,보령시,차대사람,횡단중,횡단중,운전자법규위반,안전운전 의무 불이행,단일로,기타단일로,승용차,승용차,보행자,보행자,908927.0,1834827.0,126.4829795,36.50678882
2018,2018090710,15,주,금,1,1,0,0,0,충남,보령시,차대차,기타,기타,운전자법규위반,앞지르기 금지위반,교차로,교차로내,승합차,승합차,이륜차,이륜차,917251.0,1818369.0,126.5776799,36.3591907
2018,2018051214,15,주,토,1,1,0,0,0,충남,보령시,차대차,추돌,추돌,운전자법규위반,안전운전 의무 불이행,단일로,기타단일로,화물차,화물차,특수차,특수차,918259.0,1816896.0,126.5890685,36.34599887
2018,2018020605,35,야,화,1,1,0,0,0,충남,보령시,차대사람,횡단중,횡단중,운전자법규위반,안전운전 의무 불이행,단일로,기타단일로,승용차,승용차,보행자,보행자,924783.0,1821777.0,126.6612932,36.39053033
2018,2018052716,45,주,일,1,3,2,0,0,충남,공주시,차대차,정면충돌,정면충돌,운전자법규위반,중앙선 침범,단일로,기타단일로,승용차,승용차,승용차,승용차,953066.0,1849190.0,126.9749805,36.63945078
2018,2018092502,0,야,화,1,1,0,0,0,세종,세종,차대사람,기타,기타,운전자법규위반,안전운전 의무 불이행,교차로,교차로내,화물차,화물차,보행자,보행자,969047.0,1858149.0,127.1533834,36.72086763
2018,2018030717,50,주,수,2,4,1,1,0,세종,세종,차대차,정면충돌,정면충돌,운전자법규위반,중앙선 침범,단일로,기타단일로,승용차,승용차,승용차,승용차,973247.0,1834058.0,127.201254,36.50381745
2018,2018030917,0,주,금,1,1,0,0,0,세종,세종,차대차,측면충돌,측면충돌,운전자법규위반,신호위반,교차로,교차로내,승용차,승용차,이륜차,이륜차,981290.0,1847036.0,127.2907528,36.62100566
2018,2018010818,0,야,월,1,1,0,0,0,충남,예산군,차대사람,횡단중,횡단중,운전자법규위반,보행자 보호의무 위반,단일로,기타단일로,승용차,승용차,보행자,보행자,926115.0,1856612.0,126.672805,36.7046426
2018,2018090707,50,주,금,1,1,0,0,0,충남,부여군,차량단독,공작물충돌,공작물충돌,운전자법규위반,안전운전 의무 불이행,단일로,기타단일로,화물차,화물차,없음,없음,945377.0,1808915.0,126.8918146,36.27597197
2018,2018111507,59,주,목,1,1,0,0,0,충남,부여군,차량단독,공작물충돌,공작물충돌,운전자법규위반,안전운전 의무 불이행,교차로,교차로내,승용차,승용차,없음,없음,948781.0,1809804.0,126.9296555,36.28417311
2018,2018100809,20,주,월,1,1,0,0,0,충남,부여군,차량단독,전도,전도,운전자법규위반,안전운전 의무 불이행,단일로,기타단일로,농기계,농기계,없음,없음,941173.0,1798625.0,126.8457821,36.18296034
2018,2018092319,25,야,일,1,1,0,0,0,충남,부여군,차대사람,차도통행중,차도통행중,운전자법규위반,안전운전 의무 불이행,단일로,기타단일로,화물차,화물차,보행자,보행자,953314.0,1815213.0,126.9798065,36.3331659
2018,2018010506,50,주,금,1,1,0,0,0,충남,부여군,차대사람,기타,기타,운전자법규위반,중앙선 침범,단일로,기타단일로,승용차,승용차,보행자,보행자,941408.0,1813142.0,126.8473079,36.31384512
2018,2018022513,30,주,일,1,1,0,0,0,충남,부여군,차량단독,도로이탈,도로이탈 추락,운전자법규위반,안전운전 의무 불이행,단일로,기타단일로,이륜차,이륜차,없음,없음,939776.0,1797917.0,126.8303012,36.17649178
2018,2018061010,50,주,일,1,1,0,0,0,충남,부여군,차대차,추돌,추돌,운전자법규위반,안전운전 의무 불이행,단일로,기타단일로,이륜차,이륜차,화물차,화물차,951220.0,1812159.0,126.9566664,36.3055301
2018,2018042614,5,주,목,1,1,0,0,0,충남,당진시,차대사람,횡단중,횡단중,운전자법규위반,과속,단일로,기타단일로,승용차,승용차,보행자,보행자,929502.0,1872315.0,126.7092689,36.84644548
2018,2018070206,25,주,월,1,1,0,0,0,충남,당진시,차대차,측면충돌,측면충돌,운전자법규위반,안전운전 의무 불이행,기타,기타,승용차,승용차,자전거,자전거,931708.0,1887220.0,126.7326655,36.98095745
2018,2018050108,20,주,화,1,2,0,1,0,충남,금산군,차대차,측면충돌,측면충돌,운전자법규위반,안전운전 의무 불이행,교차로,교차로부근,자전거,자전거,이륜차,이륜차,1001027.0,1780443.0,127.5113979,36.02082235
2018,2018040917,24,주,월,1,1,0,0,0,충남,금산군,차대사람,횡단중,횡단중,운전자법규위반,신호위반,교차로,교차로내,승용차,승용차,보행자,보행자,997592.0,1797782.0,127.4732223,36.17714476
2018,2018033019,0,야,금,1,1,0,0,0,충남,금산군,차량단독,공작물충돌,공작물충돌,운전자법규위반,안전거리 미확보,교차로,교차로부근,화물차,화물차,없음,없음,993753.0,1792633.0,127.4305724,36.13070574
2018,2018011618,5,야,화,1,1,0,0,0,충남,청양군,차대사람,횡단중,횡단중,운전자법규위반,과속,단일로,기타단일로,화물차,화물차,보행자,보행자,941895.0,1822345.0,126.8520454,36.3968381
2018,2018030406,45,주,일,1,1,0,0,0,충남,청양군,차대사람,횡단중,횡단중,운전자법규위반,안전운전 의무 불이행,교차로,교차로부근,승용차,승용차,보행자,보행자,929719.0,1825926.0,126.7159515,36.42830518
2018,2018101912,12,주,금,1,1,0,0,0,충남,청양군,차대사람,기타,기타,운전자법규위반,안전운전 의무 불이행,단일로,기타단일로,승용차,승용차,보행자,보행자,937827.0,1821289.0,126.8067687,36.38706387
2018,2018092018,49,야,목,1,1,0,0,0,충남,청양군,차대사람,횡단중,횡단중,운전자법규위반,과속,단일로,기타단일로,승용차,승용차,보행자,보행자,937404.0,1824277.0,126.8018117,36.41397224
2018,2018061923,20,야,화,1,2,1,0,0,충남,천안시,차대차,기타,기타,운전자법규위반,안전운전 의무 불이행,교차로,교차로내,화물차,화물차,승합차,승합차,992132.0,1862682.0,127.4118455,36.76220383
2018,2018122216,40,주,토,1,3,2,0,0,충남,논산시,차대차,기타,기타,운전자법규위반,안전운전 의무 불이행,단일로,기타단일로,승합차,승합차,승용차,승용차,970996.0,1795946.0,127.1775369,36.16016077
2018,2018091300,1,야,목,1,2,1,0,0,대전,동구,차대사람,기타,기타,운전자법규위반,안전운전 의무 불이행,기타,기타,화물차,화물차,보행자,보행자,997674.0,1816535.0,127.4740784,36.34621355
2018,2018102715,54,주,토,1,1,0,0,0,충북,영동군,차대차,추돌,추돌,운전자법규위반,안전운전 의무 불이행,단일로,기타단일로,화물차,화물차,승용차,승용차,1035002.0,1802294.0,127.8894301,36.21719271
2018,2018052122,50,야,월,1,2,0,1,0,대전,동구,차대차,추돌,추돌,운전자법규위반,안전운전 의무 불이행,기타,기타,화물차,화물차,승용차,승용차,1001039.0,1816994.0,127.5115795,36.35035387
2018,2018031500,10,야,목,1,1,0,0,0,충남,금산군,차대차,기타,기타,운전자법규위반,안전운전 의무 불이행,단일로,기타단일로,승용차,승용차,화물차,화물차,998797.0,1797765.0,127.4866223,36.17699374
2018,2018043004,20,야,월,1,2,0,1,0,전북,전주시,차대차,측면충돌,측면충돌,운전자법규위반,신호위반,교차로,교차로내,승용차,승용차,화물차,화물차,965948.0,1758823.2,127.1230108,35.82530628
2018,2018080823,1,야,수,1,3,1,1,0,전북,군산시,차대차,측면충돌,측면충돌,운전자법규위반,중앙선 침범,교차로,교차로부근,승용차,승용차,특수차,특수차,918784.0,1774333.0,126.5993173,35.96235537
2018,2018100713,50,주,일,1,1,0,0,0,전북,군산시,차대차,측면충돌,측면충돌,운전자법규위반,신호위반,교차로,교차로내,승용차,승용차,이륜차,이륜차,928394.5,1776107.8,126.7057273,35.97910796
2018,2018062522,10,야,월,1,1,0,0,0,전북,군산시,차대사람,횡단중,횡단중,운전자법규위반,안전운전 의무 불이행,단일로,기타단일로,화물차,화물차,보행자,보행자,926829.8,1774657.4,126.6885065,35.96591635
2018,2018012518,40,야,목,1,1,0,0,0,전북,군산시,차대사람,차도통행중,차도통행중,운전자법규위반,안전운전 의무 불이행,단일로,기타단일로,승용차,승용차,보행자,보행자,931162.3,1774539.6,126.7365624,35.96516965
2018,2018031803,15,야,일,1,1,0,0,0,전북,군산시,차대차,정면충돌,정면충돌,운전자법규위반,중앙선 침범,단일로,지하차도(도로)내,자전거,자전거,승용차,승용차,928828.3,1772101.8,126.7108982,35.94302505
2018,2018081612,40,주,목,1,1,0,0,0,전북,익산시,차량단독,전복,전복,운전자법규위반,안전운전 의무 불이행,단일로,기타단일로,사륜오토바이(ATV),사륜오토바이(ATV),없음,없음,948124.0,1781766.0,126.9241911,36.03136846
2018,2018103118,30,야,수,1,1,0,0,0,전북,익산시,차대차,추돌,추돌,운전자법규위반,안전운전 의무 불이행,단일로,기타단일로,이륜차,이륜차,농기계,농기계,960274.0,1775877.0,127.059344,35.97884692
2018,2018072008,20,주,금,1,1,0,0,0,전북,익산시,차대차,측면충돌,측면충돌,운전자법규위반,안전운전 의무 불이행,단일로,기타단일로,화물차,화물차,자전거,자전거,949642.0,1771281.0,126.941706,35.93692026
2018,2018112109,44,주,수,1,1,0,0,0,전북,익산시,차량단독,기타,기타,운전자법규위반,안전운전 의무 불이행,교차로,교차로부근,원동기장치자전거,원동기장치자전거,없음,없음,949124.0,1778390.0,126.9355074,36.00098498
2018,2018051207,21,주,토,1,1,0,0,0,전북,익산시,차대사람,횡단중,횡단중,운전자법규위반,안전운전 의무 불이행,단일로,기타단일로,승용차,승용차,보행자,보행자,952996.0,1770475.0,126.9789364,35.9298208
2018,2018041713,30,주,화,1,1,0,0,0,전북,익산시,차량단독,공작물충돌,공작물충돌,운전자법규위반,안전운전 의무 불이행,단일로,기타단일로,화물차,화물차,없음,없음,951651.9,1785430.8,126.9631239,36.06459001
2018,2018011813,50,주,목,1,2,0,1,0,전북,정읍시,차대차,정면충돌,정면충돌,운전자법규위반,중앙선 침범,교차로,교차로부근,화물차,화물차,승합차,승합차,939691.0,1741090.0,126.8336674,35.66416559
2018,2018051008,37,주,목,1,1,0,0,0,전북,정읍시,차대차,측면충돌,측면충돌,운전자법규위반,부당한 회전,단일로,기타단일로,자전거,자전거,승용차,승용차,942407.3,1730090.9,126.8644621,35.5651604
2018,2018051416,49,주,월,1,1,0,0,0,전북,김제시,차대차,추돌,추돌,운전자법규위반,안전운전 의무 불이행,단일로,기타단일로,승용차,승용차,이륜차,이륜차,943033.6,1753782.0,126.8696959,35.77879302
2018,2018092014,25,주,목,1,1,0,0,0,전북,김제시,차량단독,공작물충돌,공작물충돌,운전자법규위반,안전운전 의무 불이행,단일로,기타단일로,이륜차,이륜차,없음,없음,943618.0,1755965.0,126.8760078,35.79850807
2018,2018081105,20,야,토,1,1,0,0,0,전북,김제시,차대차,추돌,추돌,운전자법규위반,안전운전 의무 불이행,단일로,기타단일로,승용차,승용차,자전거,자전거,954426.0,1748600.0,126.9960367,35.7326669
2018,2018082414,8,주,금,1,1,0,0,0,전북,김제시,차대차,측면충돌,측면충돌,운전자법규위반,신호위반,교차로,교차로내,개인형이동수단(PM),개인형이동수단(PM),화물차,화물차,947282.0,1759031.0,126.9163539,35.82635399
2018,2018102116,10,주,일,1,1,0,0,0,전북,김제시,차대사람,기타,기타,운전자법규위반,안전운전 의무 불이행,단일로,기타단일로,화물차,화물차,보행자,보행자,955085.0,1755203.0,127.0029536,35.79222959
2018,2018101916,13,주,금,1,1,0,0,0,전북,남원시,차대사람,기타,기타,운전자법규위반,안전운전 의무 불이행,기타,기타,승용차,승용차,보행자,보행자,988878.9,1712308.2,127.3775185,35.40643191
2018,2018100912,50,주,화,1,1,0,0,0,전북,남원시,차대사람,횡단중,횡단중,운전자법규위반,안전운전 의무 불이행,교차로,교차로부근,화물차,화물차,보행자,보행자,989660.8,1712596.0,127.3861262,35.40903538
2018,2018080410,40,주,토,1,5,0,4,0,전북,남원시,차대차,정면충돌,정면충돌,운전자법규위반,중앙선 침범,단일로,기타단일로,승용차,승용차,승용차,승용차,1010490.0,1715087.0,127.6155667,35.43149464
2018,2018071911,20,주,목,1,1,0,0,0,전북,남원시,차대차,측면충돌,측면충돌,운전자법규위반,신호위반,교차로,교차로내,자전거,자전거,승용차,승용차,988795.0,1712728.0,127.3765887,35.41021623
2018,2018121917,53,주,수,2,2,0,0,0,전북,고창군,차대차,추돌,추돌,운전자법규위반,안전운전 의무 불이행,교차로,교차로내,승합차,승합차,화물차,화물차,918734.3,1716624.0,126.6046026,35.44208842
2018,2018061412,25,주,목,1,1,0,0,0,전북,부안군,차대사람,횡단중,횡단중,운전자법규위반,과속,단일로,기타단일로,화물차,화물차,보행자,보행자,929042.0,1746711.0,126.7155235,35.71413359
2018,2018101918,40,야,금,1,2,1,0,0,전북,부안군,차대차,추돌,추돌,운전자법규위반,안전운전 의무 불이행,단일로,기타단일로,화물차,화물차,농기계,농기계,933366.6,1746153.9,126.7633767,35.70941313
2018,2018112905,0,야,목,1,1,0,0,0,전북,순창군,차량단독,공작물충돌,공작물충돌,운전자법규위반,안전운전 의무 불이행,교차로,교차로부근,화물차,화물차,없음,없음,972134.6,1710913.1,127.1931555,35.39352493
2018,2018050606,10,주,일,1,1,0,0,0,전북,순창군,차량단독,도로이탈,도로이탈 기타,운전자법규위반,안전운전 의무 불이행,단일로,기타단일로,승용차,승용차,없음,없음,961512.1,1706480.3,127.0763954,35.35320226
2018,2018030809,50,주,목,1,1,0,0,0,전북,무주군,차량단독,도로이탈,도로이탈 추락,운전자법규위반,안전운전 의무 불이행,단일로,지하차도(도로)내,농기계,농기계,없음,없음,1015214.8,1771302.7,127.6686826,35.93829566
2018,2018012706,45,주,토,1,6,2,3,0,전북,무주군,차대차,추돌,추돌,운전자법규위반,과속,단일로,기타단일로,화물차,화물차,화물차,화물차,1013258.0,1763079.0,127.6468511,35.86417878
2018,2018060807,15,주,금,1,1,0,0,0,충남,당진시,차량단독,전도,전도,운전자법규위반,안전운전 의무 불이행,기타,기타,특수차,특수차,없음,없음,936790.0,1882341.0,126.7901714,36.93733446
2018,2018072104,20,야,토,1,2,1,0,0,전남,목포시,차대차,기타,기타,운전자법규위반,부당한 회전,교차로,교차로횡단보도내,자전거,자전거,이륜차,이륜차,897493.0,1645746.0,126.3793857,34.8011242
2018,2018081808,30,주,토,1,1,0,0,0,전남,신안군,차대사람,기타,기타,운전자법규위반,안전운전 의무 불이행,단일로,기타단일로,승용차,승용차,보행자,보행자,876646.0,1652749.0,126.1505062,34.86194598
2018,2018031711,50,주,토,1,1,0,0,0,전남,목포시,차대사람,기타,기타,운전자법규위반,안전운전 의무 불이행,교차로,교차로내,화물차,화물차,보행자,보행자,901056.0,1646864.0,126.4181987,34.81155662
2018,2018052211,7,주,화,1,1,0,0,0,전남,신안군,차량단독,도로이탈,도로이탈 추락,운전자법규위반,안전운전 의무 불이행,단일로,기타단일로,농기계,농기계,없음,없음,884301.0,1672307.0,126.2315196,35.03916772
2018,2018082310,8,주,목,1,3,0,2,0,전남,여수시,차대차,추돌,추돌,운전자법규위반,안전운전 의무 불이행,교차로,교차로내,승용차,승용차,승용차,승용차,1014179.0,1641694.0,127.6549504,34.76964527
2018,2018121317,50,주,목,1,1,0,0,0,전남,여수시,차대사람,횡단중,횡단중,운전자법규위반,안전운전 의무 불이행,단일로,기타단일로,화물차,화물차,보행자,보행자,1014658.0,1643520.7,127.6602168,34.7861112
2018,2018041122,20,야,수,1,1,0,0,0,전남,여수시,차대사람,횡단중,횡단중,운전자법규위반,신호위반,단일로,기타단일로,승용차,승용차,보행자,보행자,1014154.7,1642026.7,127.6546905,34.77264581
2018,2018042821,29,야,토,1,1,0,0,0,전남,여수시,차대차,측면충돌,측면충돌,운전자법규위반,신호위반,교차로,교차로내,원동기장치자전거,원동기장치자전거,승용차,승용차,1016858.0,1638887.0,127.6841706,34.74429165
2018,2018012310,30,주,화,1,9,2,6,0,전남,여수시,차대차,측면충돌,측면충돌,운전자법규위반,중앙선 침범,단일로,기타단일로,승용차,승용차,승합차,승합차,1020169.0,1640240.5,127.7203749,34.7564371