발생년,발생년월일시,발생분,주야,요일,사망자수,사상자수,중상자수,경상자수,부상신고자수,발생지시도,발생지시군구,사고유형_대분류,사고유형_중분류,사고유형,법규위반_대분류,법규위반,도로형태_대분류,도로형태,가해자_당사자종별_대분류,가해자_당사자종별,피해자_당사자종별_대분류,피해자_당사자종별,발생위치X_UTMK,발생위치Y_UTMK,경도,위도
2018,2018122304,40,야,일,1,1,0,0,0,전남,순천시,차대사람,기타,기타,운전자법규위반,과속,단일로,기타단일로,승용차,승용차,보행자,보행자,998938.0,1660615.0,127.4883703,34.94036641
2018,2018050305,49,야,목,1,2,0,1,0,전남,순천시,차대차,기타,기타,운전자법규위반,중앙선 침범,단일로,기타단일로,승용차,승용차,승용차,승용차,1000188.0,1661477.0,127.5020589,34.94814005
2018,2018081005,46,야,금,1,1,0,0,0,전남,순천시,차대사람,횡단중,횡단중,운전자법규위반,안전운전 의무 불이행,교차로,교차로횡단보도내,승용차,승용차,보행자,보행자,999283.0,1661561.0,127.4921475,34.94889729
2018,2018110519,45,야,월,1,1,0,0,0,전남,나주시,차대사람,길가장자리구역통행중,길가장자리구역통행중,운전자법규위반,안전운전 의무 불이행,단일로,기타단일로,화물차,화물차,보행자,보행자,937216.2,1671140.9,126.8116973,35.03333166
2018,2018080415,47,주,토,1,1,0,0,0,전남,나주시,차대차,측면충돌,측면충돌,운전자법규위반,안전운전 의무 불이행,단일로,기타단일로,화물차,화물차,이륜차,이륜차,929615.6,1670311.1,126.7284481,35.02534847
2018,2018030219,58,야,금,1,2,0,1,0,전남,나주시,차대사람,기타,기타,운전자법규위반,안전운전 의무 불이행,단일로,기타단일로,승용차,승용차,보행자,보행자,937534.0,1671927.1,126.815122,35.04044034
2018,2018012619,0,야,금,1,1,0,0,0,전남,나주시,차대사람,횡단중,횡단중,운전자법규위반,보행자 보호의무 위반,교차로,교차로횡단보도내,승합차,승합차,보행자,보행자,928272.0,1667159.0,126.7139928,34.9968328
2018,2018012618,40,야,금,1,1,0,0,0,전남,장흥군,차량단독,공작물충돌,공작물충돌,운전자법규위반,안전운전 의무 불이행,단일로,기타단일로,승용차,승용차,없음,없음,950537.9,1629536.3,126.9601927,34.65891242
2018,2018091709,55,주,월,1,2,0,1,0,전남,고흥군,차량단독,기타,기타,운전자법규위반,안전운전 의무 불이행,단일로,기타단일로,사륜오토바이(ATV),사륜오토바이(ATV),없음,없음,1000830.0,1606693.0,127.5090361,34.4541039
2018,2018090607,4,주,목,1,1,0,0,0,전남,해남군,차대차,측면충돌,측면충돌,운전자법규위반,과속,단일로,기타단일로,승합차,승합차,사륜오토바이(ATV),사륜오토바이(ATV),921146.0,1604352.0,126.6417829,34.42998108
2018,2018110911,0,주,금,1,1,0,0,0,전남,해남군,차대차,정면충돌,정면충돌,운전자법규위반,안전운전 의무 불이행,교차로,교차로내,화물차,화물차,자전거,자전거,910759.0,1597868.0,126.5294236,34.37066914
2018,2018031709,40,주,토,1,1,0,0,0,전남,영광군,차대사람,횡단중,횡단중,운전자법규위반,안전운전 의무 불이행,단일로,기타단일로,승합차,승합차,보행자,보행자,909193.0,1698292.0,126.5015256,35.27599036
2018,2018041719,51,야,화,1,3,0,2,0,전남,영광군,차대차,추돌,추돌,운전자법규위반,과속,단일로,기타단일로,승용차,승용차,농기계,농기계,905485.0,1706605.0,126.4598007,35.35059275
2018,2018022613,30,주,월,1,2,1,0,0,전남,함평군,차량단독,도로이탈,도로이탈 추락,운전자법규위반,안전운전 의무 불이행,단일로,교량위,승용차,승용차,없음,없음,910645.3,1669606.6,126.5205961,35.01749647
2018,2018062009,35,주,수,1,1,0,0,0,전남,영암군,차대사람,차도통행중,차도통행중,운전자법규위반,안전운전 의무 불이행,단일로,교량위,화물차,화물차,보행자,보행자,926693.0,1647091.0,126.6984517,34.81577252
2018,2018012818,0,야,일,1,1,0,0,0,전남,영암군,차량단독,도로이탈,도로이탈 추락,운전자법규위반,안전운전 의무 불이행,단일로,기타단일로,원동기장치자전거,원동기장치자전거,없음,없음,929740.0,1647134.0,126.7317617,34.81637515
2018,2018122919,10,야,토,1,1,0,0,0,전남,영암군,차대차,기타,기타,운전자법규위반,신호위반,교차로,교차로내,승합차,승합차,원동기장치자전거,원동기장치자전거,925505.0,1645225.0,126.6856287,34.79886089
2018,2018050213,17,주,수,1,1,0,0,0,전남,장성군,차량단독,기타,기타,운전자법규위반,안전운전 의무 불이행,단일로,기타단일로,사륜오토바이(ATV),사륜오토바이(ATV),없음,없음,928765.0,1698703.0,126.7166748,35.28128073
2018,2018090605,30,야,목,1,1,0,0,0,전남,강진군,차대사람,횡단중,횡단중,운전자법규위반,안전운전 의무 불이행,단일로,기타단일로,승용차,승용차,보행자,보행자,928119.0,1638023.0,126.7148175,34.73410875
2018,2018060114,5,주,금,1,1,0,0,0,전남,담양군,차대차,기타,기타,운전자법규위반,안전운전 의무 불이행,단일로,기타단일로,승용차,승용차,자전거,자전거,949334.0,1701118.0,126.9426981,35.3043089
2018,2018122218,30,야,토,1,1,0,0,0,전남,곡성군,차대사람,길가장자리구역통행중,길가장자리구역통행중,운전자법규위반,안전운전 의무 불이행,단일로,기타단일로,화물차,화물차,보행자,보행자,981886.6,1699826.7,127.3007861,35.29378528
2018,2018120718,37,야,금,1,1,0,0,0,전남,완도군,차대사람,차도통행중,차도통행중,운전자법규위반,안전운전 의무 불이행,단일로,기타단일로,승용차,승용차,보행자,보행자,929207.0,1593611.0,126.7303951,34.33370786
2018,2018112423,12,야,토,1,1,0,0,0,전남,완도군,차량단독,공작물충돌,공작물충돌,운전자법규위반,안전운전 의무 불이행,단일로,기타단일로,이륜차,이륜차,없음,없음,957166.0,1595352.7,127.0342444,34.35094775
2018,2018082521,20,야,토,1,4,1,2,0,전남,완도군,차대차,정면충돌,정면충돌,운전자법규위반,중앙선 침범,단일로,기타단일로,승용차,승용차,승용차,승용차,923999.2,1599214.3,126.673289,34.38386646
2018,2018092019,0,야,목,1,1,0,0,0,전남,완도군,차량단독,전도,전도,운전자법규위반,안전운전 의무 불이행,단일로,기타단일로,원동기장치자전거,원동기장치자전거,없음,없음,944026.2,1575300.1,126.8926761,34.16948594
2018,2018021309,55,주,화,1,1,0,0,0,전남,완도군,차대사람,횡단중,횡단중,운전자법규위반,안전운전 의무 불이행,단일로,기타단일로,화물차,화물차,보행자,보행자,914597.0,1576219.1,126.5733048,34.17577769
2018,2018071410,0,주,토,1,1,0,0,0,전남,완도군,차량단독,전도,전도,운전자법규위반,안전운전 의무 불이행,단일로,기타단일로,화물차,화물차,없음,없음,926480.2,1590533.9,126.701017,34.30577001
2018,2018070110,5,주,일,1,1,0,0,0,전남,무안군,차량단독,도로이탈,도로이탈 기타,운전자법규위반,안전운전 의무 불이행,단일로,기타단일로,화물차,화물차,없음,없음,902010.2,1663907.9,126.4266331,34.96531712
2018,2018103123,30,야,수,1,1,0,0,0,전남,무안군,차량단독,공작물충돌,공작물충돌,운전자법규위반,안전운전 의무 불이행,교차로,교차로부근,승용차,승용차,없음,없음,908459.8,1665577.4,126.4970877,34.98097331
2018,2018082119,17,야,화,1,1,0,0,0,전남,광양시,차량단독,기타,기타,운전자법규위반,안전운전 의무 불이행,단일로,기타단일로,화물차,화물차,없음,없음,1018354.0,1664904.0,127.7010843,34.97887653
2018,2018102320,20,야,화,1,1,0,0,0,전남,광양시,차량단독,기타,기타,운전자법규위반,안전운전 의무 불이행,단일로,기타단일로,이륜차,이륜차,없음,없음,1024276.0,1660717.4,127.7658425,34.94099949
2018,2018122718,47,야,목,1,1,0,0,0,전남,광양시,차대사람,기타,기타,운전자법규위반,안전운전 의무 불이행,단일로,기타단일로,승용차,승용차,보행자,보행자,1005712.0,1665799.0,127.5625863,34.98709753
2018,2018021916,40,주,월,1,1,0,0,0,전남,구례군,차량단독,기타,기타,운전자법규위반,안전운전 의무 불이행,단일로,기타단일로,사륜오토바이(ATV),사륜오토바이(ATV),없음,없음,991547.0,1696783.0,127.4070638,35.26646853
2018,2018042015,0,주,금,1,1,0,0,0,전남,구례군,차량단독,전복,전복,운전자법규위반,안전운전 의무 불이행,기타,기타,이륜차,이륜차,없음,없음,994514.0,1702641.0,127.4396451,35.31931077
2018,2018111206,30,주,월,1,2,0,0,1,전남,순천시,차대차,기타,기타,운전자법규위반,안전운전 의무 불이행,단일로,기타단일로,승용차,승용차,화물차,화물차,993859.0,1653225.0,127.4328057,34.87370848
2018,2018040913,27,주,월,1,1,0,0,0,경북,경주시,차대차,측면충돌,측면충돌,운전자법규위반,철길건널목 통과방법위반,교차로,교차로부근,화물차,화물차,기타,기타,1158804.0,1777966.0,129.2615825,35.98555529
2018,2018071820,38,야,수,1,3,2,0,0,경북,경주시,차대차,정면충돌,정면충돌,운전자법규위반,중앙선 침범,단일로,기타단일로,승용차,승용차,승합차,승합차,1180026.0,1757080.0,129.4921519,35.79367255
2018,2018070516,42,주,목,1,1,0,0,0,경북,경주시,차대차,측면충돌,측면충돌,운전자법규위반,안전운전 의무 불이행,교차로,교차로횡단보도내,이륜차,이륜차,승합차,승합차,1154212.0,1761642.0,129.2075,35.83917955
2018,2018122615,2,주,수,1,4,3,0,0,경북,경주시,차대차,정면충돌,정면충돌,운전자법규위반,중앙선 침범,단일로,터널안,화물차,화물차,승용차,승용차,1177268.0,1749102.0,129.4598838,35.7222844
2018,2018080702,24,야,화,1,2,1,0,0,경북,경주시,차량단독,공작물충돌,공작물충돌,운전자법규위반,안전운전 의무 불이행,단일로,지하차도(도로)내,화물차,화물차,없음,없음,1158019.0,1777928.0,129.2528707,35.98534036
2018,2018092618,0,야,수,1,1,0,0,0,경북,경주시,차량단독,공작물충돌,공작물충돌,운전자법규위반,안전운전 의무 불이행,단일로,기타단일로,화물차,화물차,없음,없음,1138774.0,1749741.0,129.0345584,35.73422266
2018,2018082305,20,야,목,1,1,0,0,0,경북,포항시,차대사람,기타,기타,운전자법규위반,안전운전 의무 불이행,교차로,교차로내,승용차,승용차,보행자,보행자,1170800.0,1788913.0,129.3969533,36.08217086
2018,2018090604,35,야,목,1,1,0,0,0,경북,포항시,차대사람,횡단중,횡단중,운전자법규위반,안전운전 의무 불이행,단일로,기타단일로,승용차,승용차,보행자,보행자,1167486.0,1785416.0,129.3594228,36.05123596
2018,2018012207,18,주,월,1,1,0,0,0,경북,포항시,차대사람,횡단중,횡단중,운전자법규위반,안전운전 의무 불이행,단일로,기타단일로,승용차,승용차,보행자,보행자,1168186.0,1783815.0,129.3668497,36.03668846
2018,2018021304,16,야,화,1,1,0,0,0,경북,포항시,차량단독,공작물충돌,공작물충돌,운전자법규위반,안전운전 의무 불이행,단일로,기타단일로,승용차,승용차,없음,없음,1168041.0,1783658.0,129.3652076,36.03529876
2018,2018102612,20,주,금,1,1,0,0,0,경북,안동시,차대차,추돌,추돌,운전자법규위반,안전운전 의무 불이행,단일로,기타단일로,승용차,승용차,농기계,농기계,1104127.0,1831057.0,128.6622625,36.47147681
2018,2018071317,37,주,금,1,3,1,1,0,경북,안동시,차량단독,도로이탈,도로이탈 추락,운전자법규위반,안전운전 의무 불이행,단일로,기타단일로,화물차,화물차,없음,없음,1113489.0,1857044.0,128.7705724,36.70463013
2018,2018092412,35,주,월,1,1,0,0,0,경북,안동시,차량단독,도로이탈,도로이탈 추락,운전자법규위반,안전운전 의무 불이행,단일로,기타단일로,이륜차,이륜차,없음,없음,1104243.0,1827455.0,128.6630721,36.43899795
2018,2018062816,10,주,목,1,1,0,0,0,경북,김천시,차대차,측면충돌,측면충돌,운전자법규위반,안전운전 의무 불이행,단일로,기타단일로,화물차,화물차,건설기계,건설기계,1060946.0,1790185.0,128.1771277,36.10674185
2018,2018110316,50,주,토,1,1,0,0,0,경북,김천시,차량단독,전복,전복,운전자법규위반,안전운전 의무 불이행,교차로,교차로내,이륜차,이륜차,없음,없음,1069568.0,1791379.0,128.2730187,36.11692607
2018,2018113006,20,주,금,1,1,0,0,0,경북,상주시,차대사람,길가장자리구역통행중,길가장자리구역통행중,운전자법규위반,안전운전 의무 불이행,교차로,교차로내,화물차,화물차,보행자,보행자,1065178.0,1827677.0,128.2272715,36.44444992
2018,2018021313,48,주,화,1,2,1,0,0,경북,상주시,차대차,추돌,추돌,운전자법규위반,안전거리 미확보,단일로,기타단일로,화물차,화물차,화물차,화물차,1066928.0,1823164.0,128.2464074,36.40364676
2018,2018022304,30,야,금,1,1,0,0,0,경북,상주시,차대차,추돌,추돌,운전자법규위반,안전운전 의무 불이행,단일로,기타단일로,화물차,화물차,특수차,특수차,1058274.0,1818918.0,128.1495821,36.36593418
2018,2018022708,58,주,화,1,1,0,0,0,경북,상주시,차대사람,횡단중,횡단중,운전자법규위반,안전운전 의무 불이행,단일로,기타단일로,화물차,화물차,보행자,보행자,1060294.0,1824540.0,128.1725342,36.41649046
2018,2018052514,28,주,금,1,2,1,0,0,경북,상주시,차대차,측면충돌,측면충돌,운전자법규위반,교차로 통행방법 위반,교차로,교차로내,특수차,특수차,이륜차,이륜차,1047643.0,1822357.0,128.031294,36.39752221
2018,2018100810,0,주,월,1,1,0,0,0,경북,상주시,차대사람,횡단중,횡단중,운전자법규위반,안전운전 의무 불이행,단일로,기타단일로,승용차,승용차,보행자,보행자,1041008.0,1827679.0,127.9575871,36.44580636
2018,2018012914,55,주,월,1,1,0,0,0,경북,의성군,차대차,측면충돌,측면충돌,운전자법규위반,안전운전 의무 불이행,교차로,교차로부근,이륜차,이륜차,화물차,화물차,1107208.0,1817897.0,128.6948276,36.35252122
2018,2018091920,25,야,수,1,1,0,0,0,경북,영주시,차대사람,횡단중,횡단중,운전자법규위반,안전운전 의무 불이행,교차로,교차로부근,승용차,승용차,보행자,보행자,1100507.0,1868205.0,128.6267292,36.80668721
2018,2018092512,5,주,화,1,1,0,0,0,경북,영주시,차량단독,전도,전도,운전자법규위반,안전운전 의무 불이행,단일로,기타단일로,이륜차,이륜차,없음,없음,1108851.0,1859086.0,128.7189491,36.72357712
2018,2018083116,26,주,금,1,1,0,0,0,경북,칠곡군,차대사람,횡단중,횡단중,운전자법규위반,보행자 보호의무 위반,교차로,교차로횡단보도내,승용차,승용차,보행자,보행자,1090913.0,1784135.0,128.5093336,36.04986061
2018,2018110111,40,주,목,1,2,0,1,0,경북,칠곡군,차대차,정면충돌,정면충돌,운전자법규위반,중앙선 침범,단일로,기타단일로,이륜차,이륜차,승용차,승용차,1088603.0,1785381.0,128.4838308,36.06130587
2018,2018121004,50,야,월,1,1,0,0,0,경북,영천시,차량단독,전복,전복,운전자법규위반,안전운전 의무 불이행,교차로,교차로부근,화물차,화물차,없음,없음,1132771.0,1780222.0,128.9732758,36.00978094
2018,2018121511,30,주,토,1,1,0,0,0,경북,문경시,차대사람,차도통행중,차도통행중,운전자법규위반,보행자 보호의무 위반,교차로,교차로내,화물차,화물차,보행자,보행자,1054843.0,1858214.0,128.1141343,36.72037397
2018,2018031309,55,주,화,1,1,0,0,0,경북,문경시,차대차,측면충돌,측면충돌,운전자법규위반,안전운전 의무 불이행,교차로,교차로내,화물차,화물차,이륜차,이륜차,1059418.0,1847205.0,128.1645085,36.62085996
2018,2018112714,19,주,화,1,1,0,0,0,경북,경산시,차대차,정면충돌,정면충돌,운전자법규위반,중앙선 침범,단일로,교량위,승합차,승합차,화물차,화물차,1119451.0,1768816.0,128.8237926,35.90869628
2018,2018102306,5,주,화,1,1,0,0,0,경북,경산시,차대사람,횡단중,횡단중,운전자법규위반,안전운전 의무 불이행,교차로,교차로내,승용차,승용차,보행자,보행자,1111960.0,1757105.0,128.739149,35.80401928
2018,2018122518,25,야,화,1,1,0,0,0,경북,경산시,차대차,측면충돌,측면충돌,운전자법규위반,안전운전 의무 불이행,교차로,교차로부근,승용차,승용차,화물차,화물차,1111249.0,1757767.0,128.7313735,35.81006749
2018,2018031618,59,야,금,1,1,0,0,0,경북,경산시,차대사람,횡단중,횡단중,운전자법규위반,안전운전 의무 불이행,단일로,기타단일로,승합차,승합차,보행자,보행자,1119351.0,1767464.0,128.8224818,35.89652199
2018,2018011611,49,주,화,1,2,1,0,0,경북,경산시,차대차,기타,기타,운전자법규위반,교차로 통행방법 위반,교차로,교차로내,승용차,승용차,승용차,승용차,1118925.0,1769762.0,128.8181061,35.91728734
2018,2018012610,47,주,금,1,2,0,1,0,경북,봉화군,차대차,정면충돌,정면충돌,운전자법규위반,중앙선 침범,단일로,기타단일로,승용차,승용차,승합차,승합차,1132911.0,1885170.0,128.9928683,36.95557246
2018,2018021118,59,야,일,1,1,0,0,0,경북,청도군,차대사람,차도통행중,차도통행중,운전자법규위반,안전운전 의무 불이행,단일로,기타단일로,승용차,승용차,보행자,보행자,1114620.0,1734234.0,128.7653209,35.59754887
2018,2018122213,35,주,토,1,2,1,0,0,경북,청도군,차대차,정면충돌,정면충돌,운전자법규위반,중앙선 침범,교차로,교차로부근,화물차,화물차,화물차,화물차,1117469.0,1744824.0,128.7983084,35.69267452
2018,2018020122,29,야,목,3,4,1,0,0,경북,울진군,차대차,정면충돌,정면충돌,운전자법규위반,중앙선 침범,단일로,기타단일로,승용차,승용차,승용차,승용차,1166875.0,1898809.0,129.3772091,37.07304659
2018,2018110413,10,주,일,1,1,0,0,0,경북,청송군,차량단독,도로이탈,도로이탈 추락,운전자법규위반,안전운전 의무 불이행,단일로,기타단일로,승용차,승용차,없음,없음,1145728.0,1811375.0,129.1227768,36.28868321
2018,2018072811,25,주,토,1,8,2,5,0,경북,청송군,차대차,정면충돌,정면충돌,운전자법규위반,중앙선 침범,단일로,기타단일로,화물차,화물차,승합차,승합차,1140937.0,1820475.0,129.0710903,36.37140493
2018,2018120606,50,주,목,1,3,2,0,0,경북,구미시,차대차,기타,기타,운전자법규위반,안전운전 의무 불이행,단일로,기타단일로,화물차,화물차,건설기계,건설기계,1076087.0,1805377.0,128.3468061,36.24262439
2018,2018070105,11,야,일,1,1,0,0,0,경북,구미시,차대사람,횡단중,횡단중,운전자법규위반,안전운전 의무 불이행,단일로,기타단일로,승용차,승용차,보행자,보행자,1073896.0,1793733.0,128.3213269,36.13782702
2018,2018121912,0,주,수,1,1,0,0,0,경북,구미시,차대차,측면충돌,측면충돌,운전자법규위반,안전운전 의무 불이행,단일로,기타단일로,화물차,화물차,자전거,자전거,1073880.0,1793745.0,128.3211502,36.13793642
2018,2018053023,26,야,수,1,1,0,0,0,경북,구미시,차량단독,기타,기타,운전자법규위반,안전운전 의무 불이행,단일로,기타단일로,이륜차,이륜차,없음,없음,1080358.0,1793026.0,128.3930699,36.13093965
2018,2018121313,30,주,목,1,1,0,0,0,경북,구미시,차대사람,횡단중,횡단중,운전자법규위반,보행자 보호의무 위반,교차로,교차로내,승합차,승합차,보행자,보행자,1074137.0,1793079.0,128.3239437,36.13191294
2018,2018010714,38,주,일,1,1,0,0,0,경북,구미시,차량단독,공작물충돌,공작물충돌,운전자법규위반,안전운전 의무 불이행,교차로,교차로부근,승용차,승용차,없음,없음,1073450.0,1804247.0,128.3173545,36.23264195
2018,2018030622,40,야,화,1,1,0,0,0,경북,구미시,차대사람,횡단중,횡단중,운전자법규위반,안전운전 의무 불이행,단일로,기타단일로,승용차,승용차,보행자,보행자,1081965.0,1788625.0,128.4104695,36.09113176
2018,2018011706,35,주,수,1,1,0,0,0,경북,포항시,차대사람,횡단중,횡단중,운전자법규위반,안전운전 의무 불이행,단일로,기타단일로,화물차,화물차,보행자,보행자,1173873.0,1778793.0,129.42884,35.99043698
2018,2018051009,33,주,목,1,1,0,0,0,경북,포항시,차대사람,차도통행중,차도통행중,운전자법규위반,안전운전 의무 불이행,단일로,기타단일로,승용차,승용차,보행자,보행자,1177958.0,1778759.0,129.474125,35.9893936
2018,2018091202,44,야,수,1,1,0,0,0,경북,포항시,차대사람,기타,기타,운전자법규위반,과속,단일로,기타단일로,승용차,승용차,보행자,보행자,1169379.0,1778934.0,129.3790409,35.99249862
2018,2018081401,20,야,화,1,2,1,0,0,경북,영천시,차대사람,기타,기타,운전자법규위반,과속,단일로,기타단일로,승용차,승용차,보행자,보행자,1118801.0,1782844.0,128.8186924,36.03521819
2018,2018100108,25,주,월,1,2,0,1,0,경북,구미시,차량단독,공작물충돌,공작물충돌,운전자법규위반,안전운전 의무 불이행,단일로,기타단일로,화물차,화물차,없음,없음,1074436.0,1812596.0,128.329121,36.30782931
2018,2018122605,58,야,수,1,2,0,0,1,대구,북구,차대차,기타,기타,운전자법규위반,안전운전 의무 불이행,단일로,기타단일로,특수차,특수차,승용차,승용차,1097608.0,1768684.0,128.5817486,35.90993097
2018,2018060418,35,야,월,1,2,1,0,0,경북,김천시,차대차,기타,기타,운전자법규위반,안전운전 의무 불이행,단일로,기타단일로,승용차,승용차,화물차,화물차,1064470.0,1795994.0,128.2167537,36.15888255
2018,2018121805,10,야,화,1,1,0,0,0,경북,문경시,차대차,추돌,추돌,운전자법규위반,안전운전 의무 불이행,단일로,기타단일로,화물차,화물차,화물차,화물차,1057530.0,1850244.0,128.1436228,36.64837065
2018,2018051819,30,야,금,1,1,0,0,0,경남,창원시(통합),차대차,기타,기타,운전자법규위반,안전운전 의무 불이행,기타,기타,이륜차,이륜차,승용차,승용차,1096030.0,1686167.0,128.5544807,35.16618889
2018,2018090209,45,주,일,1,1,0,0,0,경남,진주시,차대차,측면충돌,측면충돌,운전자법규위반,안전운전 의무 불이행,단일로,기타단일로,승용차,승용차,이륜차,이륜차,1056202.0,1688247.0,128.1173121,35.18796097
2018,2018102911,20,주,월,1,2,1,0,0,경남,진주시,차대차,추돌,추돌,운전자법규위반,안전운전 의무 불이행,단일로,기타단일로,화물차,화물차,승용차,승용차,1058804.0,1687503.0,128.1458373,35.18110358
2018,2018101915,50,주,금,1,1,0,0,0,경남,진주시,차대차,기타,기타,운전자법규위반,신호위반,교차로,교차로부근,승용차,승용차,이륜차,이륜차,1053223.0,1688818.0,128.0846297,35.19327186
2018,2018080310,10,주,금,1,1,0,0,0,경남,진주시,차대차,정면충돌,정면충돌,운전자법규위반,중앙선 침범,단일로,기타단일로,화물차,화물차,화물차,화물차,1044247.0,1694001.0,127.9863147,35.24044173
2018,2018032314,5,주,금,1,1,0,0,0,경남,진주시,차대사람,횡단중,횡단중,운전자법규위반,보행자 보호의무 위반,단일로,기타단일로,승합차,승합차,보행자,보행자,1054028.0,1686764.0,128.0933372,35.17470858
2018,2018071616,47,주,월,1,1,0,0,0,경남,창원시(통합),차대사람,길가장자리구역통행중,길가장자리구역통행중,운전자법규위반,안전운전 의무 불이행,단일로,기타단일로,승합차,승합차,보행자,보행자,1117101.0,1681902.0,128.7852041,35.12550544
2018,2018092820,40,야,금,1,1,0,0,0,경남,창원시(통합),차량단독,공작물충돌,공작물충돌,운전자법규위반,안전운전 의무 불이행,교차로,교차로부근,특수차,특수차,없음,없음,1116165.0,1677214.0,128.7742756,35.08335138
2018,2018031515,20,주,목,1,1,0,0,0,경남,창원시(통합),차대사람,보도통행중,보도통행중,운전자법규위반,보행자 보호의무 위반,교차로,교차로횡단보도내,특수차,특수차,보행자,보행자,1119191.0,1679623.0,128.8078086,35.10471507
2018,2018120214,20,주,일,1,1,0,0,0,경남,통영시,차대차,기타,기타,운전자법규위반,안전거리 미확보,단일로,기타단일로,승용차,승용차,이륜차,이륜차,1078531.0,1659404.0,128.3598177,34.92640446
2018,2018071704,30,야,화,1,1,0,0,0,경남,통영시,차대사람,기타,기타,운전자법규위반,안전운전 의무 불이행,단일로,기타단일로,화물차,화물차,보행자,보행자,1084185.0,1652421.0,128.4210122,34.86298894
2018,2018060321,10,야,일,1,2,0,1,0,경남,통영시,차대사람,횡단중,횡단중,운전자법규위반,보행자 보호의무 위반,교차로,교차로횡단보도내,승용차,승용차,보행자,보행자,1084510.0,1650394.0,128.4243629,34.84468556
2018,2018033017,30,주,금,1,1,0,0,0,경남,통영시,차대차,측면충돌,측면충돌,운전자법규위반,부당한 회전,교차로,교차로내,이륜차,이륜차,승용차,승용차,1083932.0,1649985.0,128.4180006,34.84104568
2018,2018060304,26,야,일,1,1,0,0,0,경남,사천시,차대사람,횡단중,횡단중,운전자법규위반,보행자 보호의무 위반,교차로,교차로횡단보도내,승용차,승용차,보행자,보행자,1053403.0,1659619.0,128.0847265,34.92997849
2018,2018041210,0,주,목,1,1,0,0,0,경남,사천시,차대사람,횡단중,횡단중,운전자법규위반,안전운전 의무 불이행,기타,기타,화물차,화물차,보행자,보행자,1049737.0,1667296.0,128.0450462,34.99938919
2018,2018010409,13,주,목,1,1,0,0,0,경남,김해시,차대사람,길가장자리구역통행중,길가장자리구역통행중,운전자법규위반,안전운전 의무 불이행,단일로,기타단일로,승용차,승용차,보행자,보행자,1123276.0,1693862.0,128.8547475,35.23258315
2018,2018012223,29,야,월,1,1,0,0,0,경남,합천군,차대차,추돌,추돌,운전자법규위반,안전운전 의무 불이행,단일로,기타단일로,승용차,승용차,자전거,자전거,1060160.0,1729859.0,128.1638492,35.56291692
2018,2018033112,53,주,토,1,7,2,4,0,경남,창녕군,차대차,정면충돌,정면충돌,운전자법규위반,중앙선 침범,단일로,기타단일로,승용차,승용차,승합차,승합차,1092447.0,1719117.0,128.5188615,35.46358722
2018,2018101118,59,야,목,1,1,0,0,0,경남,창녕군,차대차,측면충돌,측면충돌,운전자법규위반,안전운전 의무 불이행,교차로,교차로내,화물차,화물차,화물차,화물차,1103679.0,1715288.0,128.6421412,35.4279606
2018,2018050716,40,주,월,2,2,0,0,0,경남,함양군,차량단독,공작물충돌,공작물충돌,운전자법규위반,안전운전 의무 불이행,단일로,기타단일로,화물차,화물차,없음,없음,1012404.0,1730733.0,127.6368921,35.57254738
2018,2018061413,0,주,목,1,3,2,0,0,경남,양산시,차대차,추돌,추돌,운전자법규위반,안전운전 의무 불이행,단일로,기타단일로,승용차,승용차,승용차,승용차,1139538.0,1707019.0,129.0356444,35.34904546
2018,2018031119,5,야,일,1,1,0,0,0,경남,하동군,차대사람,기타,기타,운전자법규위반,안전운전 의무 불이행,단일로,기타단일로,화물차,화물차,보행자,보행자,1012083.0,1690180.0,127.632749,35.20689161
2018,2018110317,50,주,토,1,1,0,0,0,경남,하동군,차대사람,횡단중,횡단중,운전자법규위반,안전운전 의무 불이행,단일로,기타단일로,승용차,승용차,보행자,보행자,1037119.0,1669593.0,127.9068772,35.02064377
2018,2018120917,50,주,일,1,1,0,0,0,경남,하동군,차대차,기타,기타,운전자법규위반,안전운전 의무 불이행,단일로,기타단일로,승용차,승용차,화물차,화물차,1035651.0,1670575.0,127.8908283,35.02955154
2018,2018091905,47,야,수,1,1,0,0,0,경남,거제시,차대사람,차도통행중,차도통행중,운전자법규위반,안전운전 의무 불이행,단일로,기타단일로,승합차,승합차,보행자,보행자,1089600.0,1652086.0,128.4802108,34.85950539
2018,2018071118,5,야,수,1,3,1,1,0,경남,남해군,차량단독,도로이탈,도로이탈 추락,운전자법규위반,안전운전 의무 불이행,단일로,기타단일로,화물차,화물차,없음,없음,1051353.0,1649762.0,128.0616763,34.84120213